
> runner-live-market-scout@0.1.0 scout
> npm run build && node dist/cli.js start --api --port 8787


> runner-live-market-scout@0.1.0 build
> tsc -p tsconfig.json

Runner Scout API listening on http://127.0.0.1:8787
RUNNER LIVE MARKET SCOUT — Kalshi + Polymarket
Updated: 2026-09-29T00:18:53.641Z | persisted market events=39558 price events=39558
kalshi:UP 977ms
------------------------------------------------------------------------------------------------------------------------
PROVIDER       PROB     BID     ASK        LIQ        VOL SPORT   MARKET
kalshi        82.5%   80.0%   85.0%          0        757         Will Kylian Mbappe score at least 30 goals in the World Cup 
kalshi        17.5%   15.0%   20.0%          0      2,800         Will Kylian Mbappe score at least 35 goals in the World Cup 
kalshi         5.0%    4.0%    6.0%          0      3,080         Will Kylian Mbappe score at least 40 goals in the World Cup 
kalshi        49.5%    0.0%   99.0%          0          0 NFL     Derrick Henry: 14,000+ Rushing Yards
kalshi        49.5%    0.0%   99.0%          0          0 NFL     Derrick Henry: 15,000+ Rushing Yards
kalshi        49.5%    0.0%   99.0%          0          0 NFL     Derrick Henry: 16,000+ Rushing Yards
kalshi        49.5%    0.0%   99.0%          0          0 NFL     Derrick Henry: 17,000+ Rushing Yards
kalshi        49.5%    0.0%   99.0%          0          0 NFL     Derrick Henry: 18,000+ Rushing Yards
kalshi        49.5%    0.0%   99.0%          0          0 NFL     Derrick Henry: 18,356+ Rushing Yards
kalshi        49.5%    0.0%   99.0%          0          0 NFL     Mike Evans: 14,000+ Receiving Yards
kalshi        49.5%    0.0%   99.0%          0          0 NFL     Mike Evans: 15,000+ Receiving Yards
kalshi        49.5%    0.0%   99.0%          0          0 NFL     Mike Evans: 16,000+ Receiving Yards
kalshi        49.5%    0.0%   99.0%          0          0 NFL     Mike Evans: 17,000+ Receiving Yards
kalshi        49.5%    0.0%   99.0%          0          0 NFL     Mike Evans: 18,000+ Receiving Yards
kalshi        49.5%    0.0%   99.0%          0          0 NFL     Mike Evans: 19,000+ Receiving Yards
kalshi        49.5%    0.0%   99.0%          0          0 NFL     Mike Evans: 20,000+ Receiving Yards
kalshi        49.5%    0.0%   99.0%          0          0 NFL     Mike Evans: 21,000+ Receiving Yards
kalshi        49.5%    0.0%   99.0%          0          0 NFL     Mike Evans: 22,000+ Receiving Yards
kalshi        49.5%    0.0%   99.0%          0          0 NFL     Mike Evans: 22,896+ Receiving Yards
kalshi        96.5%   94.0%   99.0%          0          0 NFL     Patrick Mahomes: 40,000+ Passing Yards
kalshi        87.5%   83.0%   92.0%          0          0 NFL     Patrick Mahomes: 50,000+ Passing Yards
kalshi        63.5%   59.0%   68.0%          0          0 NFL     Patrick Mahomes: 60,000+ Passing Yards
kalshi        38.5%   34.0%   43.0%          0          0 NFL     Patrick Mahomes: 70,000+ Passing Yards
kalshi        16.5%   12.0%   21.0%          0          0 NFL     Patrick Mahomes: 80,000+ Passing Yards
kalshi         5.5%    1.0%   10.0%          0          0 NFL     Patrick Mahomes: 89,215+ Passing Yards
kalshi        49.5%    0.0%   99.0%          0          0 NFL     Josh Allen: 35,000+ Passing Yards
kalshi        49.5%    0.0%   99.0%          0          0 NFL     Josh Allen: 40,000+ Passing Yards
kalshi        49.5%    0.0%   99.0%          0          0 NFL     Josh Allen: 50,000+ Passing Yards
kalshi        49.5%    0.0%   99.0%          0          0 NFL     Josh Allen: 60,000+ Passing Yards
kalshi        49.5%    0.0%   99.0%          0          0 NFL     Josh Allen: 70,000+ Passing Yards
RUNNER LIVE MARKET SCOUT — Kalshi + Polymarket
Updated: 2026-09-29T00:19:24.883Z | persisted market events=39558 price events=39558
kalshi:UP 807ms
------------------------------------------------------------------------------------------------------------------------
PROVIDER       PROB     BID     ASK        LIQ        VOL SPORT   MARKET
kalshi        82.5%   80.0%   85.0%          0        757         Will Kylian Mbappe score at least 30 goals in the World Cup 
kalshi        17.5%   15.0%   20.0%          0      2,800         Will Kylian Mbappe score at least 35 goals in the World Cup 
kalshi         5.0%    4.0%    6.0%          0      3,080         Will Kylian Mbappe score at least 40 goals in the World Cup 
kalshi        49.5%    0.0%   99.0%          0          0 NFL     Derrick Henry: 14,000+ Rushing Yards
kalshi        49.5%    0.0%   99.0%          0          0 NFL     Derrick Henry: 15,000+ Rushing Yards
kalshi        49.5%    0.0%   99.0%          0          0 NFL     Derrick Henry: 16,000+ Rushing Yards
kalshi        49.5%    0.0%   99.0%          0          0 NFL     Derrick Henry: 17,000+ Rushing Yards
kalshi        49.5%    0.0%   99.0%          0          0 NFL     Derrick Henry: 18,000+ Rushing Yards
kalshi        49.5%    0.0%   99.0%          0          0 NFL     Derrick Henry: 18,356+ Rushing Yards
kalshi        49.5%    0.0%   99.0%          0          0 NFL     Mike Evans: 14,000+ Receiving Yards
kalshi        49.5%    0.0%   99.0%          0          0 NFL     Mike Evans: 15,000+ Receiving Yards
kalshi        49.5%    0.0%   99.0%          0          0 NFL     Mike Evans: 16,000+ Receiving Yards
kalshi        49.5%    0.0%   99.0%          0          0 NFL     Mike Evans: 17,000+ Receiving Yards
kalshi        49.5%    0.0%   99.0%          0          0 NFL     Mike Evans: 18,000+ Receiving Yards
kalshi        49.5%    0.0%   99.0%          0          0 NFL     Mike Evans: 19,000+ Receiving Yards
kalshi        49.5%    0.0%   99.0%          0          0 NFL     Mike Evans: 20,000+ Receiving Yards
kalshi        49.5%    0.0%   99.0%          0          0 NFL     Mike Evans: 21,000+ Receiving Yards
kalshi        49.5%    0.0%   99.0%          0          0 NFL     Mike Evans: 22,000+ Receiving Yards
kalshi        49.5%    0.0%   99.0%          0          0 NFL     Mike Evans: 22,896+ Receiving Yards
kalshi        96.5%   94.0%   99.0%          0          0 NFL     Patrick Mahomes: 40,000+ Passing Yards
kalshi        87.5%   83.0%   92.0%          0          0 NFL     Patrick Mahomes: 50,000+ Passing Yards
kalshi        63.5%   59.0%   68.0%          0          0 NFL     Patrick Mahomes: 60,000+ Passing Yards
kalshi        38.5%   34.0%   43.0%          0          0 NFL     Patrick Mahomes: 70,000+ Passing Yards
kalshi        16.5%   12.0%   21.0%          0          0 NFL     Patrick Mahomes: 80,000+ Passing Yards
kalshi         5.5%    1.0%   10.0%          0          0 NFL     Patrick Mahomes: 89,215+ Passing Yards
kalshi        49.5%    0.0%   99.0%          0          0 NFL     Josh Allen: 35,000+ Passing Yards
kalshi        49.5%    0.0%   99.0%          0          0 NFL     Josh Allen: 40,000+ Passing Yards
kalshi        49.5%    0.0%   99.0%          0          0 NFL     Josh Allen: 50,000+ Passing Yards
kalshi        49.5%    0.0%   99.0%          0          0 NFL     Josh Allen: 60,000+ Passing Yards
kalshi        49.5%    0.0%   99.0%          0          0 NFL     Josh Allen: 70,000+ Passing Yards
RUNNER LIVE MARKET SCOUT — Kalshi + Polymarket
Updated: 2026-09-29T00:19:55.998Z | persisted market events=39558 price events=39558
kalshi:UP 670ms
------------------------------------------------------------------------------------------------------------------------
PROVIDER       PROB     BID     ASK        LIQ        VOL SPORT   MARKET
kalshi        82.5%   80.0%   85.0%          0        757         Will Kylian Mbappe score at least 30 goals in the World Cup 
kalshi        17.5%   15.0%   20.0%          0      2,800         Will Kylian Mbappe score at least 35 goals in the World Cup 
kalshi         5.0%    4.0%    6.0%          0      3,080         Will Kylian Mbappe score at least 40 goals in the World Cup 
kalshi        49.5%    0.0%   99.0%          0          0 NFL     Derrick Henry: 14,000+ Rushing Yards
kalshi        49.5%    0.0%   99.0%          0          0 NFL     Derrick Henry: 15,000+ Rushing Yards
kalshi        49.5%    0.0%   99.0%          0          0 NFL     Derrick Henry: 16,000+ Rushing Yards
kalshi        49.5%    0.0%   99.0%          0          0 NFL     Derrick Henry: 17,000+ Rushing Yards
kalshi        49.5%    0.0%   99.0%          0          0 NFL     Derrick Henry: 18,000+ Rushing Yards
kalshi        49.5%    0.0%   99.0%          0          0 NFL     Derrick Henry: 18,356+ Rushing Yards
kalshi        49.5%    0.0%   99.0%          0          0 NFL     Mike Evans: 14,000+ Receiving Yards
kalshi        49.5%    0.0%   99.0%          0          0 NFL     Mike Evans: 15,000+ Receiving Yards
kalshi        49.5%    0.0%   99.0%          0          0 NFL     Mike Evans: 16,000+ Receiving Yards
kalshi        49.5%    0.0%   99.0%          0          0 NFL     Mike Evans: 17,000+ Receiving Yards
kalshi        49.5%    0.0%   99.0%          0          0 NFL     Mike Evans: 18,000+ Receiving Yards
kalshi        49.5%    0.0%   99.0%          0          0 NFL     Mike Evans: 19,000+ Receiving Yards
kalshi        49.5%    0.0%   99.0%          0          0 NFL     Mike Evans: 20,000+ Receiving Yards
kalshi        49.5%    0.0%   99.0%          0          0 NFL     Mike Evans: 21,000+ Receiving Yards
kalshi        49.5%    0.0%   99.0%          0          0 NFL     Mike Evans: 22,000+ Receiving Yards
kalshi        49.5%    0.0%   99.0%          0          0 NFL     Mike Evans: 22,896+ Receiving Yards
kalshi        96.5%   94.0%   99.0%          0          0 NFL     Patrick Mahomes: 40,000+ Passing Yards
kalshi        87.5%   83.0%   92.0%          0          0 NFL     Patrick Mahomes: 50,000+ Passing Yards
kalshi        63.5%   59.0%   68.0%          0          0 NFL     Patrick Mahomes: 60,000+ Passing Yards
kalshi        38.5%   34.0%   43.0%          0          0 NFL     Patrick Mahomes: 70,000+ Passing Yards
kalshi        16.5%   12.0%   21.0%          0          0 NFL     Patrick Mahomes: 80,000+ Passing Yards
kalshi         5.5%    1.0%   10.0%          0          0 NFL     Patrick Mahomes: 89,215+ Passing Yards
kalshi        49.5%    0.0%   99.0%          0          0 NFL     Josh Allen: 35,000+ Passing Yards
kalshi        49.5%    0.0%   99.0%          0          0 NFL     Josh Allen: 40,000+ Passing Yards
kalshi        49.5%    0.0%   99.0%          0          0 NFL     Josh Allen: 50,000+ Passing Yards
kalshi        49.5%    0.0%   99.0%          0          0 NFL     Josh Allen: 60,000+ Passing Yards
kalshi        49.5%    0.0%   99.0%          0          0 NFL     Josh Allen: 70,000+ Passing Yards
RUNNER LIVE MARKET SCOUT — Kalshi + Polymarket
Updated: 2026-09-29T00:20:27.327Z | persisted market events=39558 price events=39558
kalshi:UP 615ms
------------------------------------------------------------------------------------------------------------------------
PROVIDER       PROB     BID     ASK        LIQ        VOL SPORT   MARKET
kalshi        82.5%   80.0%   85.0%          0        757         Will Kylian Mbappe score at least 30 goals in the World Cup 
kalshi        17.5%   15.0%   20.0%          0      2,800         Will Kylian Mbappe score at least 35 goals in the World Cup 
kalshi         5.0%    4.0%    6.0%          0      3,080         Will Kylian Mbappe score at least 40 goals in the World Cup 
kalshi        49.5%    0.0%   99.0%          0          0 NFL     Derrick Henry: 14,000+ Rushing Yards
kalshi        49.5%    0.0%   99.0%          0          0 NFL     Derrick Henry: 15,000+ Rushing Yards
kalshi        49.5%    0.0%   99.0%          0          0 NFL     Derrick Henry: 16,000+ Rushing Yards
kalshi        49.5%    0.0%   99.0%          0          0 NFL     Derrick Henry: 17,000+ Rushing Yards
kalshi        49.5%    0.0%   99.0%          0          0 NFL     Derrick Henry: 18,000+ Rushing Yards
kalshi        49.5%    0.0%   99.0%          0          0 NFL     Derrick Henry: 18,356+ Rushing Yards
kalshi        49.5%    0.0%   99.0%          0          0 NFL     Mike Evans: 14,000+ Receiving Yards
kalshi        49.5%    0.0%   99.0%          0          0 NFL     Mike Evans: 15,000+ Receiving Yards
kalshi        49.5%    0.0%   99.0%          0          0 NFL     Mike Evans: 16,000+ Receiving Yards
kalshi        49.5%    0.0%   99.0%          0          0 NFL     Mike Evans: 17,000+ Receiving Yards
kalshi        49.5%    0.0%   99.0%          0          0 NFL     Mike Evans: 18,000+ Receiving Yards
kalshi        49.5%    0.0%   99.0%          0          0 NFL     Mike Evans: 19,000+ Receiving Yards
kalshi        49.5%    0.0%   99.0%          0          0 NFL     Mike Evans: 20,000+ Receiving Yards
kalshi        49.5%    0.0%   99.0%          0          0 NFL     Mike Evans: 21,000+ Receiving Yards
kalshi        49.5%    0.0%   99.0%          0          0 NFL     Mike Evans: 22,000+ Receiving Yards
kalshi        49.5%    0.0%   99.0%          0          0 NFL     Mike Evans: 22,896+ Receiving Yards
kalshi        96.5%   94.0%   99.0%          0          0 NFL     Patrick Mahomes: 40,000+ Passing Yards
kalshi        87.5%   83.0%   92.0%          0          0 NFL     Patrick Mahomes: 50,000+ Passing Yards
kalshi        63.5%   59.0%   68.0%          0          0 NFL     Patrick Mahomes: 60,000+ Passing Yards
kalshi        38.5%   34.0%   43.0%          0          0 NFL     Patrick Mahomes: 70,000+ Passing Yards
kalshi        16.5%   12.0%   21.0%          0          0 NFL     Patrick Mahomes: 80,000+ Passing Yards
kalshi         5.5%    1.0%   10.0%          0          0 NFL     Patrick Mahomes: 89,215+ Passing Yards
kalshi        49.5%    0.0%   99.0%          0          0 NFL     Josh Allen: 35,000+ Passing Yards
kalshi        49.5%    0.0%   99.0%          0          0 NFL     Josh Allen: 40,000+ Passing Yards
kalshi        49.5%    0.0%   99.0%          0          0 NFL     Josh Allen: 50,000+ Passing Yards
kalshi        49.5%    0.0%   99.0%          0          0 NFL     Josh Allen: 60,000+ Passing Yards
kalshi        49.5%    0.0%   99.0%          0          0 NFL     Josh Allen: 70,000+ Passing Yards
RUNNER LIVE MARKET SCOUT — Kalshi + Polymarket
Updated: 2026-09-29T00:20:58.527Z | persisted market events=39558 price events=39558
kalshi:UP 817ms
------------------------------------------------------------------------------------------------------------------------
PROVIDER       PROB     BID     ASK        LIQ        VOL SPORT   MARKET
kalshi        82.5%   80.0%   85.0%          0        757         Will Kylian Mbappe score at least 30 goals in the World Cup 
kalshi        16.0%   15.0%   17.0%          0      2,800         Will Kylian Mbappe score at least 35 goals in the World Cup 
kalshi         5.0%    4.0%    6.0%          0      3,080         Will Kylian Mbappe score at least 40 goals in the World Cup 
kalshi        49.5%    0.0%   99.0%          0          0 NFL     Derrick Henry: 14,000+ Rushing Yards
kalshi        49.5%    0.0%   99.0%          0          0 NFL     Derrick Henry: 15,000+ Rushing Yards
kalshi        49.5%    0.0%   99.0%          0          0 NFL     Derrick Henry: 16,000+ Rushing Yards
kalshi        49.5%    0.0%   99.0%          0          0 NFL     Derrick Henry: 17,000+ Rushing Yards
kalshi        49.5%    0.0%   99.0%          0          0 NFL     Derrick Henry: 18,000+ Rushing Yards
kalshi        49.5%    0.0%   99.0%          0          0 NFL     Derrick Henry: 18,356+ Rushing Yards
kalshi        49.5%    0.0%   99.0%          0          0 NFL     Mike Evans: 14,000+ Receiving Yards
kalshi        49.5%    0.0%   99.0%          0          0 NFL     Mike Evans: 15,000+ Receiving Yards
kalshi        49.5%    0.0%   99.0%          0          0 NFL     Mike Evans: 16,000+ Receiving Yards
kalshi        49.5%    0.0%   99.0%          0          0 NFL     Mike Evans: 17,000+ Receiving Yards
kalshi        49.5%    0.0%   99.0%          0          0 NFL     Mike Evans: 18,000+ Receiving Yards
kalshi        49.5%    0.0%   99.0%          0          0 NFL     Mike Evans: 19,000+ Receiving Yards
kalshi        49.5%    0.0%   99.0%          0          0 NFL     Mike Evans: 20,000+ Receiving Yards
kalshi        49.5%    0.0%   99.0%          0          0 NFL     Mike Evans: 21,000+ Receiving Yards
kalshi        49.5%    0.0%   99.0%          0          0 NFL     Mike Evans: 22,000+ Receiving Yards
kalshi        49.5%    0.0%   99.0%          0          0 NFL     Mike Evans: 22,896+ Receiving Yards
kalshi        96.5%   94.0%   99.0%          0          0 NFL     Patrick Mahomes: 40,000+ Passing Yards
kalshi        87.5%   83.0%   92.0%          0          0 NFL     Patrick Mahomes: 50,000+ Passing Yards
kalshi        63.5%   59.0%   68.0%          0          0 NFL     Patrick Mahomes: 60,000+ Passing Yards
kalshi        38.5%   34.0%   43.0%          0          0 NFL     Patrick Mahomes: 70,000+ Passing Yards
kalshi        16.5%   12.0%   21.0%          0          0 NFL     Patrick Mahomes: 80,000+ Passing Yards
kalshi         5.5%    1.0%   10.0%          0          0 NFL     Patrick Mahomes: 89,215+ Passing Yards
kalshi        49.5%    0.0%   99.0%          0          0 NFL     Josh Allen: 35,000+ Passing Yards
kalshi        49.5%    0.0%   99.0%          0          0 NFL     Josh Allen: 40,000+ Passing Yards
kalshi        49.5%    0.0%   99.0%          0          0 NFL     Josh Allen: 50,000+ Passing Yards
kalshi        49.5%    0.0%   99.0%          0          0 NFL     Josh Allen: 60,000+ Passing Yards
kalshi        49.5%    0.0%   99.0%          0          0 NFL     Josh Allen: 70,000+ Passing Yards
RUNNER LIVE MARKET SCOUT — Kalshi + Polymarket
Updated: 2026-09-29T00:21:29.562Z | persisted market events=39558 price events=39558
kalshi:UP 683ms
------------------------------------------------------------------------------------------------------------------------
PROVIDER       PROB     BID     ASK        LIQ        VOL SPORT   MARKET
kalshi        82.5%   80.0%   85.0%          0        757         Will Kylian Mbappe score at least 30 goals in the World Cup 
kalshi        17.5%   15.0%   20.0%          0      2,800         Will Kylian Mbappe score at least 35 goals in the World Cup 
kalshi         5.0%    4.0%    6.0%          0      3,080         Will Kylian Mbappe score at least 40 goals in the World Cup 
kalshi        49.5%    0.0%   99.0%          0          0 NFL     Derrick Henry: 14,000+ Rushing Yards
kalshi        49.5%    0.0%   99.0%          0          0 NFL     Derrick Henry: 15,000+ Rushing Yards
kalshi        49.5%    0.0%   99.0%          0          0 NFL     Derrick Henry: 16,000+ Rushing Yards
kalshi        49.5%    0.0%   99.0%          0          0 NFL     Derrick Henry: 17,000+ Rushing Yards
kalshi        49.5%    0.0%   99.0%          0          0 NFL     Derrick Henry: 18,000+ Rushing Yards
kalshi        49.5%    0.0%   99.0%          0          0 NFL     Derrick Henry: 18,356+ Rushing Yards
kalshi        49.5%    0.0%   99.0%          0          0 NFL     Mike Evans: 14,000+ Receiving Yards
kalshi        49.5%    0.0%   99.0%          0          0 NFL     Mike Evans: 15,000+ Receiving Yards
kalshi        49.5%    0.0%   99.0%          0          0 NFL     Mike Evans: 16,000+ Receiving Yards
kalshi        49.5%    0.0%   99.0%          0          0 NFL     Mike Evans: 17,000+ Receiving Yards
kalshi        49.5%    0.0%   99.0%          0          0 NFL     Mike Evans: 18,000+ Receiving Yards
kalshi        49.5%    0.0%   99.0%          0          0 NFL     Mike Evans: 19,000+ Receiving Yards
kalshi        49.5%    0.0%   99.0%          0          0 NFL     Mike Evans: 20,000+ Receiving Yards
kalshi        49.5%    0.0%   99.0%          0          0 NFL     Mike Evans: 21,000+ Receiving Yards
kalshi        49.5%    0.0%   99.0%          0          0 NFL     Mike Evans: 22,000+ Receiving Yards
kalshi        49.5%    0.0%   99.0%          0          0 NFL     Mike Evans: 22,896+ Receiving Yards
kalshi        96.5%   94.0%   99.0%          0          0 NFL     Patrick Mahomes: 40,000+ Passing Yards
kalshi        87.5%   83.0%   92.0%          0          0 NFL     Patrick Mahomes: 50,000+ Passing Yards
kalshi        63.5%   59.0%   68.0%          0          0 NFL     Patrick Mahomes: 60,000+ Passing Yards
kalshi        38.5%   34.0%   43.0%          0          0 NFL     Patrick Mahomes: 70,000+ Passing Yards
kalshi        16.5%   12.0%   21.0%          0          0 NFL     Patrick Mahomes: 80,000+ Passing Yards
kalshi         5.5%    1.0%   10.0%          0          0 NFL     Patrick Mahomes: 89,215+ Passing Yards
kalshi        49.5%    0.0%   99.0%          0          0 NFL     Josh Allen: 35,000+ Passing Yards
kalshi        49.5%    0.0%   99.0%          0          0 NFL     Josh Allen: 40,000+ Passing Yards
kalshi        49.5%    0.0%   99.0%          0          0 NFL     Josh Allen: 50,000+ Passing Yards
kalshi        49.5%    0.0%   99.0%          0          0 NFL     Josh Allen: 60,000+ Passing Yards
kalshi        49.5%    0.0%   99.0%          0          0 NFL     Josh Allen: 70,000+ Passing Yards
RUNNER LIVE MARKET SCOUT — Kalshi + Polymarket
Updated: 2026-09-29T00:22:00.824Z | persisted market events=39558 price events=39558
kalshi:UP 864ms
------------------------------------------------------------------------------------------------------------------------
PROVIDER       PROB     BID     ASK        LIQ        VOL SPORT   MARKET
kalshi        82.5%   80.0%   85.0%          0        757         Will Kylian Mbappe score at least 30 goals in the World Cup 
kalshi        17.5%   15.0%   20.0%          0      2,800         Will Kylian Mbappe score at least 35 goals in the World Cup 
kalshi         5.0%    4.0%    6.0%          0      3,080         Will Kylian Mbappe score at least 40 goals in the World Cup 
kalshi        49.5%    0.0%   99.0%          0          0 NFL     Derrick Henry: 14,000+ Rushing Yards
kalshi        49.5%    0.0%   99.0%          0          0 NFL     Derrick Henry: 15,000+ Rushing Yards
kalshi        49.5%    0.0%   99.0%          0          0 NFL     Derrick Henry: 16,000+ Rushing Yards
kalshi        49.5%    0.0%   99.0%          0          0 NFL     Derrick Henry: 17,000+ Rushing Yards
kalshi        49.5%    0.0%   99.0%          0          0 NFL     Derrick Henry: 18,000+ Rushing Yards
kalshi        49.5%    0.0%   99.0%          0          0 NFL     Derrick Henry: 18,356+ Rushing Yards
kalshi        49.5%    0.0%   99.0%          0          0 NFL     Mike Evans: 14,000+ Receiving Yards
kalshi        49.5%    0.0%   99.0%          0          0 NFL     Mike Evans: 15,000+ Receiving Yards
kalshi        49.5%    0.0%   99.0%          0          0 NFL     Mike Evans: 16,000+ Receiving Yards
kalshi        49.5%    0.0%   99.0%          0          0 NFL     Mike Evans: 17,000+ Receiving Yards
kalshi        49.5%    0.0%   99.0%          0          0 NFL     Mike Evans: 18,000+ Receiving Yards
kalshi        49.5%    0.0%   99.0%          0          0 NFL     Mike Evans: 19,000+ Receiving Yards
kalshi        49.5%    0.0%   99.0%          0          0 NFL     Mike Evans: 20,000+ Receiving Yards
kalshi        49.5%    0.0%   99.0%          0          0 NFL     Mike Evans: 21,000+ Receiving Yards
kalshi        49.5%    0.0%   99.0%          0          0 NFL     Mike Evans: 22,000+ Receiving Yards
kalshi        49.5%    0.0%   99.0%          0          0 NFL     Mike Evans: 22,896+ Receiving Yards
kalshi        96.5%   94.0%   99.0%          0          0 NFL     Patrick Mahomes: 40,000+ Passing Yards
kalshi        87.5%   83.0%   92.0%          0          0 NFL     Patrick Mahomes: 50,000+ Passing Yards
kalshi        63.5%   59.0%   68.0%          0          0 NFL     Patrick Mahomes: 60,000+ Passing Yards
kalshi        38.5%   34.0%   43.0%          0          0 NFL     Patrick Mahomes: 70,000+ Passing Yards
kalshi        16.5%   12.0%   21.0%          0          0 NFL     Patrick Mahomes: 80,000+ Passing Yards
kalshi         5.5%    1.0%   10.0%          0          0 NFL     Patrick Mahomes: 89,215+ Passing Yards
kalshi        49.5%    0.0%   99.0%          0          0 NFL     Josh Allen: 35,000+ Passing Yards
kalshi        49.5%    0.0%   99.0%          0          0 NFL     Josh Allen: 40,000+ Passing Yards
kalshi        49.5%    0.0%   99.0%          0          0 NFL     Josh Allen: 50,000+ Passing Yards
kalshi        49.5%    0.0%   99.0%          0          0 NFL     Josh Allen: 60,000+ Passing Yards
kalshi        49.5%    0.0%   99.0%          0          0 NFL     Josh Allen: 70,000+ Passing Yards
RUNNER LIVE MARKET SCOUT — Kalshi + Polymarket
Updated: 2026-09-29T00:22:32.020Z | persisted market events=39558 price events=39558
kalshi:UP 682ms
------------------------------------------------------------------------------------------------------------------------
PROVIDER       PROB     BID     ASK        LIQ        VOL SPORT   MARKET
kalshi        82.5%   80.0%   85.0%          0        757         Will Kylian Mbappe score at least 30 goals in the World Cup 
kalshi        17.5%   15.0%   20.0%          0      2,800         Will Kylian Mbappe score at least 35 goals in the World Cup 
kalshi         5.0%    4.0%    6.0%          0      3,080         Will Kylian Mbappe score at least 40 goals in the World Cup 
kalshi        49.5%    0.0%   99.0%          0          0 NFL     Derrick Henry: 14,000+ Rushing Yards
kalshi        49.5%    0.0%   99.0%          0          0 NFL     Derrick Henry: 15,000+ Rushing Yards
kalshi        49.5%    0.0%   99.0%          0          0 NFL     Derrick Henry: 16,000+ Rushing Yards
kalshi        49.5%    0.0%   99.0%          0          0 NFL     Derrick Henry: 17,000+ Rushing Yards
kalshi        49.5%    0.0%   99.0%          0          0 NFL     Derrick Henry: 18,000+ Rushing Yards
kalshi        49.5%    0.0%   99.0%          0          0 NFL     Derrick Henry: 18,356+ Rushing Yards
kalshi        49.5%    0.0%   99.0%          0          0 NFL     Mike Evans: 14,000+ Receiving Yards
kalshi        49.5%    0.0%   99.0%          0          0 NFL     Mike Evans: 15,000+ Receiving Yards
kalshi        49.5%    0.0%   99.0%          0          0 NFL     Mike Evans: 16,000+ Receiving Yards
kalshi        49.5%    0.0%   99.0%          0          0 NFL     Mike Evans: 17,000+ Receiving Yards
kalshi        49.5%    0.0%   99.0%          0          0 NFL     Mike Evans: 18,000+ Receiving Yards
kalshi        49.5%    0.0%   99.0%          0          0 NFL     Mike Evans: 19,000+ Receiving Yards
kalshi        49.5%    0.0%   99.0%          0          0 NFL     Mike Evans: 20,000+ Receiving Yards
kalshi        49.5%    0.0%   99.0%          0          0 NFL     Mike Evans: 21,000+ Receiving Yards
kalshi        49.5%    0.0%   99.0%          0          0 NFL     Mike Evans: 22,000+ Receiving Yards
kalshi        49.5%    0.0%   99.0%          0          0 NFL     Mike Evans: 22,896+ Receiving Yards
kalshi        96.5%   94.0%   99.0%          0          0 NFL     Patrick Mahomes: 40,000+ Passing Yards
kalshi        87.5%   83.0%   92.0%          0          0 NFL     Patrick Mahomes: 50,000+ Passing Yards
kalshi        63.5%   59.0%   68.0%          0          0 NFL     Patrick Mahomes: 60,000+ Passing Yards
kalshi        38.5%   34.0%   43.0%          0          0 NFL     Patrick Mahomes: 70,000+ Passing Yards
kalshi        16.5%   12.0%   21.0%          0          0 NFL     Patrick Mahomes: 80,000+ Passing Yards
kalshi         5.5%    1.0%   10.0%          0          0 NFL     Patrick Mahomes: 89,215+ Passing Yards
kalshi        49.5%    0.0%   99.0%          0          0 NFL     Josh Allen: 35,000+ Passing Yards
kalshi        49.5%    0.0%   99.0%          0          0 NFL     Josh Allen: 40,000+ Passing Yards
kalshi        49.5%    0.0%   99.0%          0          0 NFL     Josh Allen: 50,000+ Passing Yards
kalshi        49.5%    0.0%   99.0%          0          0 NFL     Josh Allen: 60,000+ Passing Yards
kalshi        49.5%    0.0%   99.0%          0          0 NFL     Josh Allen: 70,000+ Passing Yards
RUNNER LIVE MARKET SCOUT — Kalshi + Polymarket
Updated: 2026-09-29T00:23:03.220Z | persisted market events=39558 price events=39558
kalshi:UP 835ms
------------------------------------------------------------------------------------------------------------------------
PROVIDER       PROB     BID     ASK        LIQ        VOL SPORT   MARKET
kalshi        82.5%   80.0%   85.0%          0        757         Will Kylian Mbappe score at least 30 goals in the World Cup 
kalshi        17.5%   15.0%   20.0%          0      2,800         Will Kylian Mbappe score at least 35 goals in the World Cup 
kalshi         5.0%    4.0%    6.0%          0      3,080         Will Kylian Mbappe score at least 40 goals in the World Cup 
kalshi        49.5%    0.0%   99.0%          0          0 NFL     Derrick Henry: 14,000+ Rushing Yards
kalshi        49.5%    0.0%   99.0%          0          0 NFL     Derrick Henry: 15,000+ Rushing Yards
kalshi        49.5%    0.0%   99.0%          0          0 NFL     Derrick Henry: 16,000+ Rushing Yards
kalshi        49.5%    0.0%   99.0%          0          0 NFL     Derrick Henry: 17,000+ Rushing Yards
kalshi        49.5%    0.0%   99.0%          0          0 NFL     Derrick Henry: 18,000+ Rushing Yards
kalshi        49.5%    0.0%   99.0%          0          0 NFL     Derrick Henry: 18,356+ Rushing Yards
kalshi        49.5%    0.0%   99.0%          0          0 NFL     Mike Evans: 14,000+ Receiving Yards
kalshi        49.5%    0.0%   99.0%          0          0 NFL     Mike Evans: 15,000+ Receiving Yards
kalshi        49.5%    0.0%   99.0%          0          0 NFL     Mike Evans: 16,000+ Receiving Yards
kalshi        49.5%    0.0%   99.0%          0          0 NFL     Mike Evans: 17,000+ Receiving Yards
kalshi        49.5%    0.0%   99.0%          0          0 NFL     Mike Evans: 18,000+ Receiving Yards
kalshi        49.5%    0.0%   99.0%          0          0 NFL     Mike Evans: 19,000+ Receiving Yards
kalshi        49.5%    0.0%   99.0%          0          0 NFL     Mike Evans: 20,000+ Receiving Yards
kalshi        49.5%    0.0%   99.0%          0          0 NFL     Mike Evans: 21,000+ Receiving Yards
kalshi        49.5%    0.0%   99.0%          0          0 NFL     Mike Evans: 22,000+ Receiving Yards
kalshi        49.5%    0.0%   99.0%          0          0 NFL     Mike Evans: 22,896+ Receiving Yards
kalshi        96.5%   94.0%   99.0%          0          0 NFL     Patrick Mahomes: 40,000+ Passing Yards
kalshi        87.5%   83.0%   92.0%          0          0 NFL     Patrick Mahomes: 50,000+ Passing Yards
kalshi        63.5%   59.0%   68.0%          0          0 NFL     Patrick Mahomes: 60,000+ Passing Yards
kalshi        38.5%   34.0%   43.0%          0          0 NFL     Patrick Mahomes: 70,000+ Passing Yards
kalshi        16.5%   12.0%   21.0%          0          0 NFL     Patrick Mahomes: 80,000+ Passing Yards
kalshi         5.5%    1.0%   10.0%          0          0 NFL     Patrick Mahomes: 89,215+ Passing Yards
kalshi        49.5%    0.0%   99.0%          0          0 NFL     Josh Allen: 35,000+ Passing Yards
kalshi        49.5%    0.0%   99.0%          0          0 NFL     Josh Allen: 40,000+ Passing Yards
kalshi        49.5%    0.0%   99.0%          0          0 NFL     Josh Allen: 50,000+ Passing Yards
kalshi        49.5%    0.0%   99.0%          0          0 NFL     Josh Allen: 60,000+ Passing Yards
kalshi        49.5%    0.0%   99.0%          0          0 NFL     Josh Allen: 70,000+ Passing Yards
RUNNER LIVE MARKET SCOUT — Kalshi + Polymarket
Updated: 2026-09-29T00:23:34.259Z | persisted market events=39558 price events=39558
kalshi:UP 678ms
------------------------------------------------------------------------------------------------------------------------
PROVIDER       PROB     BID     ASK        LIQ        VOL SPORT   MARKET
kalshi        82.5%   80.0%   85.0%          0        757         Will Kylian Mbappe score at least 30 goals in the World Cup 
kalshi        16.0%   15.0%   17.0%          0      2,800         Will Kylian Mbappe score at least 35 goals in the World Cup 
kalshi         5.0%    4.0%    6.0%          0      3,080         Will Kylian Mbappe score at least 40 goals in the World Cup 
kalshi        49.5%    0.0%   99.0%          0          0 NFL     Derrick Henry: 14,000+ Rushing Yards
kalshi        49.5%    0.0%   99.0%          0          0 NFL     Derrick Henry: 15,000+ Rushing Yards
kalshi        49.5%    0.0%   99.0%          0          0 NFL     Derrick Henry: 16,000+ Rushing Yards
kalshi        49.5%    0.0%   99.0%          0          0 NFL     Derrick Henry: 17,000+ Rushing Yards
kalshi        49.5%    0.0%   99.0%          0          0 NFL     Derrick Henry: 18,000+ Rushing Yards
kalshi        49.5%    0.0%   99.0%          0          0 NFL     Derrick Henry: 18,356+ Rushing Yards
kalshi        49.5%    0.0%   99.0%          0          0 NFL     Mike Evans: 14,000+ Receiving Yards
kalshi        49.5%    0.0%   99.0%          0          0 NFL     Mike Evans: 15,000+ Receiving Yards
kalshi        49.5%    0.0%   99.0%          0          0 NFL     Mike Evans: 16,000+ Receiving Yards
kalshi        49.5%    0.0%   99.0%          0          0 NFL     Mike Evans: 17,000+ Receiving Yards
kalshi        49.5%    0.0%   99.0%          0          0 NFL     Mike Evans: 18,000+ Receiving Yards
kalshi        49.5%    0.0%   99.0%          0          0 NFL     Mike Evans: 19,000+ Receiving Yards
kalshi        49.5%    0.0%   99.0%          0          0 NFL     Mike Evans: 20,000+ Receiving Yards
kalshi        49.5%    0.0%   99.0%          0          0 NFL     Mike Evans: 21,000+ Receiving Yards
kalshi        49.5%    0.0%   99.0%          0          0 NFL     Mike Evans: 22,000+ Receiving Yards
kalshi        49.5%    0.0%   99.0%          0          0 NFL     Mike Evans: 22,896+ Receiving Yards
kalshi        96.5%   94.0%   99.0%          0          0 NFL     Patrick Mahomes: 40,000+ Passing Yards
kalshi        87.5%   83.0%   92.0%          0          0 NFL     Patrick Mahomes: 50,000+ Passing Yards
kalshi        63.5%   59.0%   68.0%          0          0 NFL     Patrick Mahomes: 60,000+ Passing Yards
kalshi        38.5%   34.0%   43.0%          0          0 NFL     Patrick Mahomes: 70,000+ Passing Yards
kalshi        16.5%   12.0%   21.0%          0          0 NFL     Patrick Mahomes: 80,000+ Passing Yards
kalshi         5.5%    1.0%   10.0%          0          0 NFL     Patrick Mahomes: 89,215+ Passing Yards
kalshi        49.5%    0.0%   99.0%          0          0 NFL     Josh Allen: 35,000+ Passing Yards
kalshi        49.5%    0.0%   99.0%          0          0 NFL     Josh Allen: 40,000+ Passing Yards
kalshi        49.5%    0.0%   99.0%          0          0 NFL     Josh Allen: 50,000+ Passing Yards
kalshi        49.5%    0.0%   99.0%          0          0 NFL     Josh Allen: 60,000+ Passing Yards
kalshi        49.5%    0.0%   99.0%          0          0 NFL     Josh Allen: 70,000+ Passing Yards
RUNNER LIVE MARKET SCOUT — Kalshi + Polymarket
Updated: 2026-09-29T00:24:05.285Z | persisted market events=39558 price events=39558
kalshi:UP 639ms
------------------------------------------------------------------------------------------------------------------------
PROVIDER       PROB     BID     ASK        LIQ        VOL SPORT   MARKET
kalshi        82.5%   80.0%   85.0%          0        757         Will Kylian Mbappe score at least 30 goals in the World Cup 
kalshi        16.0%   15.0%   17.0%          0      2,800         Will Kylian Mbappe score at least 35 goals in the World Cup 
kalshi         5.0%    4.0%    6.0%          0      3,080         Will Kylian Mbappe score at least 40 goals in the World Cup 
kalshi        49.5%    0.0%   99.0%          0          0 NFL     Derrick Henry: 14,000+ Rushing Yards
kalshi        49.5%    0.0%   99.0%          0          0 NFL     Derrick Henry: 15,000+ Rushing Yards
kalshi        49.5%    0.0%   99.0%          0          0 NFL     Derrick Henry: 16,000+ Rushing Yards
kalshi        49.5%    0.0%   99.0%          0          0 NFL     Derrick Henry: 17,000+ Rushing Yards
kalshi        49.5%    0.0%   99.0%          0          0 NFL     Derrick Henry: 18,000+ Rushing Yards
kalshi        49.5%    0.0%   99.0%          0          0 NFL     Derrick Henry: 18,356+ Rushing Yards
kalshi        49.5%    0.0%   99.0%          0          0 NFL     Mike Evans: 14,000+ Receiving Yards
kalshi        49.5%    0.0%   99.0%          0          0 NFL     Mike Evans: 15,000+ Receiving Yards
kalshi        49.5%    0.0%   99.0%          0          0 NFL     Mike Evans: 16,000+ Receiving Yards
kalshi        49.5%    0.0%   99.0%          0          0 NFL     Mike Evans: 17,000+ Receiving Yards
kalshi        49.5%    0.0%   99.0%          0          0 NFL     Mike Evans: 18,000+ Receiving Yards
kalshi        49.5%    0.0%   99.0%          0          0 NFL     Mike Evans: 19,000+ Receiving Yards
kalshi        49.5%    0.0%   99.0%          0          0 NFL     Mike Evans: 20,000+ Receiving Yards
kalshi        49.5%    0.0%   99.0%          0          0 NFL     Mike Evans: 21,000+ Receiving Yards
kalshi        49.5%    0.0%   99.0%          0          0 NFL     Mike Evans: 22,000+ Receiving Yards
kalshi        49.5%    0.0%   99.0%          0          0 NFL     Mike Evans: 22,896+ Receiving Yards
kalshi        96.5%   94.0%   99.0%          0          0 NFL     Patrick Mahomes: 40,000+ Passing Yards
kalshi        87.5%   83.0%   92.0%          0          0 NFL     Patrick Mahomes: 50,000+ Passing Yards
kalshi        63.5%   59.0%   68.0%          0          0 NFL     Patrick Mahomes: 60,000+ Passing Yards
kalshi        38.5%   34.0%   43.0%          0          0 NFL     Patrick Mahomes: 70,000+ Passing Yards
kalshi        16.5%   12.0%   21.0%          0          0 NFL     Patrick Mahomes: 80,000+ Passing Yards
kalshi         5.5%    1.0%   10.0%          0          0 NFL     Patrick Mahomes: 89,215+ Passing Yards
kalshi        49.5%    0.0%   99.0%          0          0 NFL     Josh Allen: 35,000+ Passing Yards
kalshi        49.5%    0.0%   99.0%          0          0 NFL     Josh Allen: 40,000+ Passing Yards
kalshi        49.5%    0.0%   99.0%          0          0 NFL     Josh Allen: 50,000+ Passing Yards
kalshi        49.5%    0.0%   99.0%          0          0 NFL     Josh Allen: 60,000+ Passing Yards
kalshi        49.5%    0.0%   99.0%          0          0 NFL     Josh Allen: 70,000+ Passing Yards
RUNNER LIVE MARKET SCOUT — Kalshi + Polymarket
Updated: 2026-09-29T00:24:36.207Z | persisted market events=39558 price events=39558
kalshi:UP 602ms
------------------------------------------------------------------------------------------------------------------------
PROVIDER       PROB     BID     ASK        LIQ        VOL SPORT   MARKET
kalshi        82.5%   80.0%   85.0%          0        757         Will Kylian Mbappe score at least 30 goals in the World Cup 
kalshi        16.0%   15.0%   17.0%          0      2,800         Will Kylian Mbappe score at least 35 goals in the World Cup 
kalshi         5.0%    4.0%    6.0%          0      3,080         Will Kylian Mbappe score at least 40 goals in the World Cup 
kalshi        49.5%    0.0%   99.0%          0          0 NFL     Derrick Henry: 14,000+ Rushing Yards
kalshi        49.5%    0.0%   99.0%          0          0 NFL     Derrick Henry: 15,000+ Rushing Yards
kalshi        49.5%    0.0%   99.0%          0          0 NFL     Derrick Henry: 16,000+ Rushing Yards
kalshi        49.5%    0.0%   99.0%          0          0 NFL     Derrick Henry: 17,000+ Rushing Yards
kalshi        49.5%    0.0%   99.0%          0          0 NFL     Derrick Henry: 18,000+ Rushing Yards
kalshi        49.5%    0.0%   99.0%          0          0 NFL     Derrick Henry: 18,356+ Rushing Yards
kalshi        49.5%    0.0%   99.0%          0          0 NFL     Mike Evans: 14,000+ Receiving Yards
kalshi        49.5%    0.0%   99.0%          0          0 NFL     Mike Evans: 15,000+ Receiving Yards
kalshi        49.5%    0.0%   99.0%          0          0 NFL     Mike Evans: 16,000+ Receiving Yards
kalshi        49.5%    0.0%   99.0%          0          0 NFL     Mike Evans: 17,000+ Receiving Yards
kalshi        49.5%    0.0%   99.0%          0          0 NFL     Mike Evans: 18,000+ Receiving Yards
kalshi        49.5%    0.0%   99.0%          0          0 NFL     Mike Evans: 19,000+ Receiving Yards
kalshi        49.5%    0.0%   99.0%          0          0 NFL     Mike Evans: 20,000+ Receiving Yards
kalshi        49.5%    0.0%   99.0%          0          0 NFL     Mike Evans: 21,000+ Receiving Yards
kalshi        49.5%    0.0%   99.0%          0          0 NFL     Mike Evans: 22,000+ Receiving Yards
kalshi        49.5%    0.0%   99.0%          0          0 NFL     Mike Evans: 22,896+ Receiving Yards
kalshi        96.5%   94.0%   99.0%          0          0 NFL     Patrick Mahomes: 40,000+ Passing Yards
kalshi        87.5%   83.0%   92.0%          0          0 NFL     Patrick Mahomes: 50,000+ Passing Yards
kalshi        63.5%   59.0%   68.0%          0          0 NFL     Patrick Mahomes: 60,000+ Passing Yards
kalshi        38.5%   34.0%   43.0%          0          0 NFL     Patrick Mahomes: 70,000+ Passing Yards
kalshi        16.5%   12.0%   21.0%          0          0 NFL     Patrick Mahomes: 80,000+ Passing Yards
kalshi         5.5%    1.0%   10.0%          0          0 NFL     Patrick Mahomes: 89,215+ Passing Yards
kalshi        49.5%    0.0%   99.0%          0          0 NFL     Josh Allen: 35,000+ Passing Yards
kalshi        49.5%    0.0%   99.0%          0          0 NFL     Josh Allen: 40,000+ Passing Yards
kalshi        49.5%    0.0%   99.0%          0          0 NFL     Josh Allen: 50,000+ Passing Yards
kalshi        49.5%    0.0%   99.0%          0          0 NFL     Josh Allen: 60,000+ Passing Yards
kalshi        49.5%    0.0%   99.0%          0          0 NFL     Josh Allen: 70,000+ Passing Yards
RUNNER LIVE MARKET SCOUT — Kalshi + Polymarket
Updated: 2026-09-29T00:25:07.497Z | persisted market events=39558 price events=39558
kalshi:UP 879ms
------------------------------------------------------------------------------------------------------------------------
PROVIDER       PROB     BID     ASK        LIQ        VOL SPORT   MARKET
kalshi        82.5%   80.0%   85.0%          0        757         Will Kylian Mbappe score at least 30 goals in the World Cup 
kalshi        16.0%   15.0%   17.0%          0      2,800         Will Kylian Mbappe score at least 35 goals in the World Cup 
kalshi         5.0%    4.0%    6.0%          0      3,080         Will Kylian Mbappe score at least 40 goals in the World Cup 
kalshi        49.5%    0.0%   99.0%          0          0 NFL     Derrick Henry: 14,000+ Rushing Yards
kalshi        49.5%    0.0%   99.0%          0          0 NFL     Derrick Henry: 15,000+ Rushing Yards
kalshi        49.5%    0.0%   99.0%          0          0 NFL     Derrick Henry: 16,000+ Rushing Yards
kalshi        49.5%    0.0%   99.0%          0          0 NFL     Derrick Henry: 17,000+ Rushing Yards
kalshi        49.5%    0.0%   99.0%          0          0 NFL     Derrick Henry: 18,000+ Rushing Yards
kalshi        49.5%    0.0%   99.0%          0          0 NFL     Derrick Henry: 18,356+ Rushing Yards
kalshi        49.5%    0.0%   99.0%          0          0 NFL     Mike Evans: 14,000+ Receiving Yards
kalshi        49.5%    0.0%   99.0%          0          0 NFL     Mike Evans: 15,000+ Receiving Yards
kalshi        49.5%    0.0%   99.0%          0          0 NFL     Mike Evans: 16,000+ Receiving Yards
kalshi        49.5%    0.0%   99.0%          0          0 NFL     Mike Evans: 17,000+ Receiving Yards
kalshi        49.5%    0.0%   99.0%          0          0 NFL     Mike Evans: 18,000+ Receiving Yards
kalshi        49.5%    0.0%   99.0%          0          0 NFL     Mike Evans: 19,000+ Receiving Yards
kalshi        49.5%    0.0%   99.0%          0          0 NFL     Mike Evans: 20,000+ Receiving Yards
kalshi        49.5%    0.0%   99.0%          0          0 NFL     Mike Evans: 21,000+ Receiving Yards
kalshi        49.5%    0.0%   99.0%          0          0 NFL     Mike Evans: 22,000+ Receiving Yards
kalshi        49.5%    0.0%   99.0%          0          0 NFL     Mike Evans: 22,896+ Receiving Yards
kalshi        96.5%   94.0%   99.0%          0          0 NFL     Patrick Mahomes: 40,000+ Passing Yards
kalshi        87.5%   83.0%   92.0%          0          0 NFL     Patrick Mahomes: 50,000+ Passing Yards
kalshi        63.5%   59.0%   68.0%          0          0 NFL     Patrick Mahomes: 60,000+ Passing Yards
kalshi        38.5%   34.0%   43.0%          0          0 NFL     Patrick Mahomes: 70,000+ Passing Yards
kalshi        16.5%   12.0%   21.0%          0          0 NFL     Patrick Mahomes: 80,000+ Passing Yards
kalshi         5.5%    1.0%   10.0%          0          0 NFL     Patrick Mahomes: 89,215+ Passing Yards
kalshi        49.5%    0.0%   99.0%          0          0 NFL     Josh Allen: 35,000+ Passing Yards
kalshi        49.5%    0.0%   99.0%          0          0 NFL     Josh Allen: 40,000+ Passing Yards
kalshi        49.5%    0.0%   99.0%          0          0 NFL     Josh Allen: 50,000+ Passing Yards
kalshi        49.5%    0.0%   99.0%          0          0 NFL     Josh Allen: 60,000+ Passing Yards
kalshi        49.5%    0.0%   99.0%          0          0 NFL     Josh Allen: 70,000+ Passing Yards
RUNNER LIVE MARKET SCOUT — Kalshi + Polymarket
Updated: 2026-09-29T00:25:38.765Z | persisted market events=39558 price events=39558
kalshi:UP 732ms
------------------------------------------------------------------------------------------------------------------------
PROVIDER       PROB     BID     ASK        LIQ        VOL SPORT   MARKET
kalshi        82.5%   80.0%   85.0%          0        757         Will Kylian Mbappe score at least 30 goals in the World Cup 
kalshi        17.5%   15.0%   20.0%          0      2,800         Will Kylian Mbappe score at least 35 goals in the World Cup 
kalshi         5.0%    4.0%    6.0%          0      3,080         Will Kylian Mbappe score at least 40 goals in the World Cup 
kalshi        49.5%    0.0%   99.0%          0          0 NFL     Derrick Henry: 14,000+ Rushing Yards
kalshi        49.5%    0.0%   99.0%          0          0 NFL     Derrick Henry: 15,000+ Rushing Yards
kalshi        49.5%    0.0%   99.0%          0          0 NFL     Derrick Henry: 16,000+ Rushing Yards
kalshi        49.5%    0.0%   99.0%          0          0 NFL     Derrick Henry: 17,000+ Rushing Yards
kalshi        49.5%    0.0%   99.0%          0          0 NFL     Derrick Henry: 18,000+ Rushing Yards
kalshi        49.5%    0.0%   99.0%          0          0 NFL     Derrick Henry: 18,356+ Rushing Yards
kalshi        49.5%    0.0%   99.0%          0          0 NFL     Mike Evans: 14,000+ Receiving Yards
kalshi        49.5%    0.0%   99.0%          0          0 NFL     Mike Evans: 15,000+ Receiving Yards
kalshi        49.5%    0.0%   99.0%          0          0 NFL     Mike Evans: 16,000+ Receiving Yards
kalshi        49.5%    0.0%   99.0%          0          0 NFL     Mike Evans: 17,000+ Receiving Yards
kalshi        49.5%    0.0%   99.0%          0          0 NFL     Mike Evans: 18,000+ Receiving Yards
kalshi        49.5%    0.0%   99.0%          0          0 NFL     Mike Evans: 19,000+ Receiving Yards
kalshi        49.5%    0.0%   99.0%          0          0 NFL     Mike Evans: 20,000+ Receiving Yards
kalshi        49.5%    0.0%   99.0%          0          0 NFL     Mike Evans: 21,000+ Receiving Yards
kalshi        49.5%    0.0%   99.0%          0          0 NFL     Mike Evans: 22,000+ Receiving Yards
kalshi        49.5%    0.0%   99.0%          0          0 NFL     Mike Evans: 22,896+ Receiving Yards
kalshi        96.5%   94.0%   99.0%          0          0 NFL     Patrick Mahomes: 40,000+ Passing Yards
kalshi        87.5%   83.0%   92.0%          0          0 NFL     Patrick Mahomes: 50,000+ Passing Yards
kalshi        63.5%   59.0%   68.0%          0          0 NFL     Patrick Mahomes: 60,000+ Passing Yards
kalshi        38.5%   34.0%   43.0%          0          0 NFL     Patrick Mahomes: 70,000+ Passing Yards
kalshi        16.5%   12.0%   21.0%          0          0 NFL     Patrick Mahomes: 80,000+ Passing Yards
kalshi         5.5%    1.0%   10.0%          0          0 NFL     Patrick Mahomes: 89,215+ Passing Yards
kalshi        49.5%    0.0%   99.0%          0          0 NFL     Josh Allen: 35,000+ Passing Yards
kalshi        49.5%    0.0%   99.0%          0          0 NFL     Josh Allen: 40,000+ Passing Yards
kalshi        49.5%    0.0%   99.0%          0          0 NFL     Josh Allen: 50,000+ Passing Yards
kalshi        49.5%    0.0%   99.0%          0          0 NFL     Josh Allen: 60,000+ Passing Yards
kalshi        49.5%    0.0%   99.0%          0          0 NFL     Josh Allen: 70,000+ Passing Yards
RUNNER LIVE MARKET SCOUT — Kalshi + Polymarket
Updated: 2026-09-29T00:26:09.864Z | persisted market events=39558 price events=39558
kalshi:UP 649ms
------------------------------------------------------------------------------------------------------------------------
PROVIDER       PROB     BID     ASK        LIQ        VOL SPORT   MARKET
kalshi        82.5%   80.0%   85.0%          0        757         Will Kylian Mbappe score at least 30 goals in the World Cup 
kalshi        16.0%   15.0%   17.0%          0      2,800         Will Kylian Mbappe score at least 35 goals in the World Cup 
kalshi         5.0%    4.0%    6.0%          0      3,080         Will Kylian Mbappe score at least 40 goals in the World Cup 
kalshi        49.5%    0.0%   99.0%          0          0 NFL     Derrick Henry: 14,000+ Rushing Yards
kalshi        49.5%    0.0%   99.0%          0          0 NFL     Derrick Henry: 15,000+ Rushing Yards
kalshi        49.5%    0.0%   99.0%          0          0 NFL     Derrick Henry: 16,000+ Rushing Yards
kalshi        49.5%    0.0%   99.0%          0          0 NFL     Derrick Henry: 17,000+ Rushing Yards
kalshi        49.5%    0.0%   99.0%          0          0 NFL     Derrick Henry: 18,000+ Rushing Yards
kalshi        49.5%    0.0%   99.0%          0          0 NFL     Derrick Henry: 18,356+ Rushing Yards
kalshi        49.5%    0.0%   99.0%          0          0 NFL     Mike Evans: 14,000+ Receiving Yards
kalshi        49.5%    0.0%   99.0%          0          0 NFL     Mike Evans: 15,000+ Receiving Yards
kalshi        49.5%    0.0%   99.0%          0          0 NFL     Mike Evans: 16,000+ Receiving Yards
kalshi        49.5%    0.0%   99.0%          0          0 NFL     Mike Evans: 17,000+ Receiving Yards
kalshi        49.5%    0.0%   99.0%          0          0 NFL     Mike Evans: 18,000+ Receiving Yards
kalshi        49.5%    0.0%   99.0%          0          0 NFL     Mike Evans: 19,000+ Receiving Yards
kalshi        49.5%    0.0%   99.0%          0          0 NFL     Mike Evans: 20,000+ Receiving Yards
kalshi        49.5%    0.0%   99.0%          0          0 NFL     Mike Evans: 21,000+ Receiving Yards
kalshi        49.5%    0.0%   99.0%          0          0 NFL     Mike Evans: 22,000+ Receiving Yards
kalshi        49.5%    0.0%   99.0%          0          0 NFL     Mike Evans: 22,896+ Receiving Yards
kalshi        96.5%   94.0%   99.0%          0          0 NFL     Patrick Mahomes: 40,000+ Passing Yards
kalshi        87.5%   83.0%   92.0%          0          0 NFL     Patrick Mahomes: 50,000+ Passing Yards
kalshi        63.5%   59.0%   68.0%          0          0 NFL     Patrick Mahomes: 60,000+ Passing Yards
kalshi        38.5%   34.0%   43.0%          0          0 NFL     Patrick Mahomes: 70,000+ Passing Yards
kalshi        16.5%   12.0%   21.0%          0          0 NFL     Patrick Mahomes: 80,000+ Passing Yards
kalshi         5.5%    1.0%   10.0%          0          0 NFL     Patrick Mahomes: 89,215+ Passing Yards
kalshi        49.5%    0.0%   99.0%          0          0 NFL     Josh Allen: 35,000+ Passing Yards
kalshi        49.5%    0.0%   99.0%          0          0 NFL     Josh Allen: 40,000+ Passing Yards
kalshi        49.5%    0.0%   99.0%          0          0 NFL     Josh Allen: 50,000+ Passing Yards
kalshi        49.5%    0.0%   99.0%          0          0 NFL     Josh Allen: 60,000+ Passing Yards
kalshi        49.5%    0.0%   99.0%          0          0 NFL     Josh Allen: 70,000+ Passing Yards
RUNNER LIVE MARKET SCOUT — Kalshi + Polymarket
Updated: 2026-09-29T00:26:40.896Z | persisted market events=39558 price events=39558
kalshi:UP 657ms
------------------------------------------------------------------------------------------------------------------------
PROVIDER       PROB     BID     ASK        LIQ        VOL SPORT   MARKET
kalshi        82.5%   80.0%   85.0%          0        757         Will Kylian Mbappe score at least 30 goals in the World Cup 
kalshi        16.0%   15.0%   17.0%          0      2,800         Will Kylian Mbappe score at least 35 goals in the World Cup 
kalshi         5.0%    4.0%    6.0%          0      3,080         Will Kylian Mbappe score at least 40 goals in the World Cup 
kalshi        49.5%    0.0%   99.0%          0          0 NFL     Derrick Henry: 14,000+ Rushing Yards
kalshi        49.5%    0.0%   99.0%          0          0 NFL     Derrick Henry: 15,000+ Rushing Yards
kalshi        49.5%    0.0%   99.0%          0          0 NFL     Derrick Henry: 16,000+ Rushing Yards
kalshi        49.5%    0.0%   99.0%          0          0 NFL     Derrick Henry: 17,000+ Rushing Yards
kalshi        49.5%    0.0%   99.0%          0          0 NFL     Derrick Henry: 18,000+ Rushing Yards
kalshi        49.5%    0.0%   99.0%          0          0 NFL     Derrick Henry: 18,356+ Rushing Yards
kalshi        49.5%    0.0%   99.0%          0          0 NFL     Mike Evans: 14,000+ Receiving Yards
kalshi        49.5%    0.0%   99.0%          0          0 NFL     Mike Evans: 15,000+ Receiving Yards
kalshi        49.5%    0.0%   99.0%          0          0 NFL     Mike Evans: 16,000+ Receiving Yards
kalshi        49.5%    0.0%   99.0%          0          0 NFL     Mike Evans: 17,000+ Receiving Yards
kalshi        49.5%    0.0%   99.0%          0          0 NFL     Mike Evans: 18,000+ Receiving Yards
kalshi        49.5%    0.0%   99.0%          0          0 NFL     Mike Evans: 19,000+ Receiving Yards
kalshi        49.5%    0.0%   99.0%          0          0 NFL     Mike Evans: 20,000+ Receiving Yards
kalshi        49.5%    0.0%   99.0%          0          0 NFL     Mike Evans: 21,000+ Receiving Yards
kalshi        49.5%    0.0%   99.0%          0          0 NFL     Mike Evans: 22,000+ Receiving Yards
kalshi        49.5%    0.0%   99.0%          0          0 NFL     Mike Evans: 22,896+ Receiving Yards
kalshi        96.5%   94.0%   99.0%          0          0 NFL     Patrick Mahomes: 40,000+ Passing Yards
kalshi        87.5%   83.0%   92.0%          0          0 NFL     Patrick Mahomes: 50,000+ Passing Yards
kalshi        63.5%   59.0%   68.0%          0          0 NFL     Patrick Mahomes: 60,000+ Passing Yards
kalshi        38.5%   34.0%   43.0%          0          0 NFL     Patrick Mahomes: 70,000+ Passing Yards
kalshi        16.5%   12.0%   21.0%          0          0 NFL     Patrick Mahomes: 80,000+ Passing Yards
kalshi         5.5%    1.0%   10.0%          0          0 NFL     Patrick Mahomes: 89,215+ Passing Yards
kalshi        49.5%    0.0%   99.0%          0          0 NFL     Josh Allen: 35,000+ Passing Yards
kalshi        49.5%    0.0%   99.0%          0          0 NFL     Josh Allen: 40,000+ Passing Yards
kalshi        49.5%    0.0%   99.0%          0          0 NFL     Josh Allen: 50,000+ Passing Yards
kalshi        49.5%    0.0%   99.0%          0          0 NFL     Josh Allen: 60,000+ Passing Yards
kalshi        49.5%    0.0%   99.0%          0          0 NFL     Josh Allen: 70,000+ Passing Yards
RUNNER LIVE MARKET SCOUT — Kalshi + Polymarket
Updated: 2026-09-29T00:27:12.148Z | persisted market events=39558 price events=39558
kalshi:UP 786ms
------------------------------------------------------------------------------------------------------------------------
PROVIDER       PROB     BID     ASK        LIQ        VOL SPORT   MARKET
kalshi        82.5%   80.0%   85.0%          0        757         Will Kylian Mbappe score at least 30 goals in the World Cup 
kalshi        16.0%   15.0%   17.0%          0      2,800         Will Kylian Mbappe score at least 35 goals in the World Cup 
kalshi         5.0%    4.0%    6.0%          0      3,080         Will Kylian Mbappe score at least 40 goals in the World Cup 
kalshi        49.5%    0.0%   99.0%          0          0 NFL     Derrick Henry: 14,000+ Rushing Yards
kalshi        49.5%    0.0%   99.0%          0          0 NFL     Derrick Henry: 15,000+ Rushing Yards
kalshi        49.5%    0.0%   99.0%          0          0 NFL     Derrick Henry: 16,000+ Rushing Yards
kalshi        49.5%    0.0%   99.0%          0          0 NFL     Derrick Henry: 17,000+ Rushing Yards
kalshi        49.5%    0.0%   99.0%          0          0 NFL     Derrick Henry: 18,000+ Rushing Yards
kalshi        49.5%    0.0%   99.0%          0          0 NFL     Derrick Henry: 18,356+ Rushing Yards
kalshi        49.5%    0.0%   99.0%          0          0 NFL     Mike Evans: 14,000+ Receiving Yards
kalshi        49.5%    0.0%   99.0%          0          0 NFL     Mike Evans: 15,000+ Receiving Yards
kalshi        49.5%    0.0%   99.0%          0          0 NFL     Mike Evans: 16,000+ Receiving Yards
kalshi        49.5%    0.0%   99.0%          0          0 NFL     Mike Evans: 17,000+ Receiving Yards
kalshi        49.5%    0.0%   99.0%          0          0 NFL     Mike Evans: 18,000+ Receiving Yards
kalshi        49.5%    0.0%   99.0%          0          0 NFL     Mike Evans: 19,000+ Receiving Yards
kalshi        49.5%    0.0%   99.0%          0          0 NFL     Mike Evans: 20,000+ Receiving Yards
kalshi        49.5%    0.0%   99.0%          0          0 NFL     Mike Evans: 21,000+ Receiving Yards
kalshi        49.5%    0.0%   99.0%          0          0 NFL     Mike Evans: 22,000+ Receiving Yards
kalshi        49.5%    0.0%   99.0%          0          0 NFL     Mike Evans: 22,896+ Receiving Yards
kalshi        96.5%   94.0%   99.0%          0          0 NFL     Patrick Mahomes: 40,000+ Passing Yards
kalshi        87.5%   83.0%   92.0%          0          0 NFL     Patrick Mahomes: 50,000+ Passing Yards
kalshi        63.5%   59.0%   68.0%          0          0 NFL     Patrick Mahomes: 60,000+ Passing Yards
kalshi        38.5%   34.0%   43.0%          0          0 NFL     Patrick Mahomes: 70,000+ Passing Yards
kalshi        16.5%   12.0%   21.0%          0          0 NFL     Patrick Mahomes: 80,000+ Passing Yards
kalshi         5.5%    1.0%   10.0%          0          0 NFL     Patrick Mahomes: 89,215+ Passing Yards
kalshi        49.5%    0.0%   99.0%          0          0 NFL     Josh Allen: 35,000+ Passing Yards
kalshi        49.5%    0.0%   99.0%          0          0 NFL     Josh Allen: 40,000+ Passing Yards
kalshi        49.5%    0.0%   99.0%          0          0 NFL     Josh Allen: 50,000+ Passing Yards
kalshi        49.5%    0.0%   99.0%          0          0 NFL     Josh Allen: 60,000+ Passing Yards
kalshi        49.5%    0.0%   99.0%          0          0 NFL     Josh Allen: 70,000+ Passing Yards
RUNNER LIVE MARKET SCOUT — Kalshi + Polymarket
Updated: 2026-09-29T00:27:43.296Z | persisted market events=39558 price events=39558
kalshi:UP 793ms
------------------------------------------------------------------------------------------------------------------------
PROVIDER       PROB     BID     ASK        LIQ        VOL SPORT   MARKET
kalshi        82.5%   80.0%   85.0%          0        757         Will Kylian Mbappe score at least 30 goals in the World Cup 
kalshi        17.5%   15.0%   20.0%          0      2,800         Will Kylian Mbappe score at least 35 goals in the World Cup 
kalshi         5.0%    4.0%    6.0%          0      3,080         Will Kylian Mbappe score at least 40 goals in the World Cup 
kalshi        49.5%    0.0%   99.0%          0          0 NFL     Derrick Henry: 14,000+ Rushing Yards
kalshi        49.5%    0.0%   99.0%          0          0 NFL     Derrick Henry: 15,000+ Rushing Yards
kalshi        49.5%    0.0%   99.0%          0          0 NFL     Derrick Henry: 16,000+ Rushing Yards
kalshi        49.5%    0.0%   99.0%          0          0 NFL     Derrick Henry: 17,000+ Rushing Yards
kalshi        49.5%    0.0%   99.0%          0          0 NFL     Derrick Henry: 18,000+ Rushing Yards
kalshi        49.5%    0.0%   99.0%          0          0 NFL     Derrick Henry: 18,356+ Rushing Yards
kalshi        49.5%    0.0%   99.0%          0          0 NFL     Mike Evans: 14,000+ Receiving Yards
kalshi        49.5%    0.0%   99.0%          0          0 NFL     Mike Evans: 15,000+ Receiving Yards
kalshi        49.5%    0.0%   99.0%          0          0 NFL     Mike Evans: 16,000+ Receiving Yards
kalshi        49.5%    0.0%   99.0%          0          0 NFL     Mike Evans: 17,000+ Receiving Yards
kalshi        49.5%    0.0%   99.0%          0          0 NFL     Mike Evans: 18,000+ Receiving Yards
kalshi        49.5%    0.0%   99.0%          0          0 NFL     Mike Evans: 19,000+ Receiving Yards
kalshi        49.5%    0.0%   99.0%          0          0 NFL     Mike Evans: 20,000+ Receiving Yards
kalshi        49.5%    0.0%   99.0%          0          0 NFL     Mike Evans: 21,000+ Receiving Yards
kalshi        49.5%    0.0%   99.0%          0          0 NFL     Mike Evans: 22,000+ Receiving Yards
kalshi        49.5%    0.0%   99.0%          0          0 NFL     Mike Evans: 22,896+ Receiving Yards
kalshi        96.5%   94.0%   99.0%          0          0 NFL     Patrick Mahomes: 40,000+ Passing Yards
kalshi        87.5%   83.0%   92.0%          0          0 NFL     Patrick Mahomes: 50,000+ Passing Yards
kalshi        63.5%   59.0%   68.0%          0          0 NFL     Patrick Mahomes: 60,000+ Passing Yards
kalshi        38.5%   34.0%   43.0%          0          0 NFL     Patrick Mahomes: 70,000+ Passing Yards
kalshi        16.5%   12.0%   21.0%          0          0 NFL     Patrick Mahomes: 80,000+ Passing Yards
kalshi         5.5%    1.0%   10.0%          0          0 NFL     Patrick Mahomes: 89,215+ Passing Yards
kalshi        49.5%    0.0%   99.0%          0          0 NFL     Josh Allen: 35,000+ Passing Yards
kalshi        49.5%    0.0%   99.0%          0          0 NFL     Josh Allen: 40,000+ Passing Yards
kalshi        49.5%    0.0%   99.0%          0          0 NFL     Josh Allen: 50,000+ Passing Yards
kalshi        49.5%    0.0%   99.0%          0          0 NFL     Josh Allen: 60,000+ Passing Yards
kalshi        49.5%    0.0%   99.0%          0          0 NFL     Josh Allen: 70,000+ Passing Yards
RUNNER LIVE MARKET SCOUT — Kalshi + Polymarket
Updated: 2026-09-29T00:28:14.411Z | persisted market events=39558 price events=39558
kalshi:UP 622ms
------------------------------------------------------------------------------------------------------------------------
PROVIDER       PROB     BID     ASK        LIQ        VOL SPORT   MARKET
kalshi        82.5%   80.0%   85.0%          0        757         Will Kylian Mbappe score at least 30 goals in the World Cup 
kalshi        17.5%   15.0%   20.0%          0      2,800         Will Kylian Mbappe score at least 35 goals in the World Cup 
kalshi         5.0%    4.0%    6.0%          0      3,080         Will Kylian Mbappe score at least 40 goals in the World Cup 
kalshi        49.5%    0.0%   99.0%          0          0 NFL     Derrick Henry: 14,000+ Rushing Yards
kalshi        49.5%    0.0%   99.0%          0          0 NFL     Derrick Henry: 15,000+ Rushing Yards
kalshi        49.5%    0.0%   99.0%          0          0 NFL     Derrick Henry: 16,000+ Rushing Yards
kalshi        49.5%    0.0%   99.0%          0          0 NFL     Derrick Henry: 17,000+ Rushing Yards
kalshi        49.5%    0.0%   99.0%          0          0 NFL     Derrick Henry: 18,000+ Rushing Yards
kalshi        49.5%    0.0%   99.0%          0          0 NFL     Derrick Henry: 18,356+ Rushing Yards
kalshi        49.5%    0.0%   99.0%          0          0 NFL     Mike Evans: 14,000+ Receiving Yards
kalshi        49.5%    0.0%   99.0%          0          0 NFL     Mike Evans: 15,000+ Receiving Yards
kalshi        49.5%    0.0%   99.0%          0          0 NFL     Mike Evans: 16,000+ Receiving Yards
kalshi        49.5%    0.0%   99.0%          0          0 NFL     Mike Evans: 17,000+ Receiving Yards
kalshi        49.5%    0.0%   99.0%          0          0 NFL     Mike Evans: 18,000+ Receiving Yards
kalshi        49.5%    0.0%   99.0%          0          0 NFL     Mike Evans: 19,000+ Receiving Yards
kalshi        49.5%    0.0%   99.0%          0          0 NFL     Mike Evans: 20,000+ Receiving Yards
kalshi        49.5%    0.0%   99.0%          0          0 NFL     Mike Evans: 21,000+ Receiving Yards
kalshi        49.5%    0.0%   99.0%          0          0 NFL     Mike Evans: 22,000+ Receiving Yards
kalshi        49.5%    0.0%   99.0%          0          0 NFL     Mike Evans: 22,896+ Receiving Yards
kalshi        96.5%   94.0%   99.0%          0          0 NFL     Patrick Mahomes: 40,000+ Passing Yards
kalshi        87.5%   83.0%   92.0%          0          0 NFL     Patrick Mahomes: 50,000+ Passing Yards
kalshi        63.5%   59.0%   68.0%          0          0 NFL     Patrick Mahomes: 60,000+ Passing Yards
kalshi        38.5%   34.0%   43.0%          0          0 NFL     Patrick Mahomes: 70,000+ Passing Yards
kalshi        16.5%   12.0%   21.0%          0          0 NFL     Patrick Mahomes: 80,000+ Passing Yards
kalshi         5.5%    1.0%   10.0%          0          0 NFL     Patrick Mahomes: 89,215+ Passing Yards
kalshi        49.5%    0.0%   99.0%          0          0 NFL     Josh Allen: 35,000+ Passing Yards
kalshi        49.5%    0.0%   99.0%          0          0 NFL     Josh Allen: 40,000+ Passing Yards
kalshi        49.5%    0.0%   99.0%          0          0 NFL     Josh Allen: 50,000+ Passing Yards
kalshi        49.5%    0.0%   99.0%          0          0 NFL     Josh Allen: 60,000+ Passing Yards
kalshi        49.5%    0.0%   99.0%          0          0 NFL     Josh Allen: 70,000+ Passing Yards
RUNNER LIVE MARKET SCOUT — Kalshi + Polymarket
Updated: 2026-09-29T00:28:45.455Z | persisted market events=39558 price events=39558
kalshi:UP 632ms
------------------------------------------------------------------------------------------------------------------------
PROVIDER       PROB     BID     ASK        LIQ        VOL SPORT   MARKET
kalshi        82.5%   80.0%   85.0%          0        757         Will Kylian Mbappe score at least 30 goals in the World Cup 
kalshi        16.0%   15.0%   17.0%          0      2,800         Will Kylian Mbappe score at least 35 goals in the World Cup 
kalshi         5.0%    4.0%    6.0%          0      3,080         Will Kylian Mbappe score at least 40 goals in the World Cup 
kalshi        49.5%    0.0%   99.0%          0          0 NFL     Derrick Henry: 14,000+ Rushing Yards
kalshi        49.5%    0.0%   99.0%          0          0 NFL     Derrick Henry: 15,000+ Rushing Yards
kalshi        49.5%    0.0%   99.0%          0          0 NFL     Derrick Henry: 16,000+ Rushing Yards
kalshi        49.5%    0.0%   99.0%          0          0 NFL     Derrick Henry: 17,000+ Rushing Yards
kalshi        49.5%    0.0%   99.0%          0          0 NFL     Derrick Henry: 18,000+ Rushing Yards
kalshi        49.5%    0.0%   99.0%          0          0 NFL     Derrick Henry: 18,356+ Rushing Yards
kalshi        49.5%    0.0%   99.0%          0          0 NFL     Mike Evans: 14,000+ Receiving Yards
kalshi        49.5%    0.0%   99.0%          0          0 NFL     Mike Evans: 15,000+ Receiving Yards
kalshi        49.5%    0.0%   99.0%          0          0 NFL     Mike Evans: 16,000+ Receiving Yards
kalshi        49.5%    0.0%   99.0%          0          0 NFL     Mike Evans: 17,000+ Receiving Yards
kalshi        49.5%    0.0%   99.0%          0          0 NFL     Mike Evans: 18,000+ Receiving Yards
kalshi        49.5%    0.0%   99.0%          0          0 NFL     Mike Evans: 19,000+ Receiving Yards
kalshi        49.5%    0.0%   99.0%          0          0 NFL     Mike Evans: 20,000+ Receiving Yards
kalshi        49.5%    0.0%   99.0%          0          0 NFL     Mike Evans: 21,000+ Receiving Yards
kalshi        49.5%    0.0%   99.0%          0          0 NFL     Mike Evans: 22,000+ Receiving Yards
kalshi        49.5%    0.0%   99.0%          0          0 NFL     Mike Evans: 22,896+ Receiving Yards
kalshi        96.5%   94.0%   99.0%          0          0 NFL     Patrick Mahomes: 40,000+ Passing Yards
kalshi        87.5%   83.0%   92.0%          0          0 NFL     Patrick Mahomes: 50,000+ Passing Yards
kalshi        63.5%   59.0%   68.0%          0          0 NFL     Patrick Mahomes: 60,000+ Passing Yards
kalshi        38.5%   34.0%   43.0%          0          0 NFL     Patrick Mahomes: 70,000+ Passing Yards
kalshi        16.5%   12.0%   21.0%          0          0 NFL     Patrick Mahomes: 80,000+ Passing Yards
kalshi         5.5%    1.0%   10.0%          0          0 NFL     Patrick Mahomes: 89,215+ Passing Yards
kalshi        49.5%    0.0%   99.0%          0          0 NFL     Josh Allen: 35,000+ Passing Yards
kalshi        49.5%    0.0%   99.0%          0          0 NFL     Josh Allen: 40,000+ Passing Yards
kalshi        49.5%    0.0%   99.0%          0          0 NFL     Josh Allen: 50,000+ Passing Yards
kalshi        49.5%    0.0%   99.0%          0          0 NFL     Josh Allen: 60,000+ Passing Yards
kalshi        49.5%    0.0%   99.0%          0          0 NFL     Josh Allen: 70,000+ Passing Yards
RUNNER LIVE MARKET SCOUT — Kalshi + Polymarket
Updated: 2026-09-29T00:29:16.683Z | persisted market events=39558 price events=39558
kalshi:UP 867ms
------------------------------------------------------------------------------------------------------------------------
PROVIDER       PROB     BID     ASK        LIQ        VOL SPORT   MARKET
kalshi        82.5%   80.0%   85.0%          0        757         Will Kylian Mbappe score at least 30 goals in the World Cup 
kalshi        17.5%   15.0%   20.0%          0      2,800         Will Kylian Mbappe score at least 35 goals in the World Cup 
kalshi         5.0%    4.0%    6.0%          0      3,080         Will Kylian Mbappe score at least 40 goals in the World Cup 
kalshi        49.5%    0.0%   99.0%          0          0 NFL     Derrick Henry: 14,000+ Rushing Yards
kalshi        49.5%    0.0%   99.0%          0          0 NFL     Derrick Henry: 15,000+ Rushing Yards
kalshi        49.5%    0.0%   99.0%          0          0 NFL     Derrick Henry: 16,000+ Rushing Yards
kalshi        49.5%    0.0%   99.0%          0          0 NFL     Derrick Henry: 17,000+ Rushing Yards
kalshi        49.5%    0.0%   99.0%          0          0 NFL     Derrick Henry: 18,000+ Rushing Yards
kalshi        49.5%    0.0%   99.0%          0          0 NFL     Derrick Henry: 18,356+ Rushing Yards
kalshi        49.5%    0.0%   99.0%          0          0 NFL     Mike Evans: 14,000+ Receiving Yards
kalshi        49.5%    0.0%   99.0%          0          0 NFL     Mike Evans: 15,000+ Receiving Yards
kalshi        49.5%    0.0%   99.0%          0          0 NFL     Mike Evans: 16,000+ Receiving Yards
kalshi        49.5%    0.0%   99.0%          0          0 NFL     Mike Evans: 17,000+ Receiving Yards
kalshi        49.5%    0.0%   99.0%          0          0 NFL     Mike Evans: 18,000+ Receiving Yards
kalshi        49.5%    0.0%   99.0%          0          0 NFL     Mike Evans: 19,000+ Receiving Yards
kalshi        49.5%    0.0%   99.0%          0          0 NFL     Mike Evans: 20,000+ Receiving Yards
kalshi        49.5%    0.0%   99.0%          0          0 NFL     Mike Evans: 21,000+ Receiving Yards
kalshi        49.5%    0.0%   99.0%          0          0 NFL     Mike Evans: 22,000+ Receiving Yards
kalshi        49.5%    0.0%   99.0%          0          0 NFL     Mike Evans: 22,896+ Receiving Yards
kalshi        96.5%   94.0%   99.0%          0          0 NFL     Patrick Mahomes: 40,000+ Passing Yards
kalshi        87.5%   83.0%   92.0%          0          0 NFL     Patrick Mahomes: 50,000+ Passing Yards
kalshi        63.5%   59.0%   68.0%          0          0 NFL     Patrick Mahomes: 60,000+ Passing Yards
kalshi        38.5%   34.0%   43.0%          0          0 NFL     Patrick Mahomes: 70,000+ Passing Yards
kalshi        16.5%   12.0%   21.0%          0          0 NFL     Patrick Mahomes: 80,000+ Passing Yards
kalshi         5.5%    1.0%   10.0%          0          0 NFL     Patrick Mahomes: 89,215+ Passing Yards
kalshi        49.5%    0.0%   99.0%          0          0 NFL     Josh Allen: 35,000+ Passing Yards
kalshi        49.5%    0.0%   99.0%          0          0 NFL     Josh Allen: 40,000+ Passing Yards
kalshi        49.5%    0.0%   99.0%          0          0 NFL     Josh Allen: 50,000+ Passing Yards
kalshi        49.5%    0.0%   99.0%          0          0 NFL     Josh Allen: 60,000+ Passing Yards
kalshi        49.5%    0.0%   99.0%          0          0 NFL     Josh Allen: 70,000+ Passing Yards
RUNNER LIVE MARKET SCOUT — Kalshi + Polymarket
Updated: 2026-09-29T00:29:48.067Z | persisted market events=39558 price events=39558
kalshi:UP 850ms
------------------------------------------------------------------------------------------------------------------------
PROVIDER       PROB     BID     ASK        LIQ        VOL SPORT   MARKET
kalshi        82.5%   80.0%   85.0%          0        757         Will Kylian Mbappe score at least 30 goals in the World Cup 
kalshi        16.0%   15.0%   17.0%          0      2,800         Will Kylian Mbappe score at least 35 goals in the World Cup 
kalshi         5.0%    4.0%    6.0%          0      3,080         Will Kylian Mbappe score at least 40 goals in the World Cup 
kalshi        49.5%    0.0%   99.0%          0          0 NFL     Derrick Henry: 14,000+ Rushing Yards
kalshi        49.5%    0.0%   99.0%          0          0 NFL     Derrick Henry: 15,000+ Rushing Yards
kalshi        49.5%    0.0%   99.0%          0          0 NFL     Derrick Henry: 16,000+ Rushing Yards
kalshi        49.5%    0.0%   99.0%          0          0 NFL     Derrick Henry: 17,000+ Rushing Yards
kalshi        49.5%    0.0%   99.0%          0          0 NFL     Derrick Henry: 18,000+ Rushing Yards
kalshi        49.5%    0.0%   99.0%          0          0 NFL     Derrick Henry: 18,356+ Rushing Yards
kalshi        49.5%    0.0%   99.0%          0          0 NFL     Mike Evans: 14,000+ Receiving Yards
kalshi        49.5%    0.0%   99.0%          0          0 NFL     Mike Evans: 15,000+ Receiving Yards
kalshi        49.5%    0.0%   99.0%          0          0 NFL     Mike Evans: 16,000+ Receiving Yards
kalshi        49.5%    0.0%   99.0%          0          0 NFL     Mike Evans: 17,000+ Receiving Yards
kalshi        49.5%    0.0%   99.0%          0          0 NFL     Mike Evans: 18,000+ Receiving Yards
kalshi        49.5%    0.0%   99.0%          0          0 NFL     Mike Evans: 19,000+ Receiving Yards
kalshi        49.5%    0.0%   99.0%          0          0 NFL     Mike Evans: 20,000+ Receiving Yards
kalshi        49.5%    0.0%   99.0%          0          0 NFL     Mike Evans: 21,000+ Receiving Yards
kalshi        49.5%    0.0%   99.0%          0          0 NFL     Mike Evans: 22,000+ Receiving Yards
kalshi        49.5%    0.0%   99.0%          0          0 NFL     Mike Evans: 22,896+ Receiving Yards
kalshi        96.5%   94.0%   99.0%          0          0 NFL     Patrick Mahomes: 40,000+ Passing Yards
kalshi        87.5%   83.0%   92.0%          0          0 NFL     Patrick Mahomes: 50,000+ Passing Yards
kalshi        63.5%   59.0%   68.0%          0          0 NFL     Patrick Mahomes: 60,000+ Passing Yards
kalshi        38.5%   34.0%   43.0%          0          0 NFL     Patrick Mahomes: 70,000+ Passing Yards
kalshi        16.5%   12.0%   21.0%          0          0 NFL     Patrick Mahomes: 80,000+ Passing Yards
kalshi         5.5%    1.0%   10.0%          0          0 NFL     Patrick Mahomes: 89,215+ Passing Yards
kalshi        49.5%    0.0%   99.0%          0          0 NFL     Josh Allen: 35,000+ Passing Yards
kalshi        49.5%    0.0%   99.0%          0          0 NFL     Josh Allen: 40,000+ Passing Yards
kalshi        49.5%    0.0%   99.0%          0          0 NFL     Josh Allen: 50,000+ Passing Yards
kalshi        49.5%    0.0%   99.0%          0          0 NFL     Josh Allen: 60,000+ Passing Yards
kalshi        49.5%    0.0%   99.0%          0          0 NFL     Josh Allen: 70,000+ Passing Yards
RUNNER LIVE MARKET SCOUT — Kalshi + Polymarket
Updated: 2026-09-29T00:30:19.238Z | persisted market events=39558 price events=39558
kalshi:UP 608ms
------------------------------------------------------------------------------------------------------------------------
PROVIDER       PROB     BID     ASK        LIQ        VOL SPORT   MARKET
kalshi        82.5%   80.0%   85.0%          0        757         Will Kylian Mbappe score at least 30 goals in the World Cup 
kalshi        16.0%   15.0%   17.0%          0      2,800         Will Kylian Mbappe score at least 35 goals in the World Cup 
kalshi         5.0%    4.0%    6.0%          0      3,080         Will Kylian Mbappe score at least 40 goals in the World Cup 
kalshi        49.5%    0.0%   99.0%          0          0 NFL     Derrick Henry: 14,000+ Rushing Yards
kalshi        49.5%    0.0%   99.0%          0          0 NFL     Derrick Henry: 15,000+ Rushing Yards
kalshi        49.5%    0.0%   99.0%          0          0 NFL     Derrick Henry: 16,000+ Rushing Yards
kalshi        49.5%    0.0%   99.0%          0          0 NFL     Derrick Henry: 17,000+ Rushing Yards
kalshi        49.5%    0.0%   99.0%          0          0 NFL     Derrick Henry: 18,000+ Rushing Yards
kalshi        49.5%    0.0%   99.0%          0          0 NFL     Derrick Henry: 18,356+ Rushing Yards
kalshi        49.5%    0.0%   99.0%          0          0 NFL     Mike Evans: 14,000+ Receiving Yards
kalshi        49.5%    0.0%   99.0%          0          0 NFL     Mike Evans: 15,000+ Receiving Yards
kalshi        49.5%    0.0%   99.0%          0          0 NFL     Mike Evans: 16,000+ Receiving Yards
kalshi        49.5%    0.0%   99.0%          0          0 NFL     Mike Evans: 17,000+ Receiving Yards
kalshi        49.5%    0.0%   99.0%          0          0 NFL     Mike Evans: 18,000+ Receiving Yards
kalshi        49.5%    0.0%   99.0%          0          0 NFL     Mike Evans: 19,000+ Receiving Yards
kalshi        49.5%    0.0%   99.0%          0          0 NFL     Mike Evans: 20,000+ Receiving Yards
kalshi        49.5%    0.0%   99.0%          0          0 NFL     Mike Evans: 21,000+ Receiving Yards
kalshi        49.5%    0.0%   99.0%          0          0 NFL     Mike Evans: 22,000+ Receiving Yards
kalshi        49.5%    0.0%   99.0%          0          0 NFL     Mike Evans: 22,896+ Receiving Yards
kalshi        96.5%   94.0%   99.0%          0          0 NFL     Patrick Mahomes: 40,000+ Passing Yards
kalshi        87.5%   83.0%   92.0%          0          0 NFL     Patrick Mahomes: 50,000+ Passing Yards
kalshi        63.5%   59.0%   68.0%          0          0 NFL     Patrick Mahomes: 60,000+ Passing Yards
kalshi        38.5%   34.0%   43.0%          0          0 NFL     Patrick Mahomes: 70,000+ Passing Yards
kalshi        16.5%   12.0%   21.0%          0          0 NFL     Patrick Mahomes: 80,000+ Passing Yards
kalshi         5.5%    1.0%   10.0%          0          0 NFL     Patrick Mahomes: 89,215+ Passing Yards
kalshi        49.5%    0.0%   99.0%          0          0 NFL     Josh Allen: 35,000+ Passing Yards
kalshi        49.5%    0.0%   99.0%          0          0 NFL     Josh Allen: 40,000+ Passing Yards
kalshi        49.5%    0.0%   99.0%          0          0 NFL     Josh Allen: 50,000+ Passing Yards
kalshi        49.5%    0.0%   99.0%          0          0 NFL     Josh Allen: 60,000+ Passing Yards
kalshi        49.5%    0.0%   99.0%          0          0 NFL     Josh Allen: 70,000+ Passing Yards
RUNNER LIVE MARKET SCOUT — Kalshi + Polymarket
Updated: 2026-09-29T00:30:50.205Z | persisted market events=39558 price events=39558
kalshi:UP 588ms
------------------------------------------------------------------------------------------------------------------------
PROVIDER       PROB     BID     ASK        LIQ        VOL SPORT   MARKET
kalshi        82.5%   80.0%   85.0%          0        757         Will Kylian Mbappe score at least 30 goals in the World Cup 
kalshi        16.0%   15.0%   17.0%          0      2,800         Will Kylian Mbappe score at least 35 goals in the World Cup 
kalshi         5.0%    4.0%    6.0%          0      3,080         Will Kylian Mbappe score at least 40 goals in the World Cup 
kalshi        49.5%    0.0%   99.0%          0          0 NFL     Derrick Henry: 14,000+ Rushing Yards
kalshi        49.5%    0.0%   99.0%          0          0 NFL     Derrick Henry: 15,000+ Rushing Yards
kalshi        49.5%    0.0%   99.0%          0          0 NFL     Derrick Henry: 16,000+ Rushing Yards
kalshi        49.5%    0.0%   99.0%          0          0 NFL     Derrick Henry: 17,000+ Rushing Yards
kalshi        49.5%    0.0%   99.0%          0          0 NFL     Derrick Henry: 18,000+ Rushing Yards
kalshi        49.5%    0.0%   99.0%          0          0 NFL     Derrick Henry: 18,356+ Rushing Yards
kalshi        49.5%    0.0%   99.0%          0          0 NFL     Mike Evans: 14,000+ Receiving Yards
kalshi        49.5%    0.0%   99.0%          0          0 NFL     Mike Evans: 15,000+ Receiving Yards
kalshi        49.5%    0.0%   99.0%          0          0 NFL     Mike Evans: 16,000+ Receiving Yards
kalshi        49.5%    0.0%   99.0%          0          0 NFL     Mike Evans: 17,000+ Receiving Yards
kalshi        49.5%    0.0%   99.0%          0          0 NFL     Mike Evans: 18,000+ Receiving Yards
kalshi        49.5%    0.0%   99.0%          0          0 NFL     Mike Evans: 19,000+ Receiving Yards
kalshi        49.5%    0.0%   99.0%          0          0 NFL     Mike Evans: 20,000+ Receiving Yards
kalshi        49.5%    0.0%   99.0%          0          0 NFL     Mike Evans: 21,000+ Receiving Yards
kalshi        49.5%    0.0%   99.0%          0          0 NFL     Mike Evans: 22,000+ Receiving Yards
kalshi        49.5%    0.0%   99.0%          0          0 NFL     Mike Evans: 22,896+ Receiving Yards
kalshi        96.5%   94.0%   99.0%          0          0 NFL     Patrick Mahomes: 40,000+ Passing Yards
kalshi        87.5%   83.0%   92.0%          0          0 NFL     Patrick Mahomes: 50,000+ Passing Yards
kalshi        63.5%   59.0%   68.0%          0          0 NFL     Patrick Mahomes: 60,000+ Passing Yards
kalshi        38.5%   34.0%   43.0%          0          0 NFL     Patrick Mahomes: 70,000+ Passing Yards
kalshi        16.5%   12.0%   21.0%          0          0 NFL     Patrick Mahomes: 80,000+ Passing Yards
kalshi         5.5%    1.0%   10.0%          0          0 NFL     Patrick Mahomes: 89,215+ Passing Yards
kalshi        49.5%    0.0%   99.0%          0          0 NFL     Josh Allen: 35,000+ Passing Yards
kalshi        49.5%    0.0%   99.0%          0          0 NFL     Josh Allen: 40,000+ Passing Yards
kalshi        49.5%    0.0%   99.0%          0          0 NFL     Josh Allen: 50,000+ Passing Yards
kalshi        49.5%    0.0%   99.0%          0          0 NFL     Josh Allen: 60,000+ Passing Yards
kalshi        49.5%    0.0%   99.0%          0          0 NFL     Josh Allen: 70,000+ Passing Yards
RUNNER LIVE MARKET SCOUT — Kalshi + Polymarket
Updated: 2026-09-29T00:31:21.440Z | persisted market events=39558 price events=39558
kalshi:UP 922ms
------------------------------------------------------------------------------------------------------------------------
PROVIDER       PROB     BID     ASK        LIQ        VOL SPORT   MARKET
kalshi        82.5%   80.0%   85.0%          0        757         Will Kylian Mbappe score at least 30 goals in the World Cup 
kalshi        17.5%   15.0%   20.0%          0      2,800         Will Kylian Mbappe score at least 35 goals in the World Cup 
kalshi         5.0%    4.0%    6.0%          0      3,080         Will Kylian Mbappe score at least 40 goals in the World Cup 
kalshi        49.5%    0.0%   99.0%          0          0 NFL     Derrick Henry: 14,000+ Rushing Yards
kalshi        49.5%    0.0%   99.0%          0          0 NFL     Derrick Henry: 15,000+ Rushing Yards
kalshi        49.5%    0.0%   99.0%          0          0 NFL     Derrick Henry: 16,000+ Rushing Yards
kalshi        49.5%    0.0%   99.0%          0          0 NFL     Derrick Henry: 17,000+ Rushing Yards
kalshi        49.5%    0.0%   99.0%          0          0 NFL     Derrick Henry: 18,000+ Rushing Yards
kalshi        49.5%    0.0%   99.0%          0          0 NFL     Derrick Henry: 18,356+ Rushing Yards
kalshi        49.5%    0.0%   99.0%          0          0 NFL     Mike Evans: 14,000+ Receiving Yards
kalshi        49.5%    0.0%   99.0%          0          0 NFL     Mike Evans: 15,000+ Receiving Yards
kalshi        49.5%    0.0%   99.0%          0          0 NFL     Mike Evans: 16,000+ Receiving Yards
kalshi        49.5%    0.0%   99.0%          0          0 NFL     Mike Evans: 17,000+ Receiving Yards
kalshi        49.5%    0.0%   99.0%          0          0 NFL     Mike Evans: 18,000+ Receiving Yards
kalshi        49.5%    0.0%   99.0%          0          0 NFL     Mike Evans: 19,000+ Receiving Yards
kalshi        49.5%    0.0%   99.0%          0          0 NFL     Mike Evans: 20,000+ Receiving Yards
kalshi        49.5%    0.0%   99.0%          0          0 NFL     Mike Evans: 21,000+ Receiving Yards
kalshi        49.5%    0.0%   99.0%          0          0 NFL     Mike Evans: 22,000+ Receiving Yards
kalshi        49.5%    0.0%   99.0%          0          0 NFL     Mike Evans: 22,896+ Receiving Yards
kalshi        96.5%   94.0%   99.0%          0          0 NFL     Patrick Mahomes: 40,000+ Passing Yards
kalshi        87.5%   83.0%   92.0%          0          0 NFL     Patrick Mahomes: 50,000+ Passing Yards
kalshi        63.5%   59.0%   68.0%          0          0 NFL     Patrick Mahomes: 60,000+ Passing Yards
kalshi        38.5%   34.0%   43.0%          0          0 NFL     Patrick Mahomes: 70,000+ Passing Yards
kalshi        16.5%   12.0%   21.0%          0          0 NFL     Patrick Mahomes: 80,000+ Passing Yards
kalshi         5.5%    1.0%   10.0%          0          0 NFL     Patrick Mahomes: 89,215+ Passing Yards
kalshi        49.5%    0.0%   99.0%          0          0 NFL     Josh Allen: 35,000+ Passing Yards
kalshi        49.5%    0.0%   99.0%          0          0 NFL     Josh Allen: 40,000+ Passing Yards
kalshi        49.5%    0.0%   99.0%          0          0 NFL     Josh Allen: 50,000+ Passing Yards
kalshi        49.5%    0.0%   99.0%          0          0 NFL     Josh Allen: 60,000+ Passing Yards
kalshi        49.5%    0.0%   99.0%          0          0 NFL     Josh Allen: 70,000+ Passing Yards
RUNNER LIVE MARKET SCOUT — Kalshi + Polymarket
Updated: 2026-09-29T00:31:53.899Z | persisted market events=39558 price events=39558
kalshi:UP 813ms
------------------------------------------------------------------------------------------------------------------------
PROVIDER       PROB     BID     ASK        LIQ        VOL SPORT   MARKET
kalshi        82.5%   80.0%   85.0%          0        757         Will Kylian Mbappe score at least 30 goals in the World Cup 
kalshi        17.5%   15.0%   20.0%          0      2,800         Will Kylian Mbappe score at least 35 goals in the World Cup 
kalshi         5.0%    4.0%    6.0%          0      3,080         Will Kylian Mbappe score at least 40 goals in the World Cup 
kalshi        49.5%    0.0%   99.0%          0          0 NFL     Derrick Henry: 14,000+ Rushing Yards
kalshi        49.5%    0.0%   99.0%          0          0 NFL     Derrick Henry: 15,000+ Rushing Yards
kalshi        49.5%    0.0%   99.0%          0          0 NFL     Derrick Henry: 16,000+ Rushing Yards
kalshi        49.5%    0.0%   99.0%          0          0 NFL     Derrick Henry: 17,000+ Rushing Yards
kalshi        49.5%    0.0%   99.0%          0          0 NFL     Derrick Henry: 18,000+ Rushing Yards
kalshi        49.5%    0.0%   99.0%          0          0 NFL     Derrick Henry: 18,356+ Rushing Yards
kalshi        49.5%    0.0%   99.0%          0          0 NFL     Mike Evans: 14,000+ Receiving Yards
kalshi        49.5%    0.0%   99.0%          0          0 NFL     Mike Evans: 15,000+ Receiving Yards
kalshi        49.5%    0.0%   99.0%          0          0 NFL     Mike Evans: 16,000+ Receiving Yards
kalshi        49.5%    0.0%   99.0%          0          0 NFL     Mike Evans: 17,000+ Receiving Yards
kalshi        49.5%    0.0%   99.0%          0          0 NFL     Mike Evans: 18,000+ Receiving Yards
kalshi        49.5%    0.0%   99.0%          0          0 NFL     Mike Evans: 19,000+ Receiving Yards
kalshi        49.5%    0.0%   99.0%          0          0 NFL     Mike Evans: 20,000+ Receiving Yards
kalshi        49.5%    0.0%   99.0%          0          0 NFL     Mike Evans: 21,000+ Receiving Yards
kalshi        49.5%    0.0%   99.0%          0          0 NFL     Mike Evans: 22,000+ Receiving Yards
kalshi        49.5%    0.0%   99.0%          0          0 NFL     Mike Evans: 22,896+ Receiving Yards
kalshi        96.5%   94.0%   99.0%          0          0 NFL     Patrick Mahomes: 40,000+ Passing Yards
kalshi        87.5%   83.0%   92.0%          0          0 NFL     Patrick Mahomes: 50,000+ Passing Yards
kalshi        63.5%   59.0%   68.0%          0          0 NFL     Patrick Mahomes: 60,000+ Passing Yards
kalshi        38.5%   34.0%   43.0%          0          0 NFL     Patrick Mahomes: 70,000+ Passing Yards
kalshi        16.5%   12.0%   21.0%          0          0 NFL     Patrick Mahomes: 80,000+ Passing Yards
kalshi         5.5%    1.0%   10.0%          0          0 NFL     Patrick Mahomes: 89,215+ Passing Yards
kalshi        49.5%    0.0%   99.0%          0          0 NFL     Josh Allen: 35,000+ Passing Yards
kalshi        49.5%    0.0%   99.0%          0          0 NFL     Josh Allen: 40,000+ Passing Yards
kalshi        49.5%    0.0%   99.0%          0          0 NFL     Josh Allen: 50,000+ Passing Yards
kalshi        49.5%    0.0%   99.0%          0          0 NFL     Josh Allen: 60,000+ Passing Yards
kalshi        49.5%    0.0%   99.0%          0          0 NFL     Josh Allen: 70,000+ Passing Yards
RUNNER LIVE MARKET SCOUT — Kalshi + Polymarket
Updated: 2026-09-29T00:32:25.187Z | persisted market events=39558 price events=39558
kalshi:UP 654ms
------------------------------------------------------------------------------------------------------------------------
PROVIDER       PROB     BID     ASK        LIQ        VOL SPORT   MARKET
kalshi        82.5%   80.0%   85.0%          0        757         Will Kylian Mbappe score at least 30 goals in the World Cup 
kalshi        17.5%   15.0%   20.0%          0      2,800         Will Kylian Mbappe score at least 35 goals in the World Cup 
kalshi         5.0%    4.0%    6.0%          0      3,080         Will Kylian Mbappe score at least 40 goals in the World Cup 
kalshi        49.5%    0.0%   99.0%          0          0 NFL     Derrick Henry: 14,000+ Rushing Yards
kalshi        49.5%    0.0%   99.0%          0          0 NFL     Derrick Henry: 15,000+ Rushing Yards
kalshi        49.5%    0.0%   99.0%          0          0 NFL     Derrick Henry: 16,000+ Rushing Yards
kalshi        49.5%    0.0%   99.0%          0          0 NFL     Derrick Henry: 17,000+ Rushing Yards
kalshi        49.5%    0.0%   99.0%          0          0 NFL     Derrick Henry: 18,000+ Rushing Yards
kalshi        49.5%    0.0%   99.0%          0          0 NFL     Derrick Henry: 18,356+ Rushing Yards
kalshi        49.5%    0.0%   99.0%          0          0 NFL     Mike Evans: 14,000+ Receiving Yards
kalshi        49.5%    0.0%   99.0%          0          0 NFL     Mike Evans: 15,000+ Receiving Yards
kalshi        49.5%    0.0%   99.0%          0          0 NFL     Mike Evans: 16,000+ Receiving Yards
kalshi        49.5%    0.0%   99.0%          0          0 NFL     Mike Evans: 17,000+ Receiving Yards
kalshi        49.5%    0.0%   99.0%          0          0 NFL     Mike Evans: 18,000+ Receiving Yards
kalshi        49.5%    0.0%   99.0%          0          0 NFL     Mike Evans: 19,000+ Receiving Yards
kalshi        49.5%    0.0%   99.0%          0          0 NFL     Mike Evans: 20,000+ Receiving Yards
kalshi        49.5%    0.0%   99.0%          0          0 NFL     Mike Evans: 21,000+ Receiving Yards
kalshi        49.5%    0.0%   99.0%          0          0 NFL     Mike Evans: 22,000+ Receiving Yards
kalshi        49.5%    0.0%   99.0%          0          0 NFL     Mike Evans: 22,896+ Receiving Yards
kalshi        96.5%   94.0%   99.0%          0          0 NFL     Patrick Mahomes: 40,000+ Passing Yards
kalshi        87.5%   83.0%   92.0%          0          0 NFL     Patrick Mahomes: 50,000+ Passing Yards
kalshi        63.5%   59.0%   68.0%          0          0 NFL     Patrick Mahomes: 60,000+ Passing Yards
kalshi        38.5%   34.0%   43.0%          0          0 NFL     Patrick Mahomes: 70,000+ Passing Yards
kalshi        16.5%   12.0%   21.0%          0          0 NFL     Patrick Mahomes: 80,000+ Passing Yards
kalshi         5.5%    1.0%   10.0%          0          0 NFL     Patrick Mahomes: 89,215+ Passing Yards
kalshi        49.5%    0.0%   99.0%          0          0 NFL     Josh Allen: 35,000+ Passing Yards
kalshi        49.5%    0.0%   99.0%          0          0 NFL     Josh Allen: 40,000+ Passing Yards
kalshi        49.5%    0.0%   99.0%          0          0 NFL     Josh Allen: 50,000+ Passing Yards
kalshi        49.5%    0.0%   99.0%          0          0 NFL     Josh Allen: 60,000+ Passing Yards
kalshi        49.5%    0.0%   99.0%          0          0 NFL     Josh Allen: 70,000+ Passing Yards
RUNNER LIVE MARKET SCOUT — Kalshi + Polymarket
Updated: 2026-09-29T00:32:56.306Z | persisted market events=39558 price events=39558
kalshi:UP 579ms
------------------------------------------------------------------------------------------------------------------------
PROVIDER       PROB     BID     ASK        LIQ        VOL SPORT   MARKET
kalshi        82.5%   80.0%   85.0%          0        757         Will Kylian Mbappe score at least 30 goals in the World Cup 
kalshi        17.5%   15.0%   20.0%          0      2,800         Will Kylian Mbappe score at least 35 goals in the World Cup 
kalshi         5.0%    4.0%    6.0%          0      3,080         Will Kylian Mbappe score at least 40 goals in the World Cup 
kalshi        49.5%    0.0%   99.0%          0          0 NFL     Derrick Henry: 14,000+ Rushing Yards
kalshi        49.5%    0.0%   99.0%          0          0 NFL     Derrick Henry: 15,000+ Rushing Yards
kalshi        49.5%    0.0%   99.0%          0          0 NFL     Derrick Henry: 16,000+ Rushing Yards
kalshi        49.5%    0.0%   99.0%          0          0 NFL     Derrick Henry: 17,000+ Rushing Yards
kalshi        49.5%    0.0%   99.0%          0          0 NFL     Derrick Henry: 18,000+ Rushing Yards
kalshi        49.5%    0.0%   99.0%          0          0 NFL     Derrick Henry: 18,356+ Rushing Yards
kalshi        49.5%    0.0%   99.0%          0          0 NFL     Mike Evans: 14,000+ Receiving Yards
kalshi        49.5%    0.0%   99.0%          0          0 NFL     Mike Evans: 15,000+ Receiving Yards
kalshi        49.5%    0.0%   99.0%          0          0 NFL     Mike Evans: 16,000+ Receiving Yards
kalshi        49.5%    0.0%   99.0%          0          0 NFL     Mike Evans: 17,000+ Receiving Yards
kalshi        49.5%    0.0%   99.0%          0          0 NFL     Mike Evans: 18,000+ Receiving Yards
kalshi        49.5%    0.0%   99.0%          0          0 NFL     Mike Evans: 19,000+ Receiving Yards
kalshi        49.5%    0.0%   99.0%          0          0 NFL     Mike Evans: 20,000+ Receiving Yards
kalshi        49.5%    0.0%   99.0%          0          0 NFL     Mike Evans: 21,000+ Receiving Yards
kalshi        49.5%    0.0%   99.0%          0          0 NFL     Mike Evans: 22,000+ Receiving Yards
kalshi        49.5%    0.0%   99.0%          0          0 NFL     Mike Evans: 22,896+ Receiving Yards
kalshi        96.5%   94.0%   99.0%          0          0 NFL     Patrick Mahomes: 40,000+ Passing Yards
kalshi        87.5%   83.0%   92.0%          0          0 NFL     Patrick Mahomes: 50,000+ Passing Yards
kalshi        63.5%   59.0%   68.0%          0          0 NFL     Patrick Mahomes: 60,000+ Passing Yards
kalshi        38.5%   34.0%   43.0%          0          0 NFL     Patrick Mahomes: 70,000+ Passing Yards
kalshi        16.5%   12.0%   21.0%          0          0 NFL     Patrick Mahomes: 80,000+ Passing Yards
kalshi         5.5%    1.0%   10.0%          0          0 NFL     Patrick Mahomes: 89,215+ Passing Yards
kalshi        49.5%    0.0%   99.0%          0          0 NFL     Josh Allen: 35,000+ Passing Yards
kalshi        49.5%    0.0%   99.0%          0          0 NFL     Josh Allen: 40,000+ Passing Yards
kalshi        49.5%    0.0%   99.0%          0          0 NFL     Josh Allen: 50,000+ Passing Yards
kalshi        49.5%    0.0%   99.0%          0          0 NFL     Josh Allen: 60,000+ Passing Yards
kalshi        49.5%    0.0%   99.0%          0          0 NFL     Josh Allen: 70,000+ Passing Yards
RUNNER LIVE MARKET SCOUT — Kalshi + Polymarket
Updated: 2026-09-29T00:33:27.630Z | persisted market events=39558 price events=39558
kalshi:UP 671ms
------------------------------------------------------------------------------------------------------------------------
PROVIDER       PROB     BID     ASK        LIQ        VOL SPORT   MARKET
kalshi        82.5%   80.0%   85.0%          0        757         Will Kylian Mbappe score at least 30 goals in the World Cup 
kalshi        16.0%   15.0%   17.0%          0      2,800         Will Kylian Mbappe score at least 35 goals in the World Cup 
kalshi         5.0%    4.0%    6.0%          0      3,080         Will Kylian Mbappe score at least 40 goals in the World Cup 
kalshi        49.5%    0.0%   99.0%          0          0 NFL     Derrick Henry: 14,000+ Rushing Yards
kalshi        49.5%    0.0%   99.0%          0          0 NFL     Derrick Henry: 15,000+ Rushing Yards
kalshi        49.5%    0.0%   99.0%          0          0 NFL     Derrick Henry: 16,000+ Rushing Yards
kalshi        49.5%    0.0%   99.0%          0          0 NFL     Derrick Henry: 17,000+ Rushing Yards
kalshi        49.5%    0.0%   99.0%          0          0 NFL     Derrick Henry: 18,000+ Rushing Yards
kalshi        49.5%    0.0%   99.0%          0          0 NFL     Derrick Henry: 18,356+ Rushing Yards
kalshi        49.5%    0.0%   99.0%          0          0 NFL     Mike Evans: 14,000+ Receiving Yards
kalshi        49.5%    0.0%   99.0%          0          0 NFL     Mike Evans: 15,000+ Receiving Yards
kalshi        49.5%    0.0%   99.0%          0          0 NFL     Mike Evans: 16,000+ Receiving Yards
kalshi        49.5%    0.0%   99.0%          0          0 NFL     Mike Evans: 17,000+ Receiving Yards
kalshi        49.5%    0.0%   99.0%          0          0 NFL     Mike Evans: 18,000+ Receiving Yards
kalshi        49.5%    0.0%   99.0%          0          0 NFL     Mike Evans: 19,000+ Receiving Yards
kalshi        49.5%    0.0%   99.0%          0          0 NFL     Mike Evans: 20,000+ Receiving Yards
kalshi        49.5%    0.0%   99.0%          0          0 NFL     Mike Evans: 21,000+ Receiving Yards
kalshi        49.5%    0.0%   99.0%          0          0 NFL     Mike Evans: 22,000+ Receiving Yards
kalshi        49.5%    0.0%   99.0%          0          0 NFL     Mike Evans: 22,896+ Receiving Yards
kalshi        96.5%   94.0%   99.0%          0          0 NFL     Patrick Mahomes: 40,000+ Passing Yards
kalshi        87.5%   83.0%   92.0%          0          0 NFL     Patrick Mahomes: 50,000+ Passing Yards
kalshi        63.5%   59.0%   68.0%          0          0 NFL     Patrick Mahomes: 60,000+ Passing Yards
kalshi        38.5%   34.0%   43.0%          0          0 NFL     Patrick Mahomes: 70,000+ Passing Yards
kalshi        16.5%   12.0%   21.0%          0          0 NFL     Patrick Mahomes: 80,000+ Passing Yards
kalshi         5.5%    1.0%   10.0%          0          0 NFL     Patrick Mahomes: 89,215+ Passing Yards
kalshi        49.5%    0.0%   99.0%          0          0 NFL     Josh Allen: 35,000+ Passing Yards
kalshi        49.5%    0.0%   99.0%          0          0 NFL     Josh Allen: 40,000+ Passing Yards
kalshi        49.5%    0.0%   99.0%          0          0 NFL     Josh Allen: 50,000+ Passing Yards
kalshi        49.5%    0.0%   99.0%          0          0 NFL     Josh Allen: 60,000+ Passing Yards
kalshi        49.5%    0.0%   99.0%          0          0 NFL     Josh Allen: 70,000+ Passing Yards
RUNNER LIVE MARKET SCOUT — Kalshi + Polymarket
Updated: 2026-09-29T00:33:59.073Z | persisted market events=39558 price events=39558
kalshi:UP 873ms
------------------------------------------------------------------------------------------------------------------------
PROVIDER       PROB     BID     ASK        LIQ        VOL SPORT   MARKET
kalshi        82.5%   80.0%   85.0%          0        757         Will Kylian Mbappe score at least 30 goals in the World Cup 
kalshi        16.0%   15.0%   17.0%          0      2,800         Will Kylian Mbappe score at least 35 goals in the World Cup 
kalshi         5.0%    4.0%    6.0%          0      3,080         Will Kylian Mbappe score at least 40 goals in the World Cup 
kalshi        49.5%    0.0%   99.0%          0          0 NFL     Derrick Henry: 14,000+ Rushing Yards
kalshi        49.5%    0.0%   99.0%          0          0 NFL     Derrick Henry: 15,000+ Rushing Yards
kalshi        49.5%    0.0%   99.0%          0          0 NFL     Derrick Henry: 16,000+ Rushing Yards
kalshi        49.5%    0.0%   99.0%          0          0 NFL     Derrick Henry: 17,000+ Rushing Yards
kalshi        49.5%    0.0%   99.0%          0          0 NFL     Derrick Henry: 18,000+ Rushing Yards
kalshi        49.5%    0.0%   99.0%          0          0 NFL     Derrick Henry: 18,356+ Rushing Yards
kalshi        49.5%    0.0%   99.0%          0          0 NFL     Mike Evans: 14,000+ Receiving Yards
kalshi        49.5%    0.0%   99.0%          0          0 NFL     Mike Evans: 15,000+ Receiving Yards
kalshi        49.5%    0.0%   99.0%          0          0 NFL     Mike Evans: 16,000+ Receiving Yards
kalshi        49.5%    0.0%   99.0%          0          0 NFL     Mike Evans: 17,000+ Receiving Yards
kalshi        49.5%    0.0%   99.0%          0          0 NFL     Mike Evans: 18,000+ Receiving Yards
kalshi        49.5%    0.0%   99.0%          0          0 NFL     Mike Evans: 19,000+ Receiving Yards
kalshi        49.5%    0.0%   99.0%          0          0 NFL     Mike Evans: 20,000+ Receiving Yards
kalshi        49.5%    0.0%   99.0%          0          0 NFL     Mike Evans: 21,000+ Receiving Yards
kalshi        49.5%    0.0%   99.0%          0          0 NFL     Mike Evans: 22,000+ Receiving Yards
kalshi        49.5%    0.0%   99.0%          0          0 NFL     Mike Evans: 22,896+ Receiving Yards
kalshi        96.5%   94.0%   99.0%          0          0 NFL     Patrick Mahomes: 40,000+ Passing Yards
kalshi        87.5%   83.0%   92.0%          0          0 NFL     Patrick Mahomes: 50,000+ Passing Yards
kalshi        63.5%   59.0%   68.0%          0          0 NFL     Patrick Mahomes: 60,000+ Passing Yards
kalshi        38.5%   34.0%   43.0%          0          0 NFL     Patrick Mahomes: 70,000+ Passing Yards
kalshi        16.5%   12.0%   21.0%          0          0 NFL     Patrick Mahomes: 80,000+ Passing Yards
kalshi         5.5%    1.0%   10.0%          0          0 NFL     Patrick Mahomes: 89,215+ Passing Yards
kalshi        49.5%    0.0%   99.0%          0          0 NFL     Josh Allen: 35,000+ Passing Yards
kalshi        49.5%    0.0%   99.0%          0          0 NFL     Josh Allen: 40,000+ Passing Yards
kalshi        49.5%    0.0%   99.0%          0          0 NFL     Josh Allen: 50,000+ Passing Yards
kalshi        49.5%    0.0%   99.0%          0          0 NFL     Josh Allen: 60,000+ Passing Yards
kalshi        49.5%    0.0%   99.0%          0          0 NFL     Josh Allen: 70,000+ Passing Yards
RUNNER LIVE MARKET SCOUT — Kalshi + Polymarket
Updated: 2026-09-29T00:34:30.226Z | persisted market events=39558 price events=39558
kalshi:UP 655ms
------------------------------------------------------------------------------------------------------------------------
PROVIDER       PROB     BID     ASK        LIQ        VOL SPORT   MARKET
kalshi        82.5%   80.0%   85.0%          0        757         Will Kylian Mbappe score at least 30 goals in the World Cup 
kalshi        17.5%   15.0%   20.0%          0      2,800         Will Kylian Mbappe score at least 35 goals in the World Cup 
kalshi         5.0%    4.0%    6.0%          0      3,080         Will Kylian Mbappe score at least 40 goals in the World Cup 
kalshi        49.5%    0.0%   99.0%          0          0 NFL     Derrick Henry: 14,000+ Rushing Yards
kalshi        49.5%    0.0%   99.0%          0          0 NFL     Derrick Henry: 15,000+ Rushing Yards
kalshi        49.5%    0.0%   99.0%          0          0 NFL     Derrick Henry: 16,000+ Rushing Yards
kalshi        49.5%    0.0%   99.0%          0          0 NFL     Derrick Henry: 17,000+ Rushing Yards
kalshi        49.5%    0.0%   99.0%          0          0 NFL     Derrick Henry: 18,000+ Rushing Yards
kalshi        49.5%    0.0%   99.0%          0          0 NFL     Derrick Henry: 18,356+ Rushing Yards
kalshi        49.5%    0.0%   99.0%          0          0 NFL     Mike Evans: 14,000+ Receiving Yards
kalshi        49.5%    0.0%   99.0%          0          0 NFL     Mike Evans: 15,000+ Receiving Yards
kalshi        49.5%    0.0%   99.0%          0          0 NFL     Mike Evans: 16,000+ Receiving Yards
kalshi        49.5%    0.0%   99.0%          0          0 NFL     Mike Evans: 17,000+ Receiving Yards
kalshi        49.5%    0.0%   99.0%          0          0 NFL     Mike Evans: 18,000+ Receiving Yards
kalshi        49.5%    0.0%   99.0%          0          0 NFL     Mike Evans: 19,000+ Receiving Yards
kalshi        49.5%    0.0%   99.0%          0          0 NFL     Mike Evans: 20,000+ Receiving Yards
kalshi        49.5%    0.0%   99.0%          0          0 NFL     Mike Evans: 21,000+ Receiving Yards
kalshi        49.5%    0.0%   99.0%          0          0 NFL     Mike Evans: 22,000+ Receiving Yards
kalshi        49.5%    0.0%   99.0%          0          0 NFL     Mike Evans: 22,896+ Receiving Yards
kalshi        96.5%   94.0%   99.0%          0          0 NFL     Patrick Mahomes: 40,000+ Passing Yards
kalshi        87.5%   83.0%   92.0%          0          0 NFL     Patrick Mahomes: 50,000+ Passing Yards
kalshi        63.5%   59.0%   68.0%          0          0 NFL     Patrick Mahomes: 60,000+ Passing Yards
kalshi        38.5%   34.0%   43.0%          0          0 NFL     Patrick Mahomes: 70,000+ Passing Yards
kalshi        16.5%   12.0%   21.0%          0          0 NFL     Patrick Mahomes: 80,000+ Passing Yards
kalshi         5.5%    1.0%   10.0%          0          0 NFL     Patrick Mahomes: 89,215+ Passing Yards
kalshi        49.5%    0.0%   99.0%          0          0 NFL     Josh Allen: 35,000+ Passing Yards
kalshi        49.5%    0.0%   99.0%          0          0 NFL     Josh Allen: 40,000+ Passing Yards
kalshi        49.5%    0.0%   99.0%          0          0 NFL     Josh Allen: 50,000+ Passing Yards
kalshi        49.5%    0.0%   99.0%          0          0 NFL     Josh Allen: 60,000+ Passing Yards
kalshi        49.5%    0.0%   99.0%          0          0 NFL     Josh Allen: 70,000+ Passing Yards
RUNNER LIVE MARKET SCOUT — Kalshi + Polymarket
Updated: 2026-09-29T00:35:01.869Z | persisted market events=39558 price events=39558
kalshi:UP 808ms
------------------------------------------------------------------------------------------------------------------------
PROVIDER       PROB     BID     ASK        LIQ        VOL SPORT   MARKET
kalshi        82.5%   80.0%   85.0%          0        757         Will Kylian Mbappe score at least 30 goals in the World Cup 
kalshi        17.5%   15.0%   20.0%          0      2,800         Will Kylian Mbappe score at least 35 goals in the World Cup 
kalshi         5.0%    4.0%    6.0%          0      3,080         Will Kylian Mbappe score at least 40 goals in the World Cup 
kalshi        49.5%    0.0%   99.0%          0          0 NFL     Derrick Henry: 14,000+ Rushing Yards
kalshi        49.5%    0.0%   99.0%          0          0 NFL     Derrick Henry: 15,000+ Rushing Yards
kalshi        49.5%    0.0%   99.0%          0          0 NFL     Derrick Henry: 16,000+ Rushing Yards
kalshi        49.5%    0.0%   99.0%          0          0 NFL     Derrick Henry: 17,000+ Rushing Yards
kalshi        49.5%    0.0%   99.0%          0          0 NFL     Derrick Henry: 18,000+ Rushing Yards
kalshi        49.5%    0.0%   99.0%          0          0 NFL     Derrick Henry: 18,356+ Rushing Yards
kalshi        49.5%    0.0%   99.0%          0          0 NFL     Mike Evans: 14,000+ Receiving Yards
kalshi        49.5%    0.0%   99.0%          0          0 NFL     Mike Evans: 15,000+ Receiving Yards
kalshi        49.5%    0.0%   99.0%          0          0 NFL     Mike Evans: 16,000+ Receiving Yards
kalshi        49.5%    0.0%   99.0%          0          0 NFL     Mike Evans: 17,000+ Receiving Yards
kalshi        49.5%    0.0%   99.0%          0          0 NFL     Mike Evans: 18,000+ Receiving Yards
kalshi        49.5%    0.0%   99.0%          0          0 NFL     Mike Evans: 19,000+ Receiving Yards
kalshi        49.5%    0.0%   99.0%          0          0 NFL     Mike Evans: 20,000+ Receiving Yards
kalshi        49.5%    0.0%   99.0%          0          0 NFL     Mike Evans: 21,000+ Receiving Yards
kalshi        49.5%    0.0%   99.0%          0          0 NFL     Mike Evans: 22,000+ Receiving Yards
kalshi        49.5%    0.0%   99.0%          0          0 NFL     Mike Evans: 22,896+ Receiving Yards
kalshi        96.5%   94.0%   99.0%          0          0 NFL     Patrick Mahomes: 40,000+ Passing Yards
kalshi        87.5%   83.0%   92.0%          0          0 NFL     Patrick Mahomes: 50,000+ Passing Yards
kalshi        63.5%   59.0%   68.0%          0          0 NFL     Patrick Mahomes: 60,000+ Passing Yards
kalshi        38.5%   34.0%   43.0%          0          0 NFL     Patrick Mahomes: 70,000+ Passing Yards
kalshi        16.5%   12.0%   21.0%          0          0 NFL     Patrick Mahomes: 80,000+ Passing Yards
kalshi         5.5%    1.0%   10.0%          0          0 NFL     Patrick Mahomes: 89,215+ Passing Yards
kalshi        49.5%    0.0%   99.0%          0          0 NFL     Josh Allen: 35,000+ Passing Yards
kalshi        49.5%    0.0%   99.0%          0          0 NFL     Josh Allen: 40,000+ Passing Yards
kalshi        49.5%    0.0%   99.0%          0          0 NFL     Josh Allen: 50,000+ Passing Yards
kalshi        49.5%    0.0%   99.0%          0          0 NFL     Josh Allen: 60,000+ Passing Yards
kalshi        49.5%    0.0%   99.0%          0          0 NFL     Josh Allen: 70,000+ Passing Yards
RUNNER LIVE MARKET SCOUT — Kalshi + Polymarket
Updated: 2026-09-29T00:35:33.172Z | persisted market events=39558 price events=39558
kalshi:UP 669ms
------------------------------------------------------------------------------------------------------------------------
PROVIDER       PROB     BID     ASK        LIQ        VOL SPORT   MARKET
kalshi        82.5%   80.0%   85.0%          0        757         Will Kylian Mbappe score at least 30 goals in the World Cup 
kalshi        16.0%   15.0%   17.0%          0      2,800         Will Kylian Mbappe score at least 35 goals in the World Cup 
kalshi         5.0%    4.0%    6.0%          0      3,080         Will Kylian Mbappe score at least 40 goals in the World Cup 
kalshi        49.5%    0.0%   99.0%          0          0 NFL     Derrick Henry: 14,000+ Rushing Yards
kalshi        49.5%    0.0%   99.0%          0          0 NFL     Derrick Henry: 15,000+ Rushing Yards
kalshi        49.5%    0.0%   99.0%          0          0 NFL     Derrick Henry: 16,000+ Rushing Yards
kalshi        49.5%    0.0%   99.0%          0          0 NFL     Derrick Henry: 17,000+ Rushing Yards
kalshi        49.5%    0.0%   99.0%          0          0 NFL     Derrick Henry: 18,000+ Rushing Yards
kalshi        49.5%    0.0%   99.0%          0          0 NFL     Derrick Henry: 18,356+ Rushing Yards
kalshi        49.5%    0.0%   99.0%          0          0 NFL     Mike Evans: 14,000+ Receiving Yards
kalshi        49.5%    0.0%   99.0%          0          0 NFL     Mike Evans: 15,000+ Receiving Yards
kalshi        49.5%    0.0%   99.0%          0          0 NFL     Mike Evans: 16,000+ Receiving Yards
kalshi        49.5%    0.0%   99.0%          0          0 NFL     Mike Evans: 17,000+ Receiving Yards
kalshi        49.5%    0.0%   99.0%          0          0 NFL     Mike Evans: 18,000+ Receiving Yards
kalshi        49.5%    0.0%   99.0%          0          0 NFL     Mike Evans: 19,000+ Receiving Yards
kalshi        49.5%    0.0%   99.0%          0          0 NFL     Mike Evans: 20,000+ Receiving Yards
kalshi        49.5%    0.0%   99.0%          0          0 NFL     Mike Evans: 21,000+ Receiving Yards
kalshi        49.5%    0.0%   99.0%          0          0 NFL     Mike Evans: 22,000+ Receiving Yards
kalshi        49.5%    0.0%   99.0%          0          0 NFL     Mike Evans: 22,896+ Receiving Yards
kalshi        96.5%   94.0%   99.0%          0          0 NFL     Patrick Mahomes: 40,000+ Passing Yards
kalshi        87.5%   83.0%   92.0%          0          0 NFL     Patrick Mahomes: 50,000+ Passing Yards
kalshi        63.5%   59.0%   68.0%          0          0 NFL     Patrick Mahomes: 60,000+ Passing Yards
kalshi        38.5%   34.0%   43.0%          0          0 NFL     Patrick Mahomes: 70,000+ Passing Yards
kalshi        16.5%   12.0%   21.0%          0          0 NFL     Patrick Mahomes: 80,000+ Passing Yards
kalshi         5.5%    1.0%   10.0%          0          0 NFL     Patrick Mahomes: 89,215+ Passing Yards
kalshi        49.5%    0.0%   99.0%          0          0 NFL     Josh Allen: 35,000+ Passing Yards
kalshi        49.5%    0.0%   99.0%          0          0 NFL     Josh Allen: 40,000+ Passing Yards
kalshi        49.5%    0.0%   99.0%          0          0 NFL     Josh Allen: 50,000+ Passing Yards
kalshi        49.5%    0.0%   99.0%          0          0 NFL     Josh Allen: 60,000+ Passing Yards
kalshi        49.5%    0.0%   99.0%          0          0 NFL     Josh Allen: 70,000+ Passing Yards
RUNNER LIVE MARKET SCOUT — Kalshi + Polymarket
Updated: 2026-09-29T00:36:04.432Z | persisted market events=39558 price events=39558
kalshi:UP 596ms
------------------------------------------------------------------------------------------------------------------------
PROVIDER       PROB     BID     ASK        LIQ        VOL SPORT   MARKET
kalshi        82.5%   80.0%   85.0%          0        757         Will Kylian Mbappe score at least 30 goals in the World Cup 
kalshi        16.0%   15.0%   17.0%          0      2,800         Will Kylian Mbappe score at least 35 goals in the World Cup 
kalshi         5.0%    4.0%    6.0%          0      3,080         Will Kylian Mbappe score at least 40 goals in the World Cup 
kalshi        49.5%    0.0%   99.0%          0          0 NFL     Derrick Henry: 14,000+ Rushing Yards
kalshi        49.5%    0.0%   99.0%          0          0 NFL     Derrick Henry: 15,000+ Rushing Yards
kalshi        49.5%    0.0%   99.0%          0          0 NFL     Derrick Henry: 16,000+ Rushing Yards
kalshi        49.5%    0.0%   99.0%          0          0 NFL     Derrick Henry: 17,000+ Rushing Yards
kalshi        49.5%    0.0%   99.0%          0          0 NFL     Derrick Henry: 18,000+ Rushing Yards
kalshi        49.5%    0.0%   99.0%          0          0 NFL     Derrick Henry: 18,356+ Rushing Yards
kalshi        49.5%    0.0%   99.0%          0          0 NFL     Mike Evans: 14,000+ Receiving Yards
kalshi        49.5%    0.0%   99.0%          0          0 NFL     Mike Evans: 15,000+ Receiving Yards
kalshi        49.5%    0.0%   99.0%          0          0 NFL     Mike Evans: 16,000+ Receiving Yards
kalshi        49.5%    0.0%   99.0%          0          0 NFL     Mike Evans: 17,000+ Receiving Yards
kalshi        49.5%    0.0%   99.0%          0          0 NFL     Mike Evans: 18,000+ Receiving Yards
kalshi        49.5%    0.0%   99.0%          0          0 NFL     Mike Evans: 19,000+ Receiving Yards
kalshi        49.5%    0.0%   99.0%          0          0 NFL     Mike Evans: 20,000+ Receiving Yards
kalshi        49.5%    0.0%   99.0%          0          0 NFL     Mike Evans: 21,000+ Receiving Yards
kalshi        49.5%    0.0%   99.0%          0          0 NFL     Mike Evans: 22,000+ Receiving Yards
kalshi        49.5%    0.0%   99.0%          0          0 NFL     Mike Evans: 22,896+ Receiving Yards
kalshi        96.5%   94.0%   99.0%          0          0 NFL     Patrick Mahomes: 40,000+ Passing Yards
kalshi        87.5%   83.0%   92.0%          0          0 NFL     Patrick Mahomes: 50,000+ Passing Yards
kalshi        63.5%   59.0%   68.0%          0          0 NFL     Patrick Mahomes: 60,000+ Passing Yards
kalshi        38.5%   34.0%   43.0%          0          0 NFL     Patrick Mahomes: 70,000+ Passing Yards
kalshi        16.5%   12.0%   21.0%          0          0 NFL     Patrick Mahomes: 80,000+ Passing Yards
kalshi         5.5%    1.0%   10.0%          0          0 NFL     Patrick Mahomes: 89,215+ Passing Yards
kalshi        49.5%    0.0%   99.0%          0          0 NFL     Josh Allen: 35,000+ Passing Yards
kalshi        49.5%    0.0%   99.0%          0          0 NFL     Josh Allen: 40,000+ Passing Yards
kalshi        49.5%    0.0%   99.0%          0          0 NFL     Josh Allen: 50,000+ Passing Yards
kalshi        49.5%    0.0%   99.0%          0          0 NFL     Josh Allen: 60,000+ Passing Yards
kalshi        49.5%    0.0%   99.0%          0          0 NFL     Josh Allen: 70,000+ Passing Yards
RUNNER LIVE MARKET SCOUT — Kalshi + Polymarket
Updated: 2026-09-29T00:36:35.911Z | persisted market events=39558 price events=39558
kalshi:UP 702ms
------------------------------------------------------------------------------------------------------------------------
PROVIDER       PROB     BID     ASK        LIQ        VOL SPORT   MARKET
kalshi        82.5%   80.0%   85.0%          0        757         Will Kylian Mbappe score at least 30 goals in the World Cup 
kalshi        17.5%   15.0%   20.0%          0      2,800         Will Kylian Mbappe score at least 35 goals in the World Cup 
kalshi         5.0%    4.0%    6.0%          0      3,080         Will Kylian Mbappe score at least 40 goals in the World Cup 
kalshi        49.5%    0.0%   99.0%          0          0 NFL     Derrick Henry: 14,000+ Rushing Yards
kalshi        49.5%    0.0%   99.0%          0          0 NFL     Derrick Henry: 15,000+ Rushing Yards
kalshi        49.5%    0.0%   99.0%          0          0 NFL     Derrick Henry: 16,000+ Rushing Yards
kalshi        49.5%    0.0%   99.0%          0          0 NFL     Derrick Henry: 17,000+ Rushing Yards
kalshi        49.5%    0.0%   99.0%          0          0 NFL     Derrick Henry: 18,000+ Rushing Yards
kalshi        49.5%    0.0%   99.0%          0          0 NFL     Derrick Henry: 18,356+ Rushing Yards
kalshi        49.5%    0.0%   99.0%          0          0 NFL     Mike Evans: 14,000+ Receiving Yards
kalshi        49.5%    0.0%   99.0%          0          0 NFL     Mike Evans: 15,000+ Receiving Yards
kalshi        49.5%    0.0%   99.0%          0          0 NFL     Mike Evans: 16,000+ Receiving Yards
kalshi        49.5%    0.0%   99.0%          0          0 NFL     Mike Evans: 17,000+ Receiving Yards
kalshi        49.5%    0.0%   99.0%          0          0 NFL     Mike Evans: 18,000+ Receiving Yards
kalshi        49.5%    0.0%   99.0%          0          0 NFL     Mike Evans: 19,000+ Receiving Yards
kalshi        49.5%    0.0%   99.0%          0          0 NFL     Mike Evans: 20,000+ Receiving Yards
kalshi        49.5%    0.0%   99.0%          0          0 NFL     Mike Evans: 21,000+ Receiving Yards
kalshi        49.5%    0.0%   99.0%          0          0 NFL     Mike Evans: 22,000+ Receiving Yards
kalshi        49.5%    0.0%   99.0%          0          0 NFL     Mike Evans: 22,896+ Receiving Yards
kalshi        96.5%   94.0%   99.0%          0          0 NFL     Patrick Mahomes: 40,000+ Passing Yards
kalshi        87.5%   83.0%   92.0%          0          0 NFL     Patrick Mahomes: 50,000+ Passing Yards
kalshi        63.5%   59.0%   68.0%          0          0 NFL     Patrick Mahomes: 60,000+ Passing Yards
kalshi        38.5%   34.0%   43.0%          0          0 NFL     Patrick Mahomes: 70,000+ Passing Yards
kalshi        16.5%   12.0%   21.0%          0          0 NFL     Patrick Mahomes: 80,000+ Passing Yards
kalshi         5.5%    1.0%   10.0%          0          0 NFL     Patrick Mahomes: 89,215+ Passing Yards
kalshi        49.5%    0.0%   99.0%          0          0 NFL     Josh Allen: 35,000+ Passing Yards
kalshi        49.5%    0.0%   99.0%          0          0 NFL     Josh Allen: 40,000+ Passing Yards
kalshi        49.5%    0.0%   99.0%          0          0 NFL     Josh Allen: 50,000+ Passing Yards
kalshi        49.5%    0.0%   99.0%          0          0 NFL     Josh Allen: 60,000+ Passing Yards
kalshi        49.5%    0.0%   99.0%          0          0 NFL     Josh Allen: 70,000+ Passing Yards
RUNNER LIVE MARKET SCOUT — Kalshi + Polymarket
Updated: 2026-09-29T00:37:07.616Z | persisted market events=39558 price events=39558
kalshi:UP 1045ms
------------------------------------------------------------------------------------------------------------------------
PROVIDER       PROB     BID     ASK        LIQ        VOL SPORT   MARKET
kalshi        82.5%   80.0%   85.0%          0        757         Will Kylian Mbappe score at least 30 goals in the World Cup 
kalshi        17.5%   15.0%   20.0%          0      2,800         Will Kylian Mbappe score at least 35 goals in the World Cup 
kalshi         5.0%    4.0%    6.0%          0      3,080         Will Kylian Mbappe score at least 40 goals in the World Cup 
kalshi        49.5%    0.0%   99.0%          0          0 NFL     Derrick Henry: 14,000+ Rushing Yards
kalshi        49.5%    0.0%   99.0%          0          0 NFL     Derrick Henry: 15,000+ Rushing Yards
kalshi        49.5%    0.0%   99.0%          0          0 NFL     Derrick Henry: 16,000+ Rushing Yards
kalshi        49.5%    0.0%   99.0%          0          0 NFL     Derrick Henry: 17,000+ Rushing Yards
kalshi        49.5%    0.0%   99.0%          0          0 NFL     Derrick Henry: 18,000+ Rushing Yards
kalshi        49.5%    0.0%   99.0%          0          0 NFL     Derrick Henry: 18,356+ Rushing Yards
kalshi        49.5%    0.0%   99.0%          0          0 NFL     Mike Evans: 14,000+ Receiving Yards
kalshi        49.5%    0.0%   99.0%          0          0 NFL     Mike Evans: 15,000+ Receiving Yards
kalshi        49.5%    0.0%   99.0%          0          0 NFL     Mike Evans: 16,000+ Receiving Yards
kalshi        49.5%    0.0%   99.0%          0          0 NFL     Mike Evans: 17,000+ Receiving Yards
kalshi        49.5%    0.0%   99.0%          0          0 NFL     Mike Evans: 18,000+ Receiving Yards
kalshi        49.5%    0.0%   99.0%          0          0 NFL     Mike Evans: 19,000+ Receiving Yards
kalshi        49.5%    0.0%   99.0%          0          0 NFL     Mike Evans: 20,000+ Receiving Yards
kalshi        49.5%    0.0%   99.0%          0          0 NFL     Mike Evans: 21,000+ Receiving Yards
kalshi        49.5%    0.0%   99.0%          0          0 NFL     Mike Evans: 22,000+ Receiving Yards
kalshi        49.5%    0.0%   99.0%          0          0 NFL     Mike Evans: 22,896+ Receiving Yards
kalshi        96.5%   94.0%   99.0%          0          0 NFL     Patrick Mahomes: 40,000+ Passing Yards
kalshi        87.5%   83.0%   92.0%          0          0 NFL     Patrick Mahomes: 50,000+ Passing Yards
kalshi        63.5%   59.0%   68.0%          0          0 NFL     Patrick Mahomes: 60,000+ Passing Yards
kalshi        38.5%   34.0%   43.0%          0          0 NFL     Patrick Mahomes: 70,000+ Passing Yards
kalshi        16.5%   12.0%   21.0%          0          0 NFL     Patrick Mahomes: 80,000+ Passing Yards
kalshi         5.5%    1.0%   10.0%          0          0 NFL     Patrick Mahomes: 89,215+ Passing Yards
kalshi        49.5%    0.0%   99.0%          0          0 NFL     Josh Allen: 35,000+ Passing Yards
kalshi        49.5%    0.0%   99.0%          0          0 NFL     Josh Allen: 40,000+ Passing Yards
kalshi        49.5%    0.0%   99.0%          0          0 NFL     Josh Allen: 50,000+ Passing Yards
kalshi        49.5%    0.0%   99.0%          0          0 NFL     Josh Allen: 60,000+ Passing Yards
kalshi        49.5%    0.0%   99.0%          0          0 NFL     Josh Allen: 70,000+ Passing Yards
RUNNER LIVE MARKET SCOUT — Kalshi + Polymarket
Updated: 2026-09-29T00:37:38.831Z | persisted market events=39558 price events=39558
kalshi:UP 698ms
------------------------------------------------------------------------------------------------------------------------
PROVIDER       PROB     BID     ASK        LIQ        VOL SPORT   MARKET
kalshi        82.5%   80.0%   85.0%          0        757         Will Kylian Mbappe score at least 30 goals in the World Cup 
kalshi        17.5%   15.0%   20.0%          0      2,800         Will Kylian Mbappe score at least 35 goals in the World Cup 
kalshi         5.0%    4.0%    6.0%          0      3,080         Will Kylian Mbappe score at least 40 goals in the World Cup 
kalshi        49.5%    0.0%   99.0%          0          0 NFL     Derrick Henry: 14,000+ Rushing Yards
kalshi        49.5%    0.0%   99.0%          0          0 NFL     Derrick Henry: 15,000+ Rushing Yards
kalshi        49.5%    0.0%   99.0%          0          0 NFL     Derrick Henry: 16,000+ Rushing Yards
kalshi        49.5%    0.0%   99.0%          0          0 NFL     Derrick Henry: 17,000+ Rushing Yards
kalshi        49.5%    0.0%   99.0%          0          0 NFL     Derrick Henry: 18,000+ Rushing Yards
kalshi        49.5%    0.0%   99.0%          0          0 NFL     Derrick Henry: 18,356+ Rushing Yards
kalshi        49.5%    0.0%   99.0%          0          0 NFL     Mike Evans: 14,000+ Receiving Yards
kalshi        49.5%    0.0%   99.0%          0          0 NFL     Mike Evans: 15,000+ Receiving Yards
kalshi        49.5%    0.0%   99.0%          0          0 NFL     Mike Evans: 16,000+ Receiving Yards
kalshi        49.5%    0.0%   99.0%          0          0 NFL     Mike Evans: 17,000+ Receiving Yards
kalshi        49.5%    0.0%   99.0%          0          0 NFL     Mike Evans: 18,000+ Receiving Yards
kalshi        49.5%    0.0%   99.0%          0          0 NFL     Mike Evans: 19,000+ Receiving Yards
kalshi        49.5%    0.0%   99.0%          0          0 NFL     Mike Evans: 20,000+ Receiving Yards
kalshi        49.5%    0.0%   99.0%          0          0 NFL     Mike Evans: 21,000+ Receiving Yards
kalshi        49.5%    0.0%   99.0%          0          0 NFL     Mike Evans: 22,000+ Receiving Yards
kalshi        49.5%    0.0%   99.0%          0          0 NFL     Mike Evans: 22,896+ Receiving Yards
kalshi        96.5%   94.0%   99.0%          0          0 NFL     Patrick Mahomes: 40,000+ Passing Yards
kalshi        87.5%   83.0%   92.0%          0          0 NFL     Patrick Mahomes: 50,000+ Passing Yards
kalshi        63.5%   59.0%   68.0%          0          0 NFL     Patrick Mahomes: 60,000+ Passing Yards
kalshi        38.5%   34.0%   43.0%          0          0 NFL     Patrick Mahomes: 70,000+ Passing Yards
kalshi        16.5%   12.0%   21.0%          0          0 NFL     Patrick Mahomes: 80,000+ Passing Yards
kalshi         5.5%    1.0%   10.0%          0          0 NFL     Patrick Mahomes: 89,215+ Passing Yards
kalshi        49.5%    0.0%   99.0%          0          0 NFL     Josh Allen: 35,000+ Passing Yards
kalshi        49.5%    0.0%   99.0%          0          0 NFL     Josh Allen: 40,000+ Passing Yards
kalshi        49.5%    0.0%   99.0%          0          0 NFL     Josh Allen: 50,000+ Passing Yards
kalshi        49.5%    0.0%   99.0%          0          0 NFL     Josh Allen: 60,000+ Passing Yards
kalshi        49.5%    0.0%   99.0%          0          0 NFL     Josh Allen: 70,000+ Passing Yards
RUNNER LIVE MARKET SCOUT — Kalshi + Polymarket
Updated: 2026-09-29T00:38:10.284Z | persisted market events=39558 price events=39558
kalshi:UP 773ms
------------------------------------------------------------------------------------------------------------------------
PROVIDER       PROB     BID     ASK        LIQ        VOL SPORT   MARKET
kalshi        82.5%   80.0%   85.0%          0        757         Will Kylian Mbappe score at least 30 goals in the World Cup 
kalshi        16.0%   15.0%   17.0%          0      2,800         Will Kylian Mbappe score at least 35 goals in the World Cup 
kalshi         5.0%    4.0%    6.0%          0      3,080         Will Kylian Mbappe score at least 40 goals in the World Cup 
kalshi        49.5%    0.0%   99.0%          0          0 NFL     Derrick Henry: 14,000+ Rushing Yards
kalshi        49.5%    0.0%   99.0%          0          0 NFL     Derrick Henry: 15,000+ Rushing Yards
kalshi        49.5%    0.0%   99.0%          0          0 NFL     Derrick Henry: 16,000+ Rushing Yards
kalshi        49.5%    0.0%   99.0%          0          0 NFL     Derrick Henry: 17,000+ Rushing Yards
kalshi        49.5%    0.0%   99.0%          0          0 NFL     Derrick Henry: 18,000+ Rushing Yards
kalshi        49.5%    0.0%   99.0%          0          0 NFL     Derrick Henry: 18,356+ Rushing Yards
kalshi        49.5%    0.0%   99.0%          0          0 NFL     Mike Evans: 14,000+ Receiving Yards
kalshi        49.5%    0.0%   99.0%          0          0 NFL     Mike Evans: 15,000+ Receiving Yards
kalshi        49.5%    0.0%   99.0%          0          0 NFL     Mike Evans: 16,000+ Receiving Yards
kalshi        49.5%    0.0%   99.0%          0          0 NFL     Mike Evans: 17,000+ Receiving Yards
kalshi        49.5%    0.0%   99.0%          0          0 NFL     Mike Evans: 18,000+ Receiving Yards
kalshi        49.5%    0.0%   99.0%          0          0 NFL     Mike Evans: 19,000+ Receiving Yards
kalshi        49.5%    0.0%   99.0%          0          0 NFL     Mike Evans: 20,000+ Receiving Yards
kalshi        49.5%    0.0%   99.0%          0          0 NFL     Mike Evans: 21,000+ Receiving Yards
kalshi        49.5%    0.0%   99.0%          0          0 NFL     Mike Evans: 22,000+ Receiving Yards
kalshi        49.5%    0.0%   99.0%          0          0 NFL     Mike Evans: 22,896+ Receiving Yards
kalshi        96.5%   94.0%   99.0%          0          0 NFL     Patrick Mahomes: 40,000+ Passing Yards
kalshi        87.5%   83.0%   92.0%          0          0 NFL     Patrick Mahomes: 50,000+ Passing Yards
kalshi        63.5%   59.0%   68.0%          0          0 NFL     Patrick Mahomes: 60,000+ Passing Yards
kalshi        38.5%   34.0%   43.0%          0          0 NFL     Patrick Mahomes: 70,000+ Passing Yards
kalshi        16.5%   12.0%   21.0%          0          0 NFL     Patrick Mahomes: 80,000+ Passing Yards
kalshi         5.5%    1.0%   10.0%          0          0 NFL     Patrick Mahomes: 89,215+ Passing Yards
kalshi        49.5%    0.0%   99.0%          0          0 NFL     Josh Allen: 35,000+ Passing Yards
kalshi        49.5%    0.0%   99.0%          0          0 NFL     Josh Allen: 40,000+ Passing Yards
kalshi        49.5%    0.0%   99.0%          0          0 NFL     Josh Allen: 50,000+ Passing Yards
kalshi        49.5%    0.0%   99.0%          0          0 NFL     Josh Allen: 60,000+ Passing Yards
kalshi        49.5%    0.0%   99.0%          0          0 NFL     Josh Allen: 70,000+ Passing Yards
RUNNER LIVE MARKET SCOUT — Kalshi + Polymarket
Updated: 2026-09-29T00:38:41.657Z | persisted market events=39565 price events=39565
kalshi:UP 693ms
------------------------------------------------------------------------------------------------------------------------
PROVIDER       PROB     BID     ASK        LIQ        VOL SPORT   MARKET
kalshi        82.5%   80.0%   85.0%          0        757         Will Kylian Mbappe score at least 30 goals in the World Cup 
kalshi        16.0%   15.0%   17.0%          0      2,800         Will Kylian Mbappe score at least 35 goals in the World Cup 
kalshi         5.0%    4.0%    6.0%          0      3,080         Will Kylian Mbappe score at least 40 goals in the World Cup 
kalshi        49.5%    0.0%   99.0%          0          0 NFL     Derrick Henry: 14,000+ Rushing Yards
kalshi        49.5%    0.0%   99.0%          0          0 NFL     Derrick Henry: 15,000+ Rushing Yards
kalshi        49.5%    0.0%   99.0%          0          0 NFL     Derrick Henry: 16,000+ Rushing Yards
kalshi        49.5%    0.0%   99.0%          0          0 NFL     Derrick Henry: 17,000+ Rushing Yards
kalshi        49.5%    0.0%   99.0%          0          0 NFL     Derrick Henry: 18,000+ Rushing Yards
kalshi        49.5%    0.0%   99.0%          0          0 NFL     Derrick Henry: 18,356+ Rushing Yards
kalshi        49.5%    0.0%   99.0%          0          0 NFL     Mike Evans: 14,000+ Receiving Yards
kalshi        49.5%    0.0%   99.0%          0          0 NFL     Mike Evans: 15,000+ Receiving Yards
kalshi        49.5%    0.0%   99.0%          0          0 NFL     Mike Evans: 16,000+ Receiving Yards
kalshi        49.5%    0.0%   99.0%          0          0 NFL     Mike Evans: 17,000+ Receiving Yards
kalshi        49.5%    0.0%   99.0%          0          0 NFL     Mike Evans: 18,000+ Receiving Yards
kalshi        49.5%    0.0%   99.0%          0          0 NFL     Mike Evans: 19,000+ Receiving Yards
kalshi        49.5%    0.0%   99.0%          0          0 NFL     Mike Evans: 20,000+ Receiving Yards
kalshi        49.5%    0.0%   99.0%          0          0 NFL     Mike Evans: 21,000+ Receiving Yards
kalshi        49.5%    0.0%   99.0%          0          0 NFL     Mike Evans: 22,000+ Receiving Yards
kalshi        49.5%    0.0%   99.0%          0          0 NFL     Mike Evans: 22,896+ Receiving Yards
kalshi        96.5%   94.0%   99.0%          0          0 NFL     Patrick Mahomes: 40,000+ Passing Yards
kalshi        87.5%   83.0%   92.0%          0          0 NFL     Patrick Mahomes: 50,000+ Passing Yards
kalshi        63.5%   59.0%   68.0%          0          0 NFL     Patrick Mahomes: 60,000+ Passing Yards
kalshi        38.5%   34.0%   43.0%          0          0 NFL     Patrick Mahomes: 70,000+ Passing Yards
kalshi        16.5%   12.0%   21.0%          0          0 NFL     Patrick Mahomes: 80,000+ Passing Yards
kalshi         5.5%    1.0%   10.0%          0          0 NFL     Patrick Mahomes: 89,215+ Passing Yards
kalshi        49.5%    0.0%   99.0%          0          0 NFL     Josh Allen: 35,000+ Passing Yards
kalshi        49.5%    0.0%   99.0%          0          0 NFL     Josh Allen: 40,000+ Passing Yards
kalshi        49.5%    0.0%   99.0%          0          0 NFL     Josh Allen: 50,000+ Passing Yards
kalshi        49.5%    0.0%   99.0%          0          0 NFL     Josh Allen: 60,000+ Passing Yards
kalshi        49.5%    0.0%   99.0%          0          0 NFL     Josh Allen: 70,000+ Passing Yards
RUNNER LIVE MARKET SCOUT — Kalshi + Polymarket
Updated: 2026-09-29T00:39:13.422Z | persisted market events=39565 price events=39565
kalshi:UP 690ms
------------------------------------------------------------------------------------------------------------------------
PROVIDER       PROB     BID     ASK        LIQ        VOL SPORT   MARKET
kalshi        82.5%   80.0%   85.0%          0        757         Will Kylian Mbappe score at least 30 goals in the World Cup 
kalshi        16.0%   15.0%   17.0%          0      2,800         Will Kylian Mbappe score at least 35 goals in the World Cup 
kalshi         5.0%    4.0%    6.0%          0      3,080         Will Kylian Mbappe score at least 40 goals in the World Cup 
kalshi        49.5%    0.0%   99.0%          0          0 NFL     Derrick Henry: 14,000+ Rushing Yards
kalshi        49.5%    0.0%   99.0%          0          0 NFL     Derrick Henry: 15,000+ Rushing Yards
kalshi        49.5%    0.0%   99.0%          0          0 NFL     Derrick Henry: 16,000+ Rushing Yards
kalshi        49.5%    0.0%   99.0%          0          0 NFL     Derrick Henry: 17,000+ Rushing Yards
kalshi        49.5%    0.0%   99.0%          0          0 NFL     Derrick Henry: 18,000+ Rushing Yards
kalshi        49.5%    0.0%   99.0%          0          0 NFL     Derrick Henry: 18,356+ Rushing Yards
kalshi        49.5%    0.0%   99.0%          0          0 NFL     Mike Evans: 14,000+ Receiving Yards
kalshi        49.5%    0.0%   99.0%          0          0 NFL     Mike Evans: 15,000+ Receiving Yards
kalshi        49.5%    0.0%   99.0%          0          0 NFL     Mike Evans: 16,000+ Receiving Yards
kalshi        49.5%    0.0%   99.0%          0          0 NFL     Mike Evans: 17,000+ Receiving Yards
kalshi        49.5%    0.0%   99.0%          0          0 NFL     Mike Evans: 18,000+ Receiving Yards
kalshi        49.5%    0.0%   99.0%          0          0 NFL     Mike Evans: 19,000+ Receiving Yards
kalshi        49.5%    0.0%   99.0%          0          0 NFL     Mike Evans: 20,000+ Receiving Yards
kalshi        49.5%    0.0%   99.0%          0          0 NFL     Mike Evans: 21,000+ Receiving Yards
kalshi        49.5%    0.0%   99.0%          0          0 NFL     Mike Evans: 22,000+ Receiving Yards
kalshi        49.5%    0.0%   99.0%          0          0 NFL     Mike Evans: 22,896+ Receiving Yards
kalshi        96.5%   94.0%   99.0%          0          0 NFL     Patrick Mahomes: 40,000+ Passing Yards
kalshi        87.5%   83.0%   92.0%          0          0 NFL     Patrick Mahomes: 50,000+ Passing Yards
kalshi        63.5%   59.0%   68.0%          0          0 NFL     Patrick Mahomes: 60,000+ Passing Yards
kalshi        38.5%   34.0%   43.0%          0          0 NFL     Patrick Mahomes: 70,000+ Passing Yards
kalshi        16.5%   12.0%   21.0%          0          0 NFL     Patrick Mahomes: 80,000+ Passing Yards
kalshi         5.5%    1.0%   10.0%          0          0 NFL     Patrick Mahomes: 89,215+ Passing Yards
kalshi        49.5%    0.0%   99.0%          0          0 NFL     Josh Allen: 35,000+ Passing Yards
kalshi        49.5%    0.0%   99.0%          0          0 NFL     Josh Allen: 40,000+ Passing Yards
kalshi        49.5%    0.0%   99.0%          0          0 NFL     Josh Allen: 50,000+ Passing Yards
kalshi        49.5%    0.0%   99.0%          0          0 NFL     Josh Allen: 60,000+ Passing Yards
kalshi        49.5%    0.0%   99.0%          0          0 NFL     Josh Allen: 70,000+ Passing Yards
RUNNER LIVE MARKET SCOUT — Kalshi + Polymarket
Updated: 2026-09-29T00:39:44.675Z | persisted market events=39565 price events=39565
kalshi:UP 695ms
------------------------------------------------------------------------------------------------------------------------
PROVIDER       PROB     BID     ASK        LIQ        VOL SPORT   MARKET
kalshi        82.5%   80.0%   85.0%          0        757         Will Kylian Mbappe score at least 30 goals in the World Cup 
kalshi        17.5%   15.0%   20.0%          0      2,800         Will Kylian Mbappe score at least 35 goals in the World Cup 
kalshi         5.0%    4.0%    6.0%          0      3,080         Will Kylian Mbappe score at least 40 goals in the World Cup 
kalshi        49.5%    0.0%   99.0%          0          0 NFL     Derrick Henry: 14,000+ Rushing Yards
kalshi        49.5%    0.0%   99.0%          0          0 NFL     Derrick Henry: 15,000+ Rushing Yards
kalshi        49.5%    0.0%   99.0%          0          0 NFL     Derrick Henry: 16,000+ Rushing Yards
kalshi        49.5%    0.0%   99.0%          0          0 NFL     Derrick Henry: 17,000+ Rushing Yards
kalshi        49.5%    0.0%   99.0%          0          0 NFL     Derrick Henry: 18,000+ Rushing Yards
kalshi        49.5%    0.0%   99.0%          0          0 NFL     Derrick Henry: 18,356+ Rushing Yards
kalshi        49.5%    0.0%   99.0%          0          0 NFL     Mike Evans: 14,000+ Receiving Yards
kalshi        49.5%    0.0%   99.0%          0          0 NFL     Mike Evans: 15,000+ Receiving Yards
kalshi        49.5%    0.0%   99.0%          0          0 NFL     Mike Evans: 16,000+ Receiving Yards
kalshi        49.5%    0.0%   99.0%          0          0 NFL     Mike Evans: 17,000+ Receiving Yards
kalshi        49.5%    0.0%   99.0%          0          0 NFL     Mike Evans: 18,000+ Receiving Yards
kalshi        49.5%    0.0%   99.0%          0          0 NFL     Mike Evans: 19,000+ Receiving Yards
kalshi        49.5%    0.0%   99.0%          0          0 NFL     Mike Evans: 20,000+ Receiving Yards
kalshi        49.5%    0.0%   99.0%          0          0 NFL     Mike Evans: 21,000+ Receiving Yards
kalshi        49.5%    0.0%   99.0%          0          0 NFL     Mike Evans: 22,000+ Receiving Yards
kalshi        49.5%    0.0%   99.0%          0          0 NFL     Mike Evans: 22,896+ Receiving Yards
kalshi        96.5%   94.0%   99.0%          0          0 NFL     Patrick Mahomes: 40,000+ Passing Yards
kalshi        87.5%   83.0%   92.0%          0          0 NFL     Patrick Mahomes: 50,000+ Passing Yards
kalshi        63.5%   59.0%   68.0%          0          0 NFL     Patrick Mahomes: 60,000+ Passing Yards
kalshi        38.5%   34.0%   43.0%          0          0 NFL     Patrick Mahomes: 70,000+ Passing Yards
kalshi        16.5%   12.0%   21.0%          0          0 NFL     Patrick Mahomes: 80,000+ Passing Yards
kalshi         5.5%    1.0%   10.0%          0          0 NFL     Patrick Mahomes: 89,215+ Passing Yards
kalshi        49.5%    0.0%   99.0%          0          0 NFL     Josh Allen: 35,000+ Passing Yards
kalshi        49.5%    0.0%   99.0%          0          0 NFL     Josh Allen: 40,000+ Passing Yards
kalshi        49.5%    0.0%   99.0%          0          0 NFL     Josh Allen: 50,000+ Passing Yards
kalshi        49.5%    0.0%   99.0%          0          0 NFL     Josh Allen: 60,000+ Passing Yards
kalshi        49.5%    0.0%   99.0%          0          0 NFL     Josh Allen: 70,000+ Passing Yards
RUNNER LIVE MARKET SCOUT — Kalshi + Polymarket
Updated: 2026-09-29T00:40:15.887Z | persisted market events=39565 price events=39565
kalshi:UP 663ms
------------------------------------------------------------------------------------------------------------------------
PROVIDER       PROB     BID     ASK        LIQ        VOL SPORT   MARKET
kalshi        82.5%   80.0%   85.0%          0        757         Will Kylian Mbappe score at least 30 goals in the World Cup 
kalshi        17.5%   15.0%   20.0%          0      2,800         Will Kylian Mbappe score at least 35 goals in the World Cup 
kalshi         5.0%    4.0%    6.0%          0      3,080         Will Kylian Mbappe score at least 40 goals in the World Cup 
kalshi        49.5%    0.0%   99.0%          0          0 NFL     Derrick Henry: 14,000+ Rushing Yards
kalshi        49.5%    0.0%   99.0%          0          0 NFL     Derrick Henry: 15,000+ Rushing Yards
kalshi        49.5%    0.0%   99.0%          0          0 NFL     Derrick Henry: 16,000+ Rushing Yards
kalshi        49.5%    0.0%   99.0%          0          0 NFL     Derrick Henry: 17,000+ Rushing Yards
kalshi        49.5%    0.0%   99.0%          0          0 NFL     Derrick Henry: 18,000+ Rushing Yards
kalshi        49.5%    0.0%   99.0%          0          0 NFL     Derrick Henry: 18,356+ Rushing Yards
kalshi        49.5%    0.0%   99.0%          0          0 NFL     Mike Evans: 14,000+ Receiving Yards
kalshi        49.5%    0.0%   99.0%          0          0 NFL     Mike Evans: 15,000+ Receiving Yards
kalshi        49.5%    0.0%   99.0%          0          0 NFL     Mike Evans: 16,000+ Receiving Yards
kalshi        49.5%    0.0%   99.0%          0          0 NFL     Mike Evans: 17,000+ Receiving Yards
kalshi        49.5%    0.0%   99.0%          0          0 NFL     Mike Evans: 18,000+ Receiving Yards
kalshi        49.5%    0.0%   99.0%          0          0 NFL     Mike Evans: 19,000+ Receiving Yards
kalshi        49.5%    0.0%   99.0%          0          0 NFL     Mike Evans: 20,000+ Receiving Yards
kalshi        49.5%    0.0%   99.0%          0          0 NFL     Mike Evans: 21,000+ Receiving Yards
kalshi        49.5%    0.0%   99.0%          0          0 NFL     Mike Evans: 22,000+ Receiving Yards
kalshi        49.5%    0.0%   99.0%          0          0 NFL     Mike Evans: 22,896+ Receiving Yards
kalshi        96.5%   94.0%   99.0%          0          0 NFL     Patrick Mahomes: 40,000+ Passing Yards
kalshi        87.5%   83.0%   92.0%          0          0 NFL     Patrick Mahomes: 50,000+ Passing Yards
kalshi        63.5%   59.0%   68.0%          0          0 NFL     Patrick Mahomes: 60,000+ Passing Yards
kalshi        38.5%   34.0%   43.0%          0          0 NFL     Patrick Mahomes: 70,000+ Passing Yards
kalshi        16.5%   12.0%   21.0%          0          0 NFL     Patrick Mahomes: 80,000+ Passing Yards
kalshi         5.5%    1.0%   10.0%          0          0 NFL     Patrick Mahomes: 89,215+ Passing Yards
kalshi        49.5%    0.0%   99.0%          0          0 NFL     Josh Allen: 35,000+ Passing Yards
kalshi        49.5%    0.0%   99.0%          0          0 NFL     Josh Allen: 40,000+ Passing Yards
kalshi        49.5%    0.0%   99.0%          0          0 NFL     Josh Allen: 50,000+ Passing Yards
kalshi        49.5%    0.0%   99.0%          0          0 NFL     Josh Allen: 60,000+ Passing Yards
kalshi        49.5%    0.0%   99.0%          0          0 NFL     Josh Allen: 70,000+ Passing Yards
RUNNER LIVE MARKET SCOUT — Kalshi + Polymarket
Updated: 2026-09-29T00:40:46.907Z | persisted market events=39568 price events=39568
kalshi:UP 608ms
------------------------------------------------------------------------------------------------------------------------
PROVIDER       PROB     BID     ASK        LIQ        VOL SPORT   MARKET
kalshi        82.5%   80.0%   85.0%          0        757         Will Kylian Mbappe score at least 30 goals in the World Cup 
kalshi        17.5%   15.0%   20.0%          0      2,800         Will Kylian Mbappe score at least 35 goals in the World Cup 
kalshi         5.0%    4.0%    6.0%          0      3,080         Will Kylian Mbappe score at least 40 goals in the World Cup 
kalshi        49.5%    0.0%   99.0%          0          0 NFL     Derrick Henry: 14,000+ Rushing Yards
kalshi        49.5%    0.0%   99.0%          0          0 NFL     Derrick Henry: 15,000+ Rushing Yards
kalshi        49.5%    0.0%   99.0%          0          0 NFL     Derrick Henry: 16,000+ Rushing Yards
kalshi        49.5%    0.0%   99.0%          0          0 NFL     Derrick Henry: 17,000+ Rushing Yards
kalshi        49.5%    0.0%   99.0%          0          0 NFL     Derrick Henry: 18,000+ Rushing Yards
kalshi        49.5%    0.0%   99.0%          0          0 NFL     Derrick Henry: 18,356+ Rushing Yards
kalshi        49.5%    0.0%   99.0%          0          0 NFL     Mike Evans: 14,000+ Receiving Yards
kalshi        49.5%    0.0%   99.0%          0          0 NFL     Mike Evans: 15,000+ Receiving Yards
kalshi        49.5%    0.0%   99.0%          0          0 NFL     Mike Evans: 16,000+ Receiving Yards
kalshi        49.5%    0.0%   99.0%          0          0 NFL     Mike Evans: 17,000+ Receiving Yards
kalshi        49.5%    0.0%   99.0%          0          0 NFL     Mike Evans: 18,000+ Receiving Yards
kalshi        49.5%    0.0%   99.0%          0          0 NFL     Mike Evans: 19,000+ Receiving Yards
kalshi        49.5%    0.0%   99.0%          0          0 NFL     Mike Evans: 20,000+ Receiving Yards
kalshi        49.5%    0.0%   99.0%          0          0 NFL     Mike Evans: 21,000+ Receiving Yards
kalshi        49.5%    0.0%   99.0%          0          0 NFL     Mike Evans: 22,000+ Receiving Yards
kalshi        49.5%    0.0%   99.0%          0          0 NFL     Mike Evans: 22,896+ Receiving Yards
kalshi        96.5%   94.0%   99.0%          0          0 NFL     Patrick Mahomes: 40,000+ Passing Yards
kalshi        87.5%   83.0%   92.0%          0          0 NFL     Patrick Mahomes: 50,000+ Passing Yards
kalshi        63.5%   59.0%   68.0%          0          0 NFL     Patrick Mahomes: 60,000+ Passing Yards
kalshi        38.5%   34.0%   43.0%          0          0 NFL     Patrick Mahomes: 70,000+ Passing Yards
kalshi        16.5%   12.0%   21.0%          0          0 NFL     Patrick Mahomes: 80,000+ Passing Yards
kalshi         5.5%    1.0%   10.0%          0          0 NFL     Patrick Mahomes: 89,215+ Passing Yards
kalshi        49.5%    0.0%   99.0%          0          0 NFL     Josh Allen: 35,000+ Passing Yards
kalshi        49.5%    0.0%   99.0%          0          0 NFL     Josh Allen: 40,000+ Passing Yards
kalshi        49.5%    0.0%   99.0%          0          0 NFL     Josh Allen: 50,000+ Passing Yards
kalshi        49.5%    0.0%   99.0%          0          0 NFL     Josh Allen: 60,000+ Passing Yards
kalshi        49.5%    0.0%   99.0%          0          0 NFL     Josh Allen: 70,000+ Passing Yards
RUNNER LIVE MARKET SCOUT — Kalshi + Polymarket
Updated: 2026-09-29T00:41:17.904Z | persisted market events=39568 price events=39568
kalshi:UP 589ms
------------------------------------------------------------------------------------------------------------------------
PROVIDER       PROB     BID     ASK        LIQ        VOL SPORT   MARKET
kalshi        82.5%   80.0%   85.0%          0        757         Will Kylian Mbappe score at least 30 goals in the World Cup 
kalshi        16.0%   15.0%   17.0%          0      2,800         Will Kylian Mbappe score at least 35 goals in the World Cup 
kalshi         5.0%    4.0%    6.0%          0      3,080         Will Kylian Mbappe score at least 40 goals in the World Cup 
kalshi        49.5%    0.0%   99.0%          0          0 NFL     Derrick Henry: 14,000+ Rushing Yards
kalshi        49.5%    0.0%   99.0%          0          0 NFL     Derrick Henry: 15,000+ Rushing Yards
kalshi        49.5%    0.0%   99.0%          0          0 NFL     Derrick Henry: 16,000+ Rushing Yards
kalshi        49.5%    0.0%   99.0%          0          0 NFL     Derrick Henry: 17,000+ Rushing Yards
kalshi        49.5%    0.0%   99.0%          0          0 NFL     Derrick Henry: 18,000+ Rushing Yards
kalshi        49.5%    0.0%   99.0%          0          0 NFL     Derrick Henry: 18,356+ Rushing Yards
kalshi        49.5%    0.0%   99.0%          0          0 NFL     Mike Evans: 14,000+ Receiving Yards
kalshi        49.5%    0.0%   99.0%          0          0 NFL     Mike Evans: 15,000+ Receiving Yards
kalshi        49.5%    0.0%   99.0%          0          0 NFL     Mike Evans: 16,000+ Receiving Yards
kalshi        49.5%    0.0%   99.0%          0          0 NFL     Mike Evans: 17,000+ Receiving Yards
kalshi        49.5%    0.0%   99.0%          0          0 NFL     Mike Evans: 18,000+ Receiving Yards
kalshi        49.5%    0.0%   99.0%          0          0 NFL     Mike Evans: 19,000+ Receiving Yards
kalshi        49.5%    0.0%   99.0%          0          0 NFL     Mike Evans: 20,000+ Receiving Yards
kalshi        49.5%    0.0%   99.0%          0          0 NFL     Mike Evans: 21,000+ Receiving Yards
kalshi        49.5%    0.0%   99.0%          0          0 NFL     Mike Evans: 22,000+ Receiving Yards
kalshi        49.5%    0.0%   99.0%          0          0 NFL     Mike Evans: 22,896+ Receiving Yards
kalshi        96.5%   94.0%   99.0%          0          0 NFL     Patrick Mahomes: 40,000+ Passing Yards
kalshi        87.5%   83.0%   92.0%          0          0 NFL     Patrick Mahomes: 50,000+ Passing Yards
kalshi        63.5%   59.0%   68.0%          0          0 NFL     Patrick Mahomes: 60,000+ Passing Yards
kalshi        38.5%   34.0%   43.0%          0          0 NFL     Patrick Mahomes: 70,000+ Passing Yards
kalshi        16.5%   12.0%   21.0%          0          0 NFL     Patrick Mahomes: 80,000+ Passing Yards
kalshi         5.5%    1.0%   10.0%          0          0 NFL     Patrick Mahomes: 89,215+ Passing Yards
kalshi        49.5%    0.0%   99.0%          0          0 NFL     Josh Allen: 35,000+ Passing Yards
kalshi        49.5%    0.0%   99.0%          0          0 NFL     Josh Allen: 40,000+ Passing Yards
kalshi        49.5%    0.0%   99.0%          0          0 NFL     Josh Allen: 50,000+ Passing Yards
kalshi        49.5%    0.0%   99.0%          0          0 NFL     Josh Allen: 60,000+ Passing Yards
kalshi        49.5%    0.0%   99.0%          0          0 NFL     Josh Allen: 70,000+ Passing Yards
RUNNER LIVE MARKET SCOUT — Kalshi + Polymarket
Updated: 2026-09-29T00:41:48.892Z | persisted market events=39568 price events=39568
kalshi:UP 685ms
------------------------------------------------------------------------------------------------------------------------
PROVIDER       PROB     BID     ASK        LIQ        VOL SPORT   MARKET
kalshi        82.5%   80.0%   85.0%          0        757         Will Kylian Mbappe score at least 30 goals in the World Cup 
kalshi        16.0%   15.0%   17.0%          0      2,800         Will Kylian Mbappe score at least 35 goals in the World Cup 
kalshi         5.0%    4.0%    6.0%          0      3,080         Will Kylian Mbappe score at least 40 goals in the World Cup 
kalshi        49.5%    0.0%   99.0%          0          0 NFL     Derrick Henry: 14,000+ Rushing Yards
kalshi        49.5%    0.0%   99.0%          0          0 NFL     Derrick Henry: 15,000+ Rushing Yards
kalshi        49.5%    0.0%   99.0%          0          0 NFL     Derrick Henry: 16,000+ Rushing Yards
kalshi        49.5%    0.0%   99.0%          0          0 NFL     Derrick Henry: 17,000+ Rushing Yards
kalshi        49.5%    0.0%   99.0%          0          0 NFL     Derrick Henry: 18,000+ Rushing Yards
kalshi        49.5%    0.0%   99.0%          0          0 NFL     Derrick Henry: 18,356+ Rushing Yards
kalshi        49.5%    0.0%   99.0%          0          0 NFL     Mike Evans: 14,000+ Receiving Yards
kalshi        49.5%    0.0%   99.0%          0          0 NFL     Mike Evans: 15,000+ Receiving Yards
kalshi        49.5%    0.0%   99.0%          0          0 NFL     Mike Evans: 16,000+ Receiving Yards
kalshi        49.5%    0.0%   99.0%          0          0 NFL     Mike Evans: 17,000+ Receiving Yards
kalshi        49.5%    0.0%   99.0%          0          0 NFL     Mike Evans: 18,000+ Receiving Yards
kalshi        49.5%    0.0%   99.0%          0          0 NFL     Mike Evans: 19,000+ Receiving Yards
kalshi        49.5%    0.0%   99.0%          0          0 NFL     Mike Evans: 20,000+ Receiving Yards
kalshi        49.5%    0.0%   99.0%          0          0 NFL     Mike Evans: 21,000+ Receiving Yards
kalshi        49.5%    0.0%   99.0%          0          0 NFL     Mike Evans: 22,000+ Receiving Yards
kalshi        49.5%    0.0%   99.0%          0          0 NFL     Mike Evans: 22,896+ Receiving Yards
kalshi        96.5%   94.0%   99.0%          0          0 NFL     Patrick Mahomes: 40,000+ Passing Yards
kalshi        87.5%   83.0%   92.0%          0          0 NFL     Patrick Mahomes: 50,000+ Passing Yards
kalshi        63.5%   59.0%   68.0%          0          0 NFL     Patrick Mahomes: 60,000+ Passing Yards
kalshi        38.5%   34.0%   43.0%          0          0 NFL     Patrick Mahomes: 70,000+ Passing Yards
kalshi        16.5%   12.0%   21.0%          0          0 NFL     Patrick Mahomes: 80,000+ Passing Yards
kalshi         5.5%    1.0%   10.0%          0          0 NFL     Patrick Mahomes: 89,215+ Passing Yards
kalshi        49.5%    0.0%   99.0%          0          0 NFL     Josh Allen: 35,000+ Passing Yards
kalshi        49.5%    0.0%   99.0%          0          0 NFL     Josh Allen: 40,000+ Passing Yards
kalshi        49.5%    0.0%   99.0%          0          0 NFL     Josh Allen: 50,000+ Passing Yards
kalshi        49.5%    0.0%   99.0%          0          0 NFL     Josh Allen: 60,000+ Passing Yards
kalshi        49.5%    0.0%   99.0%          0          0 NFL     Josh Allen: 70,000+ Passing Yards
RUNNER LIVE MARKET SCOUT — Kalshi + Polymarket
Updated: 2026-09-29T00:42:19.977Z | persisted market events=39568 price events=39568
kalshi:UP 646ms
------------------------------------------------------------------------------------------------------------------------
PROVIDER       PROB     BID     ASK        LIQ        VOL SPORT   MARKET
kalshi        82.5%   80.0%   85.0%          0        757         Will Kylian Mbappe score at least 30 goals in the World Cup 
kalshi        17.5%   15.0%   20.0%          0      2,800         Will Kylian Mbappe score at least 35 goals in the World Cup 
kalshi         5.0%    4.0%    6.0%          0      3,080         Will Kylian Mbappe score at least 40 goals in the World Cup 
kalshi        49.5%    0.0%   99.0%          0          0 NFL     Derrick Henry: 14,000+ Rushing Yards
kalshi        49.5%    0.0%   99.0%          0          0 NFL     Derrick Henry: 15,000+ Rushing Yards
kalshi        49.5%    0.0%   99.0%          0          0 NFL     Derrick Henry: 16,000+ Rushing Yards
kalshi        49.5%    0.0%   99.0%          0          0 NFL     Derrick Henry: 17,000+ Rushing Yards
kalshi        49.5%    0.0%   99.0%          0          0 NFL     Derrick Henry: 18,000+ Rushing Yards
kalshi        49.5%    0.0%   99.0%          0          0 NFL     Derrick Henry: 18,356+ Rushing Yards
kalshi        49.5%    0.0%   99.0%          0          0 NFL     Mike Evans: 14,000+ Receiving Yards
kalshi        49.5%    0.0%   99.0%          0          0 NFL     Mike Evans: 15,000+ Receiving Yards
kalshi        49.5%    0.0%   99.0%          0          0 NFL     Mike Evans: 16,000+ Receiving Yards
kalshi        49.5%    0.0%   99.0%          0          0 NFL     Mike Evans: 17,000+ Receiving Yards
kalshi        49.5%    0.0%   99.0%          0          0 NFL     Mike Evans: 18,000+ Receiving Yards
kalshi        49.5%    0.0%   99.0%          0          0 NFL     Mike Evans: 19,000+ Receiving Yards
kalshi        49.5%    0.0%   99.0%          0          0 NFL     Mike Evans: 20,000+ Receiving Yards
kalshi        49.5%    0.0%   99.0%          0          0 NFL     Mike Evans: 21,000+ Receiving Yards
kalshi        49.5%    0.0%   99.0%          0          0 NFL     Mike Evans: 22,000+ Receiving Yards
kalshi        49.5%    0.0%   99.0%          0          0 NFL     Mike Evans: 22,896+ Receiving Yards
kalshi        96.5%   94.0%   99.0%          0          0 NFL     Patrick Mahomes: 40,000+ Passing Yards
kalshi        87.5%   83.0%   92.0%          0          0 NFL     Patrick Mahomes: 50,000+ Passing Yards
kalshi        63.5%   59.0%   68.0%          0          0 NFL     Patrick Mahomes: 60,000+ Passing Yards
kalshi        38.5%   34.0%   43.0%          0          0 NFL     Patrick Mahomes: 70,000+ Passing Yards
kalshi        16.5%   12.0%   21.0%          0          0 NFL     Patrick Mahomes: 80,000+ Passing Yards
kalshi         5.5%    1.0%   10.0%          0          0 NFL     Patrick Mahomes: 89,215+ Passing Yards
kalshi        49.5%    0.0%   99.0%          0          0 NFL     Josh Allen: 35,000+ Passing Yards
kalshi        49.5%    0.0%   99.0%          0          0 NFL     Josh Allen: 40,000+ Passing Yards
kalshi        49.5%    0.0%   99.0%          0          0 NFL     Josh Allen: 50,000+ Passing Yards
kalshi        49.5%    0.0%   99.0%          0          0 NFL     Josh Allen: 60,000+ Passing Yards
kalshi        49.5%    0.0%   99.0%          0          0 NFL     Josh Allen: 70,000+ Passing Yards
RUNNER LIVE MARKET SCOUT — Kalshi + Polymarket
Updated: 2026-09-29T00:42:50.976Z | persisted market events=39568 price events=39568
kalshi:UP 534ms
------------------------------------------------------------------------------------------------------------------------
PROVIDER       PROB     BID     ASK        LIQ        VOL SPORT   MARKET
kalshi        82.5%   80.0%   85.0%          0        757         Will Kylian Mbappe score at least 30 goals in the World Cup 
kalshi        17.5%   15.0%   20.0%          0      2,800         Will Kylian Mbappe score at least 35 goals in the World Cup 
kalshi         5.0%    4.0%    6.0%          0      3,080         Will Kylian Mbappe score at least 40 goals in the World Cup 
kalshi        49.5%    0.0%   99.0%          0          0 NFL     Derrick Henry: 14,000+ Rushing Yards
kalshi        49.5%    0.0%   99.0%          0          0 NFL     Derrick Henry: 15,000+ Rushing Yards
kalshi        49.5%    0.0%   99.0%          0          0 NFL     Derrick Henry: 16,000+ Rushing Yards
kalshi        49.5%    0.0%   99.0%          0          0 NFL     Derrick Henry: 17,000+ Rushing Yards
kalshi        49.5%    0.0%   99.0%          0          0 NFL     Derrick Henry: 18,000+ Rushing Yards
kalshi        49.5%    0.0%   99.0%          0          0 NFL     Derrick Henry: 18,356+ Rushing Yards
kalshi        49.5%    0.0%   99.0%          0          0 NFL     Mike Evans: 14,000+ Receiving Yards
kalshi        49.5%    0.0%   99.0%          0          0 NFL     Mike Evans: 15,000+ Receiving Yards
kalshi        49.5%    0.0%   99.0%          0          0 NFL     Mike Evans: 16,000+ Receiving Yards
kalshi        49.5%    0.0%   99.0%          0          0 NFL     Mike Evans: 17,000+ Receiving Yards
kalshi        49.5%    0.0%   99.0%          0          0 NFL     Mike Evans: 18,000+ Receiving Yards
kalshi        49.5%    0.0%   99.0%          0          0 NFL     Mike Evans: 19,000+ Receiving Yards
kalshi        49.5%    0.0%   99.0%          0          0 NFL     Mike Evans: 20,000+ Receiving Yards
kalshi        49.5%    0.0%   99.0%          0          0 NFL     Mike Evans: 21,000+ Receiving Yards
kalshi        49.5%    0.0%   99.0%          0          0 NFL     Mike Evans: 22,000+ Receiving Yards
kalshi        49.5%    0.0%   99.0%          0          0 NFL     Mike Evans: 22,896+ Receiving Yards
kalshi        96.5%   94.0%   99.0%          0          0 NFL     Patrick Mahomes: 40,000+ Passing Yards
kalshi        87.5%   83.0%   92.0%          0          0 NFL     Patrick Mahomes: 50,000+ Passing Yards
kalshi        63.5%   59.0%   68.0%          0          0 NFL     Patrick Mahomes: 60,000+ Passing Yards
kalshi        38.5%   34.0%   43.0%          0          0 NFL     Patrick Mahomes: 70,000+ Passing Yards
kalshi        16.5%   12.0%   21.0%          0          0 NFL     Patrick Mahomes: 80,000+ Passing Yards
kalshi         5.5%    1.0%   10.0%          0          0 NFL     Patrick Mahomes: 89,215+ Passing Yards
kalshi        49.5%    0.0%   99.0%          0          0 NFL     Josh Allen: 35,000+ Passing Yards
kalshi        49.5%    0.0%   99.0%          0          0 NFL     Josh Allen: 40,000+ Passing Yards
kalshi        49.5%    0.0%   99.0%          0          0 NFL     Josh Allen: 50,000+ Passing Yards
kalshi        49.5%    0.0%   99.0%          0          0 NFL     Josh Allen: 60,000+ Passing Yards
kalshi        49.5%    0.0%   99.0%          0          0 NFL     Josh Allen: 70,000+ Passing Yards
RUNNER LIVE MARKET SCOUT — Kalshi + Polymarket
Updated: 2026-09-29T00:43:22.200Z | persisted market events=39568 price events=39568
kalshi:UP 664ms
------------------------------------------------------------------------------------------------------------------------
PROVIDER       PROB     BID     ASK        LIQ        VOL SPORT   MARKET
kalshi        82.5%   80.0%   85.0%          0        757         Will Kylian Mbappe score at least 30 goals in the World Cup 
kalshi        17.5%   15.0%   20.0%          0      2,800         Will Kylian Mbappe score at least 35 goals in the World Cup 
kalshi         5.0%    4.0%    6.0%          0      3,080         Will Kylian Mbappe score at least 40 goals in the World Cup 
kalshi        49.5%    0.0%   99.0%          0          0 NFL     Derrick Henry: 14,000+ Rushing Yards
kalshi        49.5%    0.0%   99.0%          0          0 NFL     Derrick Henry: 15,000+ Rushing Yards
kalshi        49.5%    0.0%   99.0%          0          0 NFL     Derrick Henry: 16,000+ Rushing Yards
kalshi        49.5%    0.0%   99.0%          0          0 NFL     Derrick Henry: 17,000+ Rushing Yards
kalshi        49.5%    0.0%   99.0%          0          0 NFL     Derrick Henry: 18,000+ Rushing Yards
kalshi        49.5%    0.0%   99.0%          0          0 NFL     Derrick Henry: 18,356+ Rushing Yards
kalshi        49.5%    0.0%   99.0%          0          0 NFL     Mike Evans: 14,000+ Receiving Yards
kalshi        49.5%    0.0%   99.0%          0          0 NFL     Mike Evans: 15,000+ Receiving Yards
kalshi        49.5%    0.0%   99.0%          0          0 NFL     Mike Evans: 16,000+ Receiving Yards
kalshi        49.5%    0.0%   99.0%          0          0 NFL     Mike Evans: 17,000+ Receiving Yards
kalshi        49.5%    0.0%   99.0%          0          0 NFL     Mike Evans: 18,000+ Receiving Yards
kalshi        49.5%    0.0%   99.0%          0          0 NFL     Mike Evans: 19,000+ Receiving Yards
kalshi        49.5%    0.0%   99.0%          0          0 NFL     Mike Evans: 20,000+ Receiving Yards
kalshi        49.5%    0.0%   99.0%          0          0 NFL     Mike Evans: 21,000+ Receiving Yards
kalshi        49.5%    0.0%   99.0%          0          0 NFL     Mike Evans: 22,000+ Receiving Yards
kalshi        49.5%    0.0%   99.0%          0          0 NFL     Mike Evans: 22,896+ Receiving Yards
kalshi        96.5%   94.0%   99.0%          0          0 NFL     Patrick Mahomes: 40,000+ Passing Yards
kalshi        87.5%   83.0%   92.0%          0          0 NFL     Patrick Mahomes: 50,000+ Passing Yards
kalshi        63.5%   59.0%   68.0%          0          0 NFL     Patrick Mahomes: 60,000+ Passing Yards
kalshi        38.5%   34.0%   43.0%          0          0 NFL     Patrick Mahomes: 70,000+ Passing Yards
kalshi        16.5%   12.0%   21.0%          0          0 NFL     Patrick Mahomes: 80,000+ Passing Yards
kalshi         5.5%    1.0%   10.0%          0          0 NFL     Patrick Mahomes: 89,215+ Passing Yards
kalshi        49.5%    0.0%   99.0%          0          0 NFL     Josh Allen: 35,000+ Passing Yards
kalshi        49.5%    0.0%   99.0%          0          0 NFL     Josh Allen: 40,000+ Passing Yards
kalshi        49.5%    0.0%   99.0%          0          0 NFL     Josh Allen: 50,000+ Passing Yards
kalshi        49.5%    0.0%   99.0%          0          0 NFL     Josh Allen: 60,000+ Passing Yards
kalshi        49.5%    0.0%   99.0%          0          0 NFL     Josh Allen: 70,000+ Passing Yards
RUNNER LIVE MARKET SCOUT — Kalshi + Polymarket
Updated: 2026-09-29T00:43:53.445Z | persisted market events=39568 price events=39568
kalshi:UP 618ms
------------------------------------------------------------------------------------------------------------------------
PROVIDER       PROB     BID     ASK        LIQ        VOL SPORT   MARKET
kalshi        82.5%   80.0%   85.0%          0        757         Will Kylian Mbappe score at least 30 goals in the World Cup 
kalshi        16.0%   15.0%   17.0%          0      2,800         Will Kylian Mbappe score at least 35 goals in the World Cup 
kalshi         5.0%    4.0%    6.0%          0      3,080         Will Kylian Mbappe score at least 40 goals in the World Cup 
kalshi        49.5%    0.0%   99.0%          0          0 NFL     Derrick Henry: 14,000+ Rushing Yards
kalshi        49.5%    0.0%   99.0%          0          0 NFL     Derrick Henry: 15,000+ Rushing Yards
kalshi        49.5%    0.0%   99.0%          0          0 NFL     Derrick Henry: 16,000+ Rushing Yards
kalshi        49.5%    0.0%   99.0%          0          0 NFL     Derrick Henry: 17,000+ Rushing Yards
kalshi        49.5%    0.0%   99.0%          0          0 NFL     Derrick Henry: 18,000+ Rushing Yards
kalshi        49.5%    0.0%   99.0%          0          0 NFL     Derrick Henry: 18,356+ Rushing Yards
kalshi        49.5%    0.0%   99.0%          0          0 NFL     Mike Evans: 14,000+ Receiving Yards
kalshi        49.5%    0.0%   99.0%          0          0 NFL     Mike Evans: 15,000+ Receiving Yards
kalshi        49.5%    0.0%   99.0%          0          0 NFL     Mike Evans: 16,000+ Receiving Yards
kalshi        49.5%    0.0%   99.0%          0          0 NFL     Mike Evans: 17,000+ Receiving Yards
kalshi        49.5%    0.0%   99.0%          0          0 NFL     Mike Evans: 18,000+ Receiving Yards
kalshi        49.5%    0.0%   99.0%          0          0 NFL     Mike Evans: 19,000+ Receiving Yards
kalshi        49.5%    0.0%   99.0%          0          0 NFL     Mike Evans: 20,000+ Receiving Yards
kalshi        49.5%    0.0%   99.0%          0          0 NFL     Mike Evans: 21,000+ Receiving Yards
kalshi        49.5%    0.0%   99.0%          0          0 NFL     Mike Evans: 22,000+ Receiving Yards
kalshi        49.5%    0.0%   99.0%          0          0 NFL     Mike Evans: 22,896+ Receiving Yards
kalshi        96.5%   94.0%   99.0%          0          0 NFL     Patrick Mahomes: 40,000+ Passing Yards
kalshi        87.5%   83.0%   92.0%          0          0 NFL     Patrick Mahomes: 50,000+ Passing Yards
kalshi        63.5%   59.0%   68.0%          0          0 NFL     Patrick Mahomes: 60,000+ Passing Yards
kalshi        38.5%   34.0%   43.0%          0          0 NFL     Patrick Mahomes: 70,000+ Passing Yards
kalshi        16.5%   12.0%   21.0%          0          0 NFL     Patrick Mahomes: 80,000+ Passing Yards
kalshi         5.5%    1.0%   10.0%          0          0 NFL     Patrick Mahomes: 89,215+ Passing Yards
kalshi        49.5%    0.0%   99.0%          0          0 NFL     Josh Allen: 35,000+ Passing Yards
kalshi        49.5%    0.0%   99.0%          0          0 NFL     Josh Allen: 40,000+ Passing Yards
kalshi        49.5%    0.0%   99.0%          0          0 NFL     Josh Allen: 50,000+ Passing Yards
kalshi        49.5%    0.0%   99.0%          0          0 NFL     Josh Allen: 60,000+ Passing Yards
kalshi        49.5%    0.0%   99.0%          0          0 NFL     Josh Allen: 70,000+ Passing Yards
RUNNER LIVE MARKET SCOUT — Kalshi + Polymarket
Updated: 2026-09-29T00:44:24.499Z | persisted market events=39568 price events=39568
kalshi:UP 563ms
------------------------------------------------------------------------------------------------------------------------
PROVIDER       PROB     BID     ASK        LIQ        VOL SPORT   MARKET
kalshi        82.5%   80.0%   85.0%          0        757         Will Kylian Mbappe score at least 30 goals in the World Cup 
kalshi        17.5%   15.0%   20.0%          0      2,800         Will Kylian Mbappe score at least 35 goals in the World Cup 
kalshi         5.0%    4.0%    6.0%          0      3,080         Will Kylian Mbappe score at least 40 goals in the World Cup 
kalshi        49.5%    0.0%   99.0%          0          0 NFL     Derrick Henry: 14,000+ Rushing Yards
kalshi        49.5%    0.0%   99.0%          0          0 NFL     Derrick Henry: 15,000+ Rushing Yards
kalshi        49.5%    0.0%   99.0%          0          0 NFL     Derrick Henry: 16,000+ Rushing Yards
kalshi        49.5%    0.0%   99.0%          0          0 NFL     Derrick Henry: 17,000+ Rushing Yards
kalshi        49.5%    0.0%   99.0%          0          0 NFL     Derrick Henry: 18,000+ Rushing Yards
kalshi        49.5%    0.0%   99.0%          0          0 NFL     Derrick Henry: 18,356+ Rushing Yards
kalshi        49.5%    0.0%   99.0%          0          0 NFL     Mike Evans: 14,000+ Receiving Yards
kalshi        49.5%    0.0%   99.0%          0          0 NFL     Mike Evans: 15,000+ Receiving Yards
kalshi        49.5%    0.0%   99.0%          0          0 NFL     Mike Evans: 16,000+ Receiving Yards
kalshi        49.5%    0.0%   99.0%          0          0 NFL     Mike Evans: 17,000+ Receiving Yards
kalshi        49.5%    0.0%   99.0%          0          0 NFL     Mike Evans: 18,000+ Receiving Yards
kalshi        49.5%    0.0%   99.0%          0          0 NFL     Mike Evans: 19,000+ Receiving Yards
kalshi        49.5%    0.0%   99.0%          0          0 NFL     Mike Evans: 20,000+ Receiving Yards
kalshi        49.5%    0.0%   99.0%          0          0 NFL     Mike Evans: 21,000+ Receiving Yards
kalshi        49.5%    0.0%   99.0%          0          0 NFL     Mike Evans: 22,000+ Receiving Yards
kalshi        49.5%    0.0%   99.0%          0          0 NFL     Mike Evans: 22,896+ Receiving Yards
kalshi        96.5%   94.0%   99.0%          0          0 NFL     Patrick Mahomes: 40,000+ Passing Yards
kalshi        87.5%   83.0%   92.0%          0          0 NFL     Patrick Mahomes: 50,000+ Passing Yards
kalshi        63.5%   59.0%   68.0%          0          0 NFL     Patrick Mahomes: 60,000+ Passing Yards
kalshi        38.5%   34.0%   43.0%          0          0 NFL     Patrick Mahomes: 70,000+ Passing Yards
kalshi        16.5%   12.0%   21.0%          0          0 NFL     Patrick Mahomes: 80,000+ Passing Yards
kalshi         5.5%    1.0%   10.0%          0          0 NFL     Patrick Mahomes: 89,215+ Passing Yards
kalshi        49.5%    0.0%   99.0%          0          0 NFL     Josh Allen: 35,000+ Passing Yards
kalshi        49.5%    0.0%   99.0%          0          0 NFL     Josh Allen: 40,000+ Passing Yards
kalshi        49.5%    0.0%   99.0%          0          0 NFL     Josh Allen: 50,000+ Passing Yards
kalshi        49.5%    0.0%   99.0%          0          0 NFL     Josh Allen: 60,000+ Passing Yards
kalshi        49.5%    0.0%   99.0%          0          0 NFL     Josh Allen: 70,000+ Passing Yards
RUNNER LIVE MARKET SCOUT — Kalshi + Polymarket
Updated: 2026-09-29T00:44:55.643Z | persisted market events=39568 price events=39568
kalshi:UP 647ms
------------------------------------------------------------------------------------------------------------------------
PROVIDER       PROB     BID     ASK        LIQ        VOL SPORT   MARKET
kalshi        82.5%   80.0%   85.0%          0        757         Will Kylian Mbappe score at least 30 goals in the World Cup 
kalshi        17.5%   15.0%   20.0%          0      2,800         Will Kylian Mbappe score at least 35 goals in the World Cup 
kalshi         5.0%    4.0%    6.0%          0      3,080         Will Kylian Mbappe score at least 40 goals in the World Cup 
kalshi        49.5%    0.0%   99.0%          0          0 NFL     Derrick Henry: 14,000+ Rushing Yards
kalshi        49.5%    0.0%   99.0%          0          0 NFL     Derrick Henry: 15,000+ Rushing Yards
kalshi        49.5%    0.0%   99.0%          0          0 NFL     Derrick Henry: 16,000+ Rushing Yards
kalshi        49.5%    0.0%   99.0%          0          0 NFL     Derrick Henry: 17,000+ Rushing Yards
kalshi        49.5%    0.0%   99.0%          0          0 NFL     Derrick Henry: 18,000+ Rushing Yards
kalshi        49.5%    0.0%   99.0%          0          0 NFL     Derrick Henry: 18,356+ Rushing Yards
kalshi        49.5%    0.0%   99.0%          0          0 NFL     Mike Evans: 14,000+ Receiving Yards
kalshi        49.5%    0.0%   99.0%          0          0 NFL     Mike Evans: 15,000+ Receiving Yards
kalshi        49.5%    0.0%   99.0%          0          0 NFL     Mike Evans: 16,000+ Receiving Yards
kalshi        49.5%    0.0%   99.0%          0          0 NFL     Mike Evans: 17,000+ Receiving Yards
kalshi        49.5%    0.0%   99.0%          0          0 NFL     Mike Evans: 18,000+ Receiving Yards
kalshi        49.5%    0.0%   99.0%          0          0 NFL     Mike Evans: 19,000+ Receiving Yards
kalshi        49.5%    0.0%   99.0%          0          0 NFL     Mike Evans: 20,000+ Receiving Yards
kalshi        49.5%    0.0%   99.0%          0          0 NFL     Mike Evans: 21,000+ Receiving Yards
kalshi        49.5%    0.0%   99.0%          0          0 NFL     Mike Evans: 22,000+ Receiving Yards
kalshi        49.5%    0.0%   99.0%          0          0 NFL     Mike Evans: 22,896+ Receiving Yards
kalshi        96.5%   94.0%   99.0%          0          0 NFL     Patrick Mahomes: 40,000+ Passing Yards
kalshi        87.5%   83.0%   92.0%          0          0 NFL     Patrick Mahomes: 50,000+ Passing Yards
kalshi        63.5%   59.0%   68.0%          0          0 NFL     Patrick Mahomes: 60,000+ Passing Yards
kalshi        38.5%   34.0%   43.0%          0          0 NFL     Patrick Mahomes: 70,000+ Passing Yards
kalshi        16.5%   12.0%   21.0%          0          0 NFL     Patrick Mahomes: 80,000+ Passing Yards
kalshi         5.5%    1.0%   10.0%          0          0 NFL     Patrick Mahomes: 89,215+ Passing Yards
kalshi        49.5%    0.0%   99.0%          0          0 NFL     Josh Allen: 35,000+ Passing Yards
kalshi        49.5%    0.0%   99.0%          0          0 NFL     Josh Allen: 40,000+ Passing Yards
kalshi        49.5%    0.0%   99.0%          0          0 NFL     Josh Allen: 50,000+ Passing Yards
kalshi        49.5%    0.0%   99.0%          0          0 NFL     Josh Allen: 60,000+ Passing Yards
kalshi        49.5%    0.0%   99.0%          0          0 NFL     Josh Allen: 70,000+ Passing Yards
RUNNER LIVE MARKET SCOUT — Kalshi + Polymarket
Updated: 2026-09-29T00:45:26.715Z | persisted market events=39568 price events=39568
kalshi:UP 655ms
------------------------------------------------------------------------------------------------------------------------
PROVIDER       PROB     BID     ASK        LIQ        VOL SPORT   MARKET
kalshi        82.5%   80.0%   85.0%          0        757         Will Kylian Mbappe score at least 30 goals in the World Cup 
kalshi        16.0%   15.0%   17.0%          0      2,800         Will Kylian Mbappe score at least 35 goals in the World Cup 
kalshi         5.0%    4.0%    6.0%          0      3,080         Will Kylian Mbappe score at least 40 goals in the World Cup 
kalshi        49.5%    0.0%   99.0%          0          0 NFL     Derrick Henry: 14,000+ Rushing Yards
kalshi        49.5%    0.0%   99.0%          0          0 NFL     Derrick Henry: 15,000+ Rushing Yards
kalshi        49.5%    0.0%   99.0%          0          0 NFL     Derrick Henry: 16,000+ Rushing Yards
kalshi        49.5%    0.0%   99.0%          0          0 NFL     Derrick Henry: 17,000+ Rushing Yards
kalshi        49.5%    0.0%   99.0%          0          0 NFL     Derrick Henry: 18,000+ Rushing Yards
kalshi        49.5%    0.0%   99.0%          0          0 NFL     Derrick Henry: 18,356+ Rushing Yards
kalshi        49.5%    0.0%   99.0%          0          0 NFL     Mike Evans: 14,000+ Receiving Yards
kalshi        49.5%    0.0%   99.0%          0          0 NFL     Mike Evans: 15,000+ Receiving Yards
kalshi        49.5%    0.0%   99.0%          0          0 NFL     Mike Evans: 16,000+ Receiving Yards
kalshi        49.5%    0.0%   99.0%          0          0 NFL     Mike Evans: 17,000+ Receiving Yards
kalshi        49.5%    0.0%   99.0%          0          0 NFL     Mike Evans: 18,000+ Receiving Yards
kalshi        49.5%    0.0%   99.0%          0          0 NFL     Mike Evans: 19,000+ Receiving Yards
kalshi        49.5%    0.0%   99.0%          0          0 NFL     Mike Evans: 20,000+ Receiving Yards
kalshi        49.5%    0.0%   99.0%          0          0 NFL     Mike Evans: 21,000+ Receiving Yards
kalshi        49.5%    0.0%   99.0%          0          0 NFL     Mike Evans: 22,000+ Receiving Yards
kalshi        49.5%    0.0%   99.0%          0          0 NFL     Mike Evans: 22,896+ Receiving Yards
kalshi        96.5%   94.0%   99.0%          0          0 NFL     Patrick Mahomes: 40,000+ Passing Yards
kalshi        87.5%   83.0%   92.0%          0          0 NFL     Patrick Mahomes: 50,000+ Passing Yards
kalshi        63.5%   59.0%   68.0%          0          0 NFL     Patrick Mahomes: 60,000+ Passing Yards
kalshi        38.5%   34.0%   43.0%          0          0 NFL     Patrick Mahomes: 70,000+ Passing Yards
kalshi        16.5%   12.0%   21.0%          0          0 NFL     Patrick Mahomes: 80,000+ Passing Yards
kalshi         5.5%    1.0%   10.0%          0          0 NFL     Patrick Mahomes: 89,215+ Passing Yards
kalshi        49.5%    0.0%   99.0%          0          0 NFL     Josh Allen: 35,000+ Passing Yards
kalshi        49.5%    0.0%   99.0%          0          0 NFL     Josh Allen: 40,000+ Passing Yards
kalshi        49.5%    0.0%   99.0%          0          0 NFL     Josh Allen: 50,000+ Passing Yards
kalshi        49.5%    0.0%   99.0%          0          0 NFL     Josh Allen: 60,000+ Passing Yards
kalshi        49.5%    0.0%   99.0%          0          0 NFL     Josh Allen: 70,000+ Passing Yards
RUNNER LIVE MARKET SCOUT — Kalshi + Polymarket
Updated: 2026-09-29T00:45:57.750Z | persisted market events=39568 price events=39568
kalshi:UP 524ms
------------------------------------------------------------------------------------------------------------------------
PROVIDER       PROB     BID     ASK        LIQ        VOL SPORT   MARKET
kalshi        82.5%   80.0%   85.0%          0        757         Will Kylian Mbappe score at least 30 goals in the World Cup 
kalshi        17.5%   15.0%   20.0%          0      2,800         Will Kylian Mbappe score at least 35 goals in the World Cup 
kalshi         5.0%    4.0%    6.0%          0      3,080         Will Kylian Mbappe score at least 40 goals in the World Cup 
kalshi        49.5%    0.0%   99.0%          0          0 NFL     Derrick Henry: 14,000+ Rushing Yards
kalshi        49.5%    0.0%   99.0%          0          0 NFL     Derrick Henry: 15,000+ Rushing Yards
kalshi        49.5%    0.0%   99.0%          0          0 NFL     Derrick Henry: 16,000+ Rushing Yards
kalshi        49.5%    0.0%   99.0%          0          0 NFL     Derrick Henry: 17,000+ Rushing Yards
kalshi        49.5%    0.0%   99.0%          0          0 NFL     Derrick Henry: 18,000+ Rushing Yards
kalshi        49.5%    0.0%   99.0%          0          0 NFL     Derrick Henry: 18,356+ Rushing Yards
kalshi        49.5%    0.0%   99.0%          0          0 NFL     Mike Evans: 14,000+ Receiving Yards
kalshi        49.5%    0.0%   99.0%          0          0 NFL     Mike Evans: 15,000+ Receiving Yards
kalshi        49.5%    0.0%   99.0%          0          0 NFL     Mike Evans: 16,000+ Receiving Yards
kalshi        49.5%    0.0%   99.0%          0          0 NFL     Mike Evans: 17,000+ Receiving Yards
kalshi        49.5%    0.0%   99.0%          0          0 NFL     Mike Evans: 18,000+ Receiving Yards
kalshi        49.5%    0.0%   99.0%          0          0 NFL     Mike Evans: 19,000+ Receiving Yards
kalshi        49.5%    0.0%   99.0%          0          0 NFL     Mike Evans: 20,000+ Receiving Yards
kalshi        49.5%    0.0%   99.0%          0          0 NFL     Mike Evans: 21,000+ Receiving Yards
kalshi        49.5%    0.0%   99.0%          0          0 NFL     Mike Evans: 22,000+ Receiving Yards
kalshi        49.5%    0.0%   99.0%          0          0 NFL     Mike Evans: 22,896+ Receiving Yards
kalshi        96.5%   94.0%   99.0%          0          0 NFL     Patrick Mahomes: 40,000+ Passing Yards
kalshi        87.5%   83.0%   92.0%          0          0 NFL     Patrick Mahomes: 50,000+ Passing Yards
kalshi        63.5%   59.0%   68.0%          0          0 NFL     Patrick Mahomes: 60,000+ Passing Yards
kalshi        38.5%   34.0%   43.0%          0          0 NFL     Patrick Mahomes: 70,000+ Passing Yards
kalshi        16.5%   12.0%   21.0%          0          0 NFL     Patrick Mahomes: 80,000+ Passing Yards
kalshi         5.5%    1.0%   10.0%          0          0 NFL     Patrick Mahomes: 89,215+ Passing Yards
kalshi        49.5%    0.0%   99.0%          0          0 NFL     Josh Allen: 35,000+ Passing Yards
kalshi        49.5%    0.0%   99.0%          0          0 NFL     Josh Allen: 40,000+ Passing Yards
kalshi        49.5%    0.0%   99.0%          0          0 NFL     Josh Allen: 50,000+ Passing Yards
kalshi        49.5%    0.0%   99.0%          0          0 NFL     Josh Allen: 60,000+ Passing Yards
kalshi        49.5%    0.0%   99.0%          0          0 NFL     Josh Allen: 70,000+ Passing Yards
RUNNER LIVE MARKET SCOUT — Kalshi + Polymarket
Updated: 2026-09-29T00:46:28.774Z | persisted market events=39570 price events=39570
kalshi:UP 575ms
------------------------------------------------------------------------------------------------------------------------
PROVIDER       PROB     BID     ASK        LIQ        VOL SPORT   MARKET
kalshi        82.5%   80.0%   85.0%          0        757         Will Kylian Mbappe score at least 30 goals in the World Cup 
kalshi        17.5%   15.0%   20.0%          0      2,800         Will Kylian Mbappe score at least 35 goals in the World Cup 
kalshi         5.0%    4.0%    6.0%          0      3,080         Will Kylian Mbappe score at least 40 goals in the World Cup 
kalshi        49.5%    0.0%   99.0%          0          0 NFL     Derrick Henry: 14,000+ Rushing Yards
kalshi        49.5%    0.0%   99.0%          0          0 NFL     Derrick Henry: 15,000+ Rushing Yards
kalshi        49.5%    0.0%   99.0%          0          0 NFL     Derrick Henry: 16,000+ Rushing Yards
kalshi        49.5%    0.0%   99.0%          0          0 NFL     Derrick Henry: 17,000+ Rushing Yards
kalshi        49.5%    0.0%   99.0%          0          0 NFL     Derrick Henry: 18,000+ Rushing Yards
kalshi        49.5%    0.0%   99.0%          0          0 NFL     Derrick Henry: 18,356+ Rushing Yards
kalshi        49.5%    0.0%   99.0%          0          0 NFL     Mike Evans: 14,000+ Receiving Yards
kalshi        49.5%    0.0%   99.0%          0          0 NFL     Mike Evans: 15,000+ Receiving Yards
kalshi        49.5%    0.0%   99.0%          0          0 NFL     Mike Evans: 16,000+ Receiving Yards
kalshi        49.5%    0.0%   99.0%          0          0 NFL     Mike Evans: 17,000+ Receiving Yards
kalshi        49.5%    0.0%   99.0%          0          0 NFL     Mike Evans: 18,000+ Receiving Yards
kalshi        49.5%    0.0%   99.0%          0          0 NFL     Mike Evans: 19,000+ Receiving Yards
kalshi        49.5%    0.0%   99.0%          0          0 NFL     Mike Evans: 20,000+ Receiving Yards
kalshi        49.5%    0.0%   99.0%          0          0 NFL     Mike Evans: 21,000+ Receiving Yards
kalshi        49.5%    0.0%   99.0%          0          0 NFL     Mike Evans: 22,000+ Receiving Yards
kalshi        49.5%    0.0%   99.0%          0          0 NFL     Mike Evans: 22,896+ Receiving Yards
kalshi        96.5%   94.0%   99.0%          0          0 NFL     Patrick Mahomes: 40,000+ Passing Yards
kalshi        87.5%   83.0%   92.0%          0          0 NFL     Patrick Mahomes: 50,000+ Passing Yards
kalshi        63.5%   59.0%   68.0%          0          0 NFL     Patrick Mahomes: 60,000+ Passing Yards
kalshi        38.5%   34.0%   43.0%          0          0 NFL     Patrick Mahomes: 70,000+ Passing Yards
kalshi        16.5%   12.0%   21.0%          0          0 NFL     Patrick Mahomes: 80,000+ Passing Yards
kalshi         5.5%    1.0%   10.0%          0          0 NFL     Patrick Mahomes: 89,215+ Passing Yards
kalshi        49.5%    0.0%   99.0%          0          0 NFL     Josh Allen: 35,000+ Passing Yards
kalshi        49.5%    0.0%   99.0%          0          0 NFL     Josh Allen: 40,000+ Passing Yards
kalshi        49.5%    0.0%   99.0%          0          0 NFL     Josh Allen: 50,000+ Passing Yards
kalshi        49.5%    0.0%   99.0%          0          0 NFL     Josh Allen: 60,000+ Passing Yards
kalshi        49.5%    0.0%   99.0%          0          0 NFL     Josh Allen: 70,000+ Passing Yards
RUNNER LIVE MARKET SCOUT — Kalshi + Polymarket
Updated: 2026-09-29T00:46:59.713Z | persisted market events=39570 price events=39570
kalshi:UP 646ms
------------------------------------------------------------------------------------------------------------------------
PROVIDER       PROB     BID     ASK        LIQ        VOL SPORT   MARKET
kalshi        82.5%   80.0%   85.0%          0        757         Will Kylian Mbappe score at least 30 goals in the World Cup 
kalshi        16.0%   15.0%   17.0%          0      2,800         Will Kylian Mbappe score at least 35 goals in the World Cup 
kalshi         5.0%    4.0%    6.0%          0      3,080         Will Kylian Mbappe score at least 40 goals in the World Cup 
kalshi        49.5%    0.0%   99.0%          0          0 NFL     Derrick Henry: 14,000+ Rushing Yards
kalshi        49.5%    0.0%   99.0%          0          0 NFL     Derrick Henry: 15,000+ Rushing Yards
kalshi        49.5%    0.0%   99.0%          0          0 NFL     Derrick Henry: 16,000+ Rushing Yards
kalshi        49.5%    0.0%   99.0%          0          0 NFL     Derrick Henry: 17,000+ Rushing Yards
kalshi        49.5%    0.0%   99.0%          0          0 NFL     Derrick Henry: 18,000+ Rushing Yards
kalshi        49.5%    0.0%   99.0%          0          0 NFL     Derrick Henry: 18,356+ Rushing Yards
kalshi        49.5%    0.0%   99.0%          0          0 NFL     Mike Evans: 14,000+ Receiving Yards
kalshi        49.5%    0.0%   99.0%          0          0 NFL     Mike Evans: 15,000+ Receiving Yards
kalshi        49.5%    0.0%   99.0%          0          0 NFL     Mike Evans: 16,000+ Receiving Yards
kalshi        49.5%    0.0%   99.0%          0          0 NFL     Mike Evans: 17,000+ Receiving Yards
kalshi        49.5%    0.0%   99.0%          0          0 NFL     Mike Evans: 18,000+ Receiving Yards
kalshi        49.5%    0.0%   99.0%          0          0 NFL     Mike Evans: 19,000+ Receiving Yards
kalshi        49.5%    0.0%   99.0%          0          0 NFL     Mike Evans: 20,000+ Receiving Yards
kalshi        49.5%    0.0%   99.0%          0          0 NFL     Mike Evans: 21,000+ Receiving Yards
kalshi        49.5%    0.0%   99.0%          0          0 NFL     Mike Evans: 22,000+ Receiving Yards
kalshi        49.5%    0.0%   99.0%          0          0 NFL     Mike Evans: 22,896+ Receiving Yards
kalshi        96.5%   94.0%   99.0%          0          0 NFL     Patrick Mahomes: 40,000+ Passing Yards
kalshi        87.5%   83.0%   92.0%          0          0 NFL     Patrick Mahomes: 50,000+ Passing Yards
kalshi        63.5%   59.0%   68.0%          0          0 NFL     Patrick Mahomes: 60,000+ Passing Yards
kalshi        38.5%   34.0%   43.0%          0          0 NFL     Patrick Mahomes: 70,000+ Passing Yards
kalshi        16.5%   12.0%   21.0%          0          0 NFL     Patrick Mahomes: 80,000+ Passing Yards
kalshi         5.5%    1.0%   10.0%          0          0 NFL     Patrick Mahomes: 89,215+ Passing Yards
kalshi        49.5%    0.0%   99.0%          0          0 NFL     Josh Allen: 35,000+ Passing Yards
kalshi        49.5%    0.0%   99.0%          0          0 NFL     Josh Allen: 40,000+ Passing Yards
kalshi        49.5%    0.0%   99.0%          0          0 NFL     Josh Allen: 50,000+ Passing Yards
kalshi        49.5%    0.0%   99.0%          0          0 NFL     Josh Allen: 60,000+ Passing Yards
kalshi        49.5%    0.0%   99.0%          0          0 NFL     Josh Allen: 70,000+ Passing Yards
RUNNER LIVE MARKET SCOUT — Kalshi + Polymarket
Updated: 2026-09-29T00:47:30.772Z | persisted market events=39581 price events=39581
kalshi:UP 637ms
------------------------------------------------------------------------------------------------------------------------
PROVIDER       PROB     BID     ASK        LIQ        VOL SPORT   MARKET
kalshi        82.5%   80.0%   85.0%          0        757         Will Kylian Mbappe score at least 30 goals in the World Cup 
kalshi        17.5%   15.0%   20.0%          0      2,800         Will Kylian Mbappe score at least 35 goals in the World Cup 
kalshi         5.0%    4.0%    6.0%          0      3,080         Will Kylian Mbappe score at least 40 goals in the World Cup 
kalshi        49.5%    0.0%   99.0%          0          0 NFL     Derrick Henry: 14,000+ Rushing Yards
kalshi        49.5%    0.0%   99.0%          0          0 NFL     Derrick Henry: 15,000+ Rushing Yards
kalshi        49.5%    0.0%   99.0%          0          0 NFL     Derrick Henry: 16,000+ Rushing Yards
kalshi        49.5%    0.0%   99.0%          0          0 NFL     Derrick Henry: 17,000+ Rushing Yards
kalshi        49.5%    0.0%   99.0%          0          0 NFL     Derrick Henry: 18,000+ Rushing Yards
kalshi        49.5%    0.0%   99.0%          0          0 NFL     Derrick Henry: 18,356+ Rushing Yards
kalshi        49.5%    0.0%   99.0%          0          0 NFL     Mike Evans: 14,000+ Receiving Yards
kalshi        49.5%    0.0%   99.0%          0          0 NFL     Mike Evans: 15,000+ Receiving Yards
kalshi        49.5%    0.0%   99.0%          0          0 NFL     Mike Evans: 16,000+ Receiving Yards
kalshi        49.5%    0.0%   99.0%          0          0 NFL     Mike Evans: 17,000+ Receiving Yards
kalshi        49.5%    0.0%   99.0%          0          0 NFL     Mike Evans: 18,000+ Receiving Yards
kalshi        49.5%    0.0%   99.0%          0          0 NFL     Mike Evans: 19,000+ Receiving Yards
kalshi        49.5%    0.0%   99.0%          0          0 NFL     Mike Evans: 20,000+ Receiving Yards
kalshi        49.5%    0.0%   99.0%          0          0 NFL     Mike Evans: 21,000+ Receiving Yards
kalshi        49.5%    0.0%   99.0%          0          0 NFL     Mike Evans: 22,000+ Receiving Yards
kalshi        49.5%    0.0%   99.0%          0          0 NFL     Mike Evans: 22,896+ Receiving Yards
kalshi        96.5%   94.0%   99.0%          0          0 NFL     Patrick Mahomes: 40,000+ Passing Yards
kalshi        87.5%   83.0%   92.0%          0          0 NFL     Patrick Mahomes: 50,000+ Passing Yards
kalshi        63.5%   59.0%   68.0%          0          0 NFL     Patrick Mahomes: 60,000+ Passing Yards
kalshi        38.5%   34.0%   43.0%          0          0 NFL     Patrick Mahomes: 70,000+ Passing Yards
kalshi        16.5%   12.0%   21.0%          0          0 NFL     Patrick Mahomes: 80,000+ Passing Yards
kalshi         5.5%    1.0%   10.0%          0          0 NFL     Patrick Mahomes: 89,215+ Passing Yards
kalshi        49.5%    0.0%   99.0%          0          0 NFL     Josh Allen: 35,000+ Passing Yards
kalshi        49.5%    0.0%   99.0%          0          0 NFL     Josh Allen: 40,000+ Passing Yards
kalshi        49.5%    0.0%   99.0%          0          0 NFL     Josh Allen: 50,000+ Passing Yards
kalshi        49.5%    0.0%   99.0%          0          0 NFL     Josh Allen: 60,000+ Passing Yards
kalshi        49.5%    0.0%   99.0%          0          0 NFL     Josh Allen: 70,000+ Passing Yards
RUNNER LIVE MARKET SCOUT — Kalshi + Polymarket
Updated: 2026-09-29T00:48:01.946Z | persisted market events=39581 price events=39581
kalshi:UP 531ms
------------------------------------------------------------------------------------------------------------------------
PROVIDER       PROB     BID     ASK        LIQ        VOL SPORT   MARKET
kalshi        82.5%   80.0%   85.0%          0        757         Will Kylian Mbappe score at least 30 goals in the World Cup 
kalshi        17.5%   15.0%   20.0%          0      2,800         Will Kylian Mbappe score at least 35 goals in the World Cup 
kalshi         5.0%    4.0%    6.0%          0      3,080         Will Kylian Mbappe score at least 40 goals in the World Cup 
kalshi        49.5%    0.0%   99.0%          0          0 NFL     Derrick Henry: 14,000+ Rushing Yards
kalshi        49.5%    0.0%   99.0%          0          0 NFL     Derrick Henry: 15,000+ Rushing Yards
kalshi        49.5%    0.0%   99.0%          0          0 NFL     Derrick Henry: 16,000+ Rushing Yards
kalshi        49.5%    0.0%   99.0%          0          0 NFL     Derrick Henry: 17,000+ Rushing Yards
kalshi        49.5%    0.0%   99.0%          0          0 NFL     Derrick Henry: 18,000+ Rushing Yards
kalshi        49.5%    0.0%   99.0%          0          0 NFL     Derrick Henry: 18,356+ Rushing Yards
kalshi        49.5%    0.0%   99.0%          0          0 NFL     Mike Evans: 14,000+ Receiving Yards
kalshi        49.5%    0.0%   99.0%          0          0 NFL     Mike Evans: 15,000+ Receiving Yards
kalshi        49.5%    0.0%   99.0%          0          0 NFL     Mike Evans: 16,000+ Receiving Yards
kalshi        49.5%    0.0%   99.0%          0          0 NFL     Mike Evans: 17,000+ Receiving Yards
kalshi        49.5%    0.0%   99.0%          0          0 NFL     Mike Evans: 18,000+ Receiving Yards
kalshi        49.5%    0.0%   99.0%          0          0 NFL     Mike Evans: 19,000+ Receiving Yards
kalshi        49.5%    0.0%   99.0%          0          0 NFL     Mike Evans: 20,000+ Receiving Yards
kalshi        49.5%    0.0%   99.0%          0          0 NFL     Mike Evans: 21,000+ Receiving Yards
kalshi        49.5%    0.0%   99.0%          0          0 NFL     Mike Evans: 22,000+ Receiving Yards
kalshi        49.5%    0.0%   99.0%          0          0 NFL     Mike Evans: 22,896+ Receiving Yards
kalshi        96.5%   94.0%   99.0%          0          0 NFL     Patrick Mahomes: 40,000+ Passing Yards
kalshi        87.5%   83.0%   92.0%          0          0 NFL     Patrick Mahomes: 50,000+ Passing Yards
kalshi        63.5%   59.0%   68.0%          0          0 NFL     Patrick Mahomes: 60,000+ Passing Yards
kalshi        38.5%   34.0%   43.0%          0          0 NFL     Patrick Mahomes: 70,000+ Passing Yards
kalshi        16.5%   12.0%   21.0%          0          0 NFL     Patrick Mahomes: 80,000+ Passing Yards
kalshi         5.5%    1.0%   10.0%          0          0 NFL     Patrick Mahomes: 89,215+ Passing Yards
kalshi        49.5%    0.0%   99.0%          0          0 NFL     Josh Allen: 35,000+ Passing Yards
kalshi        49.5%    0.0%   99.0%          0          0 NFL     Josh Allen: 40,000+ Passing Yards
kalshi        49.5%    0.0%   99.0%          0          0 NFL     Josh Allen: 50,000+ Passing Yards
kalshi        49.5%    0.0%   99.0%          0          0 NFL     Josh Allen: 60,000+ Passing Yards
kalshi        49.5%    0.0%   99.0%          0          0 NFL     Josh Allen: 70,000+ Passing Yards
RUNNER LIVE MARKET SCOUT — Kalshi + Polymarket
Updated: 2026-09-29T00:48:32.947Z | persisted market events=39581 price events=39581
kalshi:UP 584ms
------------------------------------------------------------------------------------------------------------------------
PROVIDER       PROB     BID     ASK        LIQ        VOL SPORT   MARKET
kalshi        82.5%   80.0%   85.0%          0        757         Will Kylian Mbappe score at least 30 goals in the World Cup 
kalshi        16.0%   15.0%   17.0%          0      2,800         Will Kylian Mbappe score at least 35 goals in the World Cup 
kalshi         5.0%    4.0%    6.0%          0      3,080         Will Kylian Mbappe score at least 40 goals in the World Cup 
kalshi        49.5%    0.0%   99.0%          0          0 NFL     Derrick Henry: 14,000+ Rushing Yards
kalshi        49.5%    0.0%   99.0%          0          0 NFL     Derrick Henry: 15,000+ Rushing Yards
kalshi        49.5%    0.0%   99.0%          0          0 NFL     Derrick Henry: 16,000+ Rushing Yards
kalshi        49.5%    0.0%   99.0%          0          0 NFL     Derrick Henry: 17,000+ Rushing Yards
kalshi        49.5%    0.0%   99.0%          0          0 NFL     Derrick Henry: 18,000+ Rushing Yards
kalshi        49.5%    0.0%   99.0%          0          0 NFL     Derrick Henry: 18,356+ Rushing Yards
kalshi        49.5%    0.0%   99.0%          0          0 NFL     Mike Evans: 14,000+ Receiving Yards
kalshi        49.5%    0.0%   99.0%          0          0 NFL     Mike Evans: 15,000+ Receiving Yards
kalshi        49.5%    0.0%   99.0%          0          0 NFL     Mike Evans: 16,000+ Receiving Yards
kalshi        49.5%    0.0%   99.0%          0          0 NFL     Mike Evans: 17,000+ Receiving Yards
kalshi        49.5%    0.0%   99.0%          0          0 NFL     Mike Evans: 18,000+ Receiving Yards
kalshi        49.5%    0.0%   99.0%          0          0 NFL     Mike Evans: 19,000+ Receiving Yards
kalshi        49.5%    0.0%   99.0%          0          0 NFL     Mike Evans: 20,000+ Receiving Yards
kalshi        49.5%    0.0%   99.0%          0          0 NFL     Mike Evans: 21,000+ Receiving Yards
kalshi        49.5%    0.0%   99.0%          0          0 NFL     Mike Evans: 22,000+ Receiving Yards
kalshi        49.5%    0.0%   99.0%          0          0 NFL     Mike Evans: 22,896+ Receiving Yards
kalshi        96.5%   94.0%   99.0%          0          0 NFL     Patrick Mahomes: 40,000+ Passing Yards
kalshi        87.5%   83.0%   92.0%          0          0 NFL     Patrick Mahomes: 50,000+ Passing Yards
kalshi        63.5%   59.0%   68.0%          0          0 NFL     Patrick Mahomes: 60,000+ Passing Yards
kalshi        38.5%   34.0%   43.0%          0          0 NFL     Patrick Mahomes: 70,000+ Passing Yards
kalshi        16.5%   12.0%   21.0%          0          0 NFL     Patrick Mahomes: 80,000+ Passing Yards
kalshi         5.5%    1.0%   10.0%          0          0 NFL     Patrick Mahomes: 89,215+ Passing Yards
kalshi        49.5%    0.0%   99.0%          0          0 NFL     Josh Allen: 35,000+ Passing Yards
kalshi        49.5%    0.0%   99.0%          0          0 NFL     Josh Allen: 40,000+ Passing Yards
kalshi        49.5%    0.0%   99.0%          0          0 NFL     Josh Allen: 50,000+ Passing Yards
kalshi        49.5%    0.0%   99.0%          0          0 NFL     Josh Allen: 60,000+ Passing Yards
kalshi        49.5%    0.0%   99.0%          0          0 NFL     Josh Allen: 70,000+ Passing Yards
RUNNER LIVE MARKET SCOUT — Kalshi + Polymarket
Updated: 2026-09-29T00:49:04.106Z | persisted market events=39581 price events=39581
kalshi:UP 604ms
------------------------------------------------------------------------------------------------------------------------
PROVIDER       PROB     BID     ASK        LIQ        VOL SPORT   MARKET
kalshi        82.5%   80.0%   85.0%          0        757         Will Kylian Mbappe score at least 30 goals in the World Cup 
kalshi        17.5%   15.0%   20.0%          0      2,800         Will Kylian Mbappe score at least 35 goals in the World Cup 
kalshi         5.0%    4.0%    6.0%          0      3,080         Will Kylian Mbappe score at least 40 goals in the World Cup 
kalshi        49.5%    0.0%   99.0%          0          0 NFL     Derrick Henry: 14,000+ Rushing Yards
kalshi        49.5%    0.0%   99.0%          0          0 NFL     Derrick Henry: 15,000+ Rushing Yards
kalshi        49.5%    0.0%   99.0%          0          0 NFL     Derrick Henry: 16,000+ Rushing Yards
kalshi        49.5%    0.0%   99.0%          0          0 NFL     Derrick Henry: 17,000+ Rushing Yards
kalshi        49.5%    0.0%   99.0%          0          0 NFL     Derrick Henry: 18,000+ Rushing Yards
kalshi        49.5%    0.0%   99.0%          0          0 NFL     Derrick Henry: 18,356+ Rushing Yards
kalshi        49.5%    0.0%   99.0%          0          0 NFL     Mike Evans: 14,000+ Receiving Yards
kalshi        49.5%    0.0%   99.0%          0          0 NFL     Mike Evans: 15,000+ Receiving Yards
kalshi        49.5%    0.0%   99.0%          0          0 NFL     Mike Evans: 16,000+ Receiving Yards
kalshi        49.5%    0.0%   99.0%          0          0 NFL     Mike Evans: 17,000+ Receiving Yards
kalshi        49.5%    0.0%   99.0%          0          0 NFL     Mike Evans: 18,000+ Receiving Yards
kalshi        49.5%    0.0%   99.0%          0          0 NFL     Mike Evans: 19,000+ Receiving Yards
kalshi        49.5%    0.0%   99.0%          0          0 NFL     Mike Evans: 20,000+ Receiving Yards
kalshi        49.5%    0.0%   99.0%          0          0 NFL     Mike Evans: 21,000+ Receiving Yards
kalshi        49.5%    0.0%   99.0%          0          0 NFL     Mike Evans: 22,000+ Receiving Yards
kalshi        49.5%    0.0%   99.0%          0          0 NFL     Mike Evans: 22,896+ Receiving Yards
kalshi        96.5%   94.0%   99.0%          0          0 NFL     Patrick Mahomes: 40,000+ Passing Yards
kalshi        87.5%   83.0%   92.0%          0          0 NFL     Patrick Mahomes: 50,000+ Passing Yards
kalshi        63.5%   59.0%   68.0%          0          0 NFL     Patrick Mahomes: 60,000+ Passing Yards
kalshi        38.5%   34.0%   43.0%          0          0 NFL     Patrick Mahomes: 70,000+ Passing Yards
kalshi        16.5%   12.0%   21.0%          0          0 NFL     Patrick Mahomes: 80,000+ Passing Yards
kalshi         5.5%    1.0%   10.0%          0          0 NFL     Patrick Mahomes: 89,215+ Passing Yards
kalshi        49.5%    0.0%   99.0%          0          0 NFL     Josh Allen: 35,000+ Passing Yards
kalshi        49.5%    0.0%   99.0%          0          0 NFL     Josh Allen: 40,000+ Passing Yards
kalshi        49.5%    0.0%   99.0%          0          0 NFL     Josh Allen: 50,000+ Passing Yards
kalshi        49.5%    0.0%   99.0%          0          0 NFL     Josh Allen: 60,000+ Passing Yards
kalshi        49.5%    0.0%   99.0%          0          0 NFL     Josh Allen: 70,000+ Passing Yards
RUNNER LIVE MARKET SCOUT — Kalshi + Polymarket
Updated: 2026-09-29T00:49:35.209Z | persisted market events=39581 price events=39581
kalshi:UP 657ms
------------------------------------------------------------------------------------------------------------------------
PROVIDER       PROB     BID     ASK        LIQ        VOL SPORT   MARKET
kalshi        82.5%   80.0%   85.0%          0        757         Will Kylian Mbappe score at least 30 goals in the World Cup 
kalshi        17.5%   15.0%   20.0%          0      2,800         Will Kylian Mbappe score at least 35 goals in the World Cup 
kalshi         5.0%    4.0%    6.0%          0      3,080         Will Kylian Mbappe score at least 40 goals in the World Cup 
kalshi        49.5%    0.0%   99.0%          0          0 NFL     Derrick Henry: 14,000+ Rushing Yards
kalshi        49.5%    0.0%   99.0%          0          0 NFL     Derrick Henry: 15,000+ Rushing Yards
kalshi        49.5%    0.0%   99.0%          0          0 NFL     Derrick Henry: 16,000+ Rushing Yards
kalshi        49.5%    0.0%   99.0%          0          0 NFL     Derrick Henry: 17,000+ Rushing Yards
kalshi        49.5%    0.0%   99.0%          0          0 NFL     Derrick Henry: 18,000+ Rushing Yards
kalshi        49.5%    0.0%   99.0%          0          0 NFL     Derrick Henry: 18,356+ Rushing Yards
kalshi        49.5%    0.0%   99.0%          0          0 NFL     Mike Evans: 14,000+ Receiving Yards
kalshi        49.5%    0.0%   99.0%          0          0 NFL     Mike Evans: 15,000+ Receiving Yards
kalshi        49.5%    0.0%   99.0%          0          0 NFL     Mike Evans: 16,000+ Receiving Yards
kalshi        49.5%    0.0%   99.0%          0          0 NFL     Mike Evans: 17,000+ Receiving Yards
kalshi        49.5%    0.0%   99.0%          0          0 NFL     Mike Evans: 18,000+ Receiving Yards
kalshi        49.5%    0.0%   99.0%          0          0 NFL     Mike Evans: 19,000+ Receiving Yards
kalshi        49.5%    0.0%   99.0%          0          0 NFL     Mike Evans: 20,000+ Receiving Yards
kalshi        49.5%    0.0%   99.0%          0          0 NFL     Mike Evans: 21,000+ Receiving Yards
kalshi        49.5%    0.0%   99.0%          0          0 NFL     Mike Evans: 22,000+ Receiving Yards
kalshi        49.5%    0.0%   99.0%          0          0 NFL     Mike Evans: 22,896+ Receiving Yards
kalshi        96.5%   94.0%   99.0%          0          0 NFL     Patrick Mahomes: 40,000+ Passing Yards
kalshi        87.5%   83.0%   92.0%          0          0 NFL     Patrick Mahomes: 50,000+ Passing Yards
kalshi        63.5%   59.0%   68.0%          0          0 NFL     Patrick Mahomes: 60,000+ Passing Yards
kalshi        38.5%   34.0%   43.0%          0          0 NFL     Patrick Mahomes: 70,000+ Passing Yards
kalshi        16.5%   12.0%   21.0%          0          0 NFL     Patrick Mahomes: 80,000+ Passing Yards
kalshi         5.5%    1.0%   10.0%          0          0 NFL     Patrick Mahomes: 89,215+ Passing Yards
kalshi        49.5%    0.0%   99.0%          0          0 NFL     Josh Allen: 35,000+ Passing Yards
kalshi        49.5%    0.0%   99.0%          0          0 NFL     Josh Allen: 40,000+ Passing Yards
kalshi        49.5%    0.0%   99.0%          0          0 NFL     Josh Allen: 50,000+ Passing Yards
kalshi        49.5%    0.0%   99.0%          0          0 NFL     Josh Allen: 60,000+ Passing Yards
kalshi        49.5%    0.0%   99.0%          0          0 NFL     Josh Allen: 70,000+ Passing Yards
RUNNER LIVE MARKET SCOUT — Kalshi + Polymarket
Updated: 2026-09-29T00:50:06.380Z | persisted market events=39581 price events=39581
kalshi:UP 610ms
------------------------------------------------------------------------------------------------------------------------
PROVIDER       PROB     BID     ASK        LIQ        VOL SPORT   MARKET
kalshi        82.5%   80.0%   85.0%          0        757         Will Kylian Mbappe score at least 30 goals in the World Cup 
kalshi        17.5%   15.0%   20.0%          0      2,800         Will Kylian Mbappe score at least 35 goals in the World Cup 
kalshi         5.0%    4.0%    6.0%          0      3,080         Will Kylian Mbappe score at least 40 goals in the World Cup 
kalshi        49.5%    0.0%   99.0%          0          0 NFL     Derrick Henry: 14,000+ Rushing Yards
kalshi        49.5%    0.0%   99.0%          0          0 NFL     Derrick Henry: 15,000+ Rushing Yards
kalshi        49.5%    0.0%   99.0%          0          0 NFL     Derrick Henry: 16,000+ Rushing Yards
kalshi        49.5%    0.0%   99.0%          0          0 NFL     Derrick Henry: 17,000+ Rushing Yards
kalshi        49.5%    0.0%   99.0%          0          0 NFL     Derrick Henry: 18,000+ Rushing Yards
kalshi        49.5%    0.0%   99.0%          0          0 NFL     Derrick Henry: 18,356+ Rushing Yards
kalshi        49.5%    0.0%   99.0%          0          0 NFL     Mike Evans: 14,000+ Receiving Yards
kalshi        49.5%    0.0%   99.0%          0          0 NFL     Mike Evans: 15,000+ Receiving Yards
kalshi        49.5%    0.0%   99.0%          0          0 NFL     Mike Evans: 16,000+ Receiving Yards
kalshi        49.5%    0.0%   99.0%          0          0 NFL     Mike Evans: 17,000+ Receiving Yards
kalshi        49.5%    0.0%   99.0%          0          0 NFL     Mike Evans: 18,000+ Receiving Yards
kalshi        49.5%    0.0%   99.0%          0          0 NFL     Mike Evans: 19,000+ Receiving Yards
kalshi        49.5%    0.0%   99.0%          0          0 NFL     Mike Evans: 20,000+ Receiving Yards
kalshi        49.5%    0.0%   99.0%          0          0 NFL     Mike Evans: 21,000+ Receiving Yards
kalshi        49.5%    0.0%   99.0%          0          0 NFL     Mike Evans: 22,000+ Receiving Yards
kalshi        49.5%    0.0%   99.0%          0          0 NFL     Mike Evans: 22,896+ Receiving Yards
kalshi        96.5%   94.0%   99.0%          0          0 NFL     Patrick Mahomes: 40,000+ Passing Yards
kalshi        87.5%   83.0%   92.0%          0          0 NFL     Patrick Mahomes: 50,000+ Passing Yards
kalshi        63.5%   59.0%   68.0%          0          0 NFL     Patrick Mahomes: 60,000+ Passing Yards
kalshi        38.5%   34.0%   43.0%          0          0 NFL     Patrick Mahomes: 70,000+ Passing Yards
kalshi        16.5%   12.0%   21.0%          0          0 NFL     Patrick Mahomes: 80,000+ Passing Yards
kalshi         5.5%    1.0%   10.0%          0          0 NFL     Patrick Mahomes: 89,215+ Passing Yards
kalshi        49.5%    0.0%   99.0%          0          0 NFL     Josh Allen: 35,000+ Passing Yards
kalshi        49.5%    0.0%   99.0%          0          0 NFL     Josh Allen: 40,000+ Passing Yards
kalshi        49.5%    0.0%   99.0%          0          0 NFL     Josh Allen: 50,000+ Passing Yards
kalshi        49.5%    0.0%   99.0%          0          0 NFL     Josh Allen: 60,000+ Passing Yards
kalshi        49.5%    0.0%   99.0%          0          0 NFL     Josh Allen: 70,000+ Passing Yards
RUNNER LIVE MARKET SCOUT — Kalshi + Polymarket
Updated: 2026-09-29T00:50:37.718Z | persisted market events=39581 price events=39581
kalshi:UP 628ms
------------------------------------------------------------------------------------------------------------------------
PROVIDER       PROB     BID     ASK        LIQ        VOL SPORT   MARKET
kalshi        82.5%   80.0%   85.0%          0        757         Will Kylian Mbappe score at least 30 goals in the World Cup 
kalshi        16.0%   15.0%   17.0%          0      2,800         Will Kylian Mbappe score at least 35 goals in the World Cup 
kalshi         5.0%    4.0%    6.0%          0      3,080         Will Kylian Mbappe score at least 40 goals in the World Cup 
kalshi        49.5%    0.0%   99.0%          0          0 NFL     Derrick Henry: 14,000+ Rushing Yards
kalshi        49.5%    0.0%   99.0%          0          0 NFL     Derrick Henry: 15,000+ Rushing Yards
kalshi        49.5%    0.0%   99.0%          0          0 NFL     Derrick Henry: 16,000+ Rushing Yards
kalshi        49.5%    0.0%   99.0%          0          0 NFL     Derrick Henry: 17,000+ Rushing Yards
kalshi        49.5%    0.0%   99.0%          0          0 NFL     Derrick Henry: 18,000+ Rushing Yards
kalshi        49.5%    0.0%   99.0%          0          0 NFL     Derrick Henry: 18,356+ Rushing Yards
kalshi        49.5%    0.0%   99.0%          0          0 NFL     Mike Evans: 14,000+ Receiving Yards
kalshi        49.5%    0.0%   99.0%          0          0 NFL     Mike Evans: 15,000+ Receiving Yards
kalshi        49.5%    0.0%   99.0%          0          0 NFL     Mike Evans: 16,000+ Receiving Yards
kalshi        49.5%    0.0%   99.0%          0          0 NFL     Mike Evans: 17,000+ Receiving Yards
kalshi        49.5%    0.0%   99.0%          0          0 NFL     Mike Evans: 18,000+ Receiving Yards
kalshi        49.5%    0.0%   99.0%          0          0 NFL     Mike Evans: 19,000+ Receiving Yards
kalshi        49.5%    0.0%   99.0%          0          0 NFL     Mike Evans: 20,000+ Receiving Yards
kalshi        49.5%    0.0%   99.0%          0          0 NFL     Mike Evans: 21,000+ Receiving Yards
kalshi        49.5%    0.0%   99.0%          0          0 NFL     Mike Evans: 22,000+ Receiving Yards
kalshi        49.5%    0.0%   99.0%          0          0 NFL     Mike Evans: 22,896+ Receiving Yards
kalshi        96.5%   94.0%   99.0%          0          0 NFL     Patrick Mahomes: 40,000+ Passing Yards
kalshi        87.5%   83.0%   92.0%          0          0 NFL     Patrick Mahomes: 50,000+ Passing Yards
kalshi        63.5%   59.0%   68.0%          0          0 NFL     Patrick Mahomes: 60,000+ Passing Yards
kalshi        38.5%   34.0%   43.0%          0          0 NFL     Patrick Mahomes: 70,000+ Passing Yards
kalshi        16.5%   12.0%   21.0%          0          0 NFL     Patrick Mahomes: 80,000+ Passing Yards
kalshi         5.5%    1.0%   10.0%          0          0 NFL     Patrick Mahomes: 89,215+ Passing Yards
kalshi        49.5%    0.0%   99.0%          0          0 NFL     Josh Allen: 35,000+ Passing Yards
kalshi        49.5%    0.0%   99.0%          0          0 NFL     Josh Allen: 40,000+ Passing Yards
kalshi        49.5%    0.0%   99.0%          0          0 NFL     Josh Allen: 50,000+ Passing Yards
kalshi        49.5%    0.0%   99.0%          0          0 NFL     Josh Allen: 60,000+ Passing Yards
kalshi        49.5%    0.0%   99.0%          0          0 NFL     Josh Allen: 70,000+ Passing Yards
RUNNER LIVE MARKET SCOUT — Kalshi + Polymarket
Updated: 2026-09-29T00:51:08.764Z | persisted market events=39581 price events=39581
kalshi:UP 601ms
------------------------------------------------------------------------------------------------------------------------
PROVIDER       PROB     BID     ASK        LIQ        VOL SPORT   MARKET
kalshi        82.5%   80.0%   85.0%          0        757         Will Kylian Mbappe score at least 30 goals in the World Cup 
kalshi        16.0%   15.0%   17.0%          0      2,800         Will Kylian Mbappe score at least 35 goals in the World Cup 
kalshi         5.0%    4.0%    6.0%          0      3,080         Will Kylian Mbappe score at least 40 goals in the World Cup 
kalshi        49.5%    0.0%   99.0%          0          0 NFL     Derrick Henry: 14,000+ Rushing Yards
kalshi        49.5%    0.0%   99.0%          0          0 NFL     Derrick Henry: 15,000+ Rushing Yards
kalshi        49.5%    0.0%   99.0%          0          0 NFL     Derrick Henry: 16,000+ Rushing Yards
kalshi        49.5%    0.0%   99.0%          0          0 NFL     Derrick Henry: 17,000+ Rushing Yards
kalshi        49.5%    0.0%   99.0%          0          0 NFL     Derrick Henry: 18,000+ Rushing Yards
kalshi        49.5%    0.0%   99.0%          0          0 NFL     Derrick Henry: 18,356+ Rushing Yards
kalshi        49.5%    0.0%   99.0%          0          0 NFL     Mike Evans: 14,000+ Receiving Yards
kalshi        49.5%    0.0%   99.0%          0          0 NFL     Mike Evans: 15,000+ Receiving Yards
kalshi        49.5%    0.0%   99.0%          0          0 NFL     Mike Evans: 16,000+ Receiving Yards
kalshi        49.5%    0.0%   99.0%          0          0 NFL     Mike Evans: 17,000+ Receiving Yards
kalshi        49.5%    0.0%   99.0%          0          0 NFL     Mike Evans: 18,000+ Receiving Yards
kalshi        49.5%    0.0%   99.0%          0          0 NFL     Mike Evans: 19,000+ Receiving Yards
kalshi        49.5%    0.0%   99.0%          0          0 NFL     Mike Evans: 20,000+ Receiving Yards
kalshi        49.5%    0.0%   99.0%          0          0 NFL     Mike Evans: 21,000+ Receiving Yards
kalshi        49.5%    0.0%   99.0%          0          0 NFL     Mike Evans: 22,000+ Receiving Yards
kalshi        49.5%    0.0%   99.0%          0          0 NFL     Mike Evans: 22,896+ Receiving Yards
kalshi        96.5%   94.0%   99.0%          0          0 NFL     Patrick Mahomes: 40,000+ Passing Yards
kalshi        87.5%   83.0%   92.0%          0          0 NFL     Patrick Mahomes: 50,000+ Passing Yards
kalshi        63.5%   59.0%   68.0%          0          0 NFL     Patrick Mahomes: 60,000+ Passing Yards
kalshi        38.5%   34.0%   43.0%          0          0 NFL     Patrick Mahomes: 70,000+ Passing Yards
kalshi        16.5%   12.0%   21.0%          0          0 NFL     Patrick Mahomes: 80,000+ Passing Yards
kalshi         5.5%    1.0%   10.0%          0          0 NFL     Patrick Mahomes: 89,215+ Passing Yards
kalshi        49.5%    0.0%   99.0%          0          0 NFL     Josh Allen: 35,000+ Passing Yards
kalshi        49.5%    0.0%   99.0%          0          0 NFL     Josh Allen: 40,000+ Passing Yards
kalshi        49.5%    0.0%   99.0%          0          0 NFL     Josh Allen: 50,000+ Passing Yards
kalshi        49.5%    0.0%   99.0%          0          0 NFL     Josh Allen: 60,000+ Passing Yards
kalshi        49.5%    0.0%   99.0%          0          0 NFL     Josh Allen: 70,000+ Passing Yards
RUNNER LIVE MARKET SCOUT — Kalshi + Polymarket
Updated: 2026-09-29T00:51:39.883Z | persisted market events=39581 price events=39581
kalshi:UP 622ms
------------------------------------------------------------------------------------------------------------------------
PROVIDER       PROB     BID     ASK        LIQ        VOL SPORT   MARKET
kalshi        82.5%   80.0%   85.0%          0        757         Will Kylian Mbappe score at least 30 goals in the World Cup 
kalshi        16.0%   15.0%   17.0%          0      2,800         Will Kylian Mbappe score at least 35 goals in the World Cup 
kalshi         5.0%    4.0%    6.0%          0      3,080         Will Kylian Mbappe score at least 40 goals in the World Cup 
kalshi        49.5%    0.0%   99.0%          0          0 NFL     Derrick Henry: 14,000+ Rushing Yards
kalshi        49.5%    0.0%   99.0%          0          0 NFL     Derrick Henry: 15,000+ Rushing Yards
kalshi        49.5%    0.0%   99.0%          0          0 NFL     Derrick Henry: 16,000+ Rushing Yards
kalshi        49.5%    0.0%   99.0%          0          0 NFL     Derrick Henry: 17,000+ Rushing Yards
kalshi        49.5%    0.0%   99.0%          0          0 NFL     Derrick Henry: 18,000+ Rushing Yards
kalshi        49.5%    0.0%   99.0%          0          0 NFL     Derrick Henry: 18,356+ Rushing Yards
kalshi        49.5%    0.0%   99.0%          0          0 NFL     Mike Evans: 14,000+ Receiving Yards
kalshi        49.5%    0.0%   99.0%          0          0 NFL     Mike Evans: 15,000+ Receiving Yards
kalshi        49.5%    0.0%   99.0%          0          0 NFL     Mike Evans: 16,000+ Receiving Yards
kalshi        49.5%    0.0%   99.0%          0          0 NFL     Mike Evans: 17,000+ Receiving Yards
kalshi        49.5%    0.0%   99.0%          0          0 NFL     Mike Evans: 18,000+ Receiving Yards
kalshi        49.5%    0.0%   99.0%          0          0 NFL     Mike Evans: 19,000+ Receiving Yards
kalshi        49.5%    0.0%   99.0%          0          0 NFL     Mike Evans: 20,000+ Receiving Yards
kalshi        49.5%    0.0%   99.0%          0          0 NFL     Mike Evans: 21,000+ Receiving Yards
kalshi        49.5%    0.0%   99.0%          0          0 NFL     Mike Evans: 22,000+ Receiving Yards
kalshi        49.5%    0.0%   99.0%          0          0 NFL     Mike Evans: 22,896+ Receiving Yards
kalshi        96.5%   94.0%   99.0%          0          0 NFL     Patrick Mahomes: 40,000+ Passing Yards
kalshi        87.5%   83.0%   92.0%          0          0 NFL     Patrick Mahomes: 50,000+ Passing Yards
kalshi        63.5%   59.0%   68.0%          0          0 NFL     Patrick Mahomes: 60,000+ Passing Yards
kalshi        38.5%   34.0%   43.0%          0          0 NFL     Patrick Mahomes: 70,000+ Passing Yards
kalshi        16.5%   12.0%   21.0%          0          0 NFL     Patrick Mahomes: 80,000+ Passing Yards
kalshi         5.5%    1.0%   10.0%          0          0 NFL     Patrick Mahomes: 89,215+ Passing Yards
kalshi        49.5%    0.0%   99.0%          0          0 NFL     Josh Allen: 35,000+ Passing Yards
kalshi        49.5%    0.0%   99.0%          0          0 NFL     Josh Allen: 40,000+ Passing Yards
kalshi        49.5%    0.0%   99.0%          0          0 NFL     Josh Allen: 50,000+ Passing Yards
kalshi        49.5%    0.0%   99.0%          0          0 NFL     Josh Allen: 60,000+ Passing Yards
kalshi        49.5%    0.0%   99.0%          0          0 NFL     Josh Allen: 70,000+ Passing Yards
RUNNER LIVE MARKET SCOUT — Kalshi + Polymarket
Updated: 2026-09-29T00:52:10.924Z | persisted market events=39581 price events=39581
kalshi:UP 576ms
------------------------------------------------------------------------------------------------------------------------
PROVIDER       PROB     BID     ASK        LIQ        VOL SPORT   MARKET
kalshi        82.5%   80.0%   85.0%          0        757         Will Kylian Mbappe score at least 30 goals in the World Cup 
kalshi        16.0%   15.0%   17.0%          0      2,800         Will Kylian Mbappe score at least 35 goals in the World Cup 
kalshi         5.0%    4.0%    6.0%          0      3,080         Will Kylian Mbappe score at least 40 goals in the World Cup 
kalshi        49.5%    0.0%   99.0%          0          0 NFL     Derrick Henry: 14,000+ Rushing Yards
kalshi        49.5%    0.0%   99.0%          0          0 NFL     Derrick Henry: 15,000+ Rushing Yards
kalshi        49.5%    0.0%   99.0%          0          0 NFL     Derrick Henry: 16,000+ Rushing Yards
kalshi        49.5%    0.0%   99.0%          0          0 NFL     Derrick Henry: 17,000+ Rushing Yards
kalshi        49.5%    0.0%   99.0%          0          0 NFL     Derrick Henry: 18,000+ Rushing Yards
kalshi        49.5%    0.0%   99.0%          0          0 NFL     Derrick Henry: 18,356+ Rushing Yards
kalshi        49.5%    0.0%   99.0%          0          0 NFL     Mike Evans: 14,000+ Receiving Yards
kalshi        49.5%    0.0%   99.0%          0          0 NFL     Mike Evans: 15,000+ Receiving Yards
kalshi        49.5%    0.0%   99.0%          0          0 NFL     Mike Evans: 16,000+ Receiving Yards
kalshi        49.5%    0.0%   99.0%          0          0 NFL     Mike Evans: 17,000+ Receiving Yards
kalshi        49.5%    0.0%   99.0%          0          0 NFL     Mike Evans: 18,000+ Receiving Yards
kalshi        49.5%    0.0%   99.0%          0          0 NFL     Mike Evans: 19,000+ Receiving Yards
kalshi        49.5%    0.0%   99.0%          0          0 NFL     Mike Evans: 20,000+ Receiving Yards
kalshi        49.5%    0.0%   99.0%          0          0 NFL     Mike Evans: 21,000+ Receiving Yards
kalshi        49.5%    0.0%   99.0%          0          0 NFL     Mike Evans: 22,000+ Receiving Yards
kalshi        49.5%    0.0%   99.0%          0          0 NFL     Mike Evans: 22,896+ Receiving Yards
kalshi        96.5%   94.0%   99.0%          0          0 NFL     Patrick Mahomes: 40,000+ Passing Yards
kalshi        87.5%   83.0%   92.0%          0          0 NFL     Patrick Mahomes: 50,000+ Passing Yards
kalshi        63.5%   59.0%   68.0%          0          0 NFL     Patrick Mahomes: 60,000+ Passing Yards
kalshi        38.5%   34.0%   43.0%          0          0 NFL     Patrick Mahomes: 70,000+ Passing Yards
kalshi        16.5%   12.0%   21.0%          0          0 NFL     Patrick Mahomes: 80,000+ Passing Yards
kalshi         5.5%    1.0%   10.0%          0          0 NFL     Patrick Mahomes: 89,215+ Passing Yards
kalshi        49.5%    0.0%   99.0%          0          0 NFL     Josh Allen: 35,000+ Passing Yards
kalshi        49.5%    0.0%   99.0%          0          0 NFL     Josh Allen: 40,000+ Passing Yards
kalshi        49.5%    0.0%   99.0%          0          0 NFL     Josh Allen: 50,000+ Passing Yards
kalshi        49.5%    0.0%   99.0%          0          0 NFL     Josh Allen: 60,000+ Passing Yards
kalshi        49.5%    0.0%   99.0%          0          0 NFL     Josh Allen: 70,000+ Passing Yards
RUNNER LIVE MARKET SCOUT — Kalshi + Polymarket
Updated: 2026-09-29T00:52:41.907Z | persisted market events=39581 price events=39581
kalshi:UP 565ms
------------------------------------------------------------------------------------------------------------------------
PROVIDER       PROB     BID     ASK        LIQ        VOL SPORT   MARKET
kalshi        82.5%   80.0%   85.0%          0        757         Will Kylian Mbappe score at least 30 goals in the World Cup 
kalshi        16.0%   15.0%   17.0%          0      2,800         Will Kylian Mbappe score at least 35 goals in the World Cup 
kalshi         5.0%    4.0%    6.0%          0      3,080         Will Kylian Mbappe score at least 40 goals in the World Cup 
kalshi        49.5%    0.0%   99.0%          0          0 NFL     Derrick Henry: 14,000+ Rushing Yards
kalshi        49.5%    0.0%   99.0%          0          0 NFL     Derrick Henry: 15,000+ Rushing Yards
kalshi        49.5%    0.0%   99.0%          0          0 NFL     Derrick Henry: 16,000+ Rushing Yards
kalshi        49.5%    0.0%   99.0%          0          0 NFL     Derrick Henry: 17,000+ Rushing Yards
kalshi        49.5%    0.0%   99.0%          0          0 NFL     Derrick Henry: 18,000+ Rushing Yards
kalshi        49.5%    0.0%   99.0%          0          0 NFL     Derrick Henry: 18,356+ Rushing Yards
kalshi        49.5%    0.0%   99.0%          0          0 NFL     Mike Evans: 14,000+ Receiving Yards
kalshi        49.5%    0.0%   99.0%          0          0 NFL     Mike Evans: 15,000+ Receiving Yards
kalshi        49.5%    0.0%   99.0%          0          0 NFL     Mike Evans: 16,000+ Receiving Yards
kalshi        49.5%    0.0%   99.0%          0          0 NFL     Mike Evans: 17,000+ Receiving Yards
kalshi        49.5%    0.0%   99.0%          0          0 NFL     Mike Evans: 18,000+ Receiving Yards
kalshi        49.5%    0.0%   99.0%          0          0 NFL     Mike Evans: 19,000+ Receiving Yards
kalshi        49.5%    0.0%   99.0%          0          0 NFL     Mike Evans: 20,000+ Receiving Yards
kalshi        49.5%    0.0%   99.0%          0          0 NFL     Mike Evans: 21,000+ Receiving Yards
kalshi        49.5%    0.0%   99.0%          0          0 NFL     Mike Evans: 22,000+ Receiving Yards
kalshi        49.5%    0.0%   99.0%          0          0 NFL     Mike Evans: 22,896+ Receiving Yards
kalshi        96.5%   94.0%   99.0%          0          0 NFL     Patrick Mahomes: 40,000+ Passing Yards
kalshi        87.5%   83.0%   92.0%          0          0 NFL     Patrick Mahomes: 50,000+ Passing Yards
kalshi        63.5%   59.0%   68.0%          0          0 NFL     Patrick Mahomes: 60,000+ Passing Yards
kalshi        38.5%   34.0%   43.0%          0          0 NFL     Patrick Mahomes: 70,000+ Passing Yards
kalshi        16.5%   12.0%   21.0%          0          0 NFL     Patrick Mahomes: 80,000+ Passing Yards
kalshi         5.5%    1.0%   10.0%          0          0 NFL     Patrick Mahomes: 89,215+ Passing Yards
kalshi        49.5%    0.0%   99.0%          0          0 NFL     Josh Allen: 35,000+ Passing Yards
kalshi        49.5%    0.0%   99.0%          0          0 NFL     Josh Allen: 40,000+ Passing Yards
kalshi        49.5%    0.0%   99.0%          0          0 NFL     Josh Allen: 50,000+ Passing Yards
kalshi        49.5%    0.0%   99.0%          0          0 NFL     Josh Allen: 60,000+ Passing Yards
kalshi        49.5%    0.0%   99.0%          0          0 NFL     Josh Allen: 70,000+ Passing Yards
RUNNER LIVE MARKET SCOUT — Kalshi + Polymarket
Updated: 2026-09-29T00:53:13.089Z | persisted market events=39581 price events=39581
kalshi:UP 609ms
------------------------------------------------------------------------------------------------------------------------
PROVIDER       PROB     BID     ASK        LIQ        VOL SPORT   MARKET
kalshi        82.5%   80.0%   85.0%          0        757         Will Kylian Mbappe score at least 30 goals in the World Cup 
kalshi        17.5%   15.0%   20.0%          0      2,800         Will Kylian Mbappe score at least 35 goals in the World Cup 
kalshi         5.0%    4.0%    6.0%          0      3,080         Will Kylian Mbappe score at least 40 goals in the World Cup 
kalshi        49.5%    0.0%   99.0%          0          0 NFL     Derrick Henry: 14,000+ Rushing Yards
kalshi        49.5%    0.0%   99.0%          0          0 NFL     Derrick Henry: 15,000+ Rushing Yards
kalshi        49.5%    0.0%   99.0%          0          0 NFL     Derrick Henry: 16,000+ Rushing Yards
kalshi        49.5%    0.0%   99.0%          0          0 NFL     Derrick Henry: 17,000+ Rushing Yards
kalshi        49.5%    0.0%   99.0%          0          0 NFL     Derrick Henry: 18,000+ Rushing Yards
kalshi        49.5%    0.0%   99.0%          0          0 NFL     Derrick Henry: 18,356+ Rushing Yards
kalshi        49.5%    0.0%   99.0%          0          0 NFL     Mike Evans: 14,000+ Receiving Yards
kalshi        49.5%    0.0%   99.0%          0          0 NFL     Mike Evans: 15,000+ Receiving Yards
kalshi        49.5%    0.0%   99.0%          0          0 NFL     Mike Evans: 16,000+ Receiving Yards
kalshi        49.5%    0.0%   99.0%          0          0 NFL     Mike Evans: 17,000+ Receiving Yards
kalshi        49.5%    0.0%   99.0%          0          0 NFL     Mike Evans: 18,000+ Receiving Yards
kalshi        49.5%    0.0%   99.0%          0          0 NFL     Mike Evans: 19,000+ Receiving Yards
kalshi        49.5%    0.0%   99.0%          0          0 NFL     Mike Evans: 20,000+ Receiving Yards
kalshi        49.5%    0.0%   99.0%          0          0 NFL     Mike Evans: 21,000+ Receiving Yards
kalshi        49.5%    0.0%   99.0%          0          0 NFL     Mike Evans: 22,000+ Receiving Yards
kalshi        49.5%    0.0%   99.0%          0          0 NFL     Mike Evans: 22,896+ Receiving Yards
kalshi        96.5%   94.0%   99.0%          0          0 NFL     Patrick Mahomes: 40,000+ Passing Yards
kalshi        87.5%   83.0%   92.0%          0          0 NFL     Patrick Mahomes: 50,000+ Passing Yards
kalshi        63.5%   59.0%   68.0%          0          0 NFL     Patrick Mahomes: 60,000+ Passing Yards
kalshi        38.5%   34.0%   43.0%          0          0 NFL     Patrick Mahomes: 70,000+ Passing Yards
kalshi        16.5%   12.0%   21.0%          0          0 NFL     Patrick Mahomes: 80,000+ Passing Yards
kalshi         5.5%    1.0%   10.0%          0          0 NFL     Patrick Mahomes: 89,215+ Passing Yards
kalshi        49.5%    0.0%   99.0%          0          0 NFL     Josh Allen: 35,000+ Passing Yards
kalshi        49.5%    0.0%   99.0%          0          0 NFL     Josh Allen: 40,000+ Passing Yards
kalshi        49.5%    0.0%   99.0%          0          0 NFL     Josh Allen: 50,000+ Passing Yards
kalshi        49.5%    0.0%   99.0%          0          0 NFL     Josh Allen: 60,000+ Passing Yards
kalshi        49.5%    0.0%   99.0%          0          0 NFL     Josh Allen: 70,000+ Passing Yards
RUNNER LIVE MARKET SCOUT — Kalshi + Polymarket
Updated: 2026-09-29T00:53:44.067Z | persisted market events=39581 price events=39581
kalshi:UP 583ms
------------------------------------------------------------------------------------------------------------------------
PROVIDER       PROB     BID     ASK        LIQ        VOL SPORT   MARKET
kalshi        82.5%   80.0%   85.0%          0        757         Will Kylian Mbappe score at least 30 goals in the World Cup 
kalshi        16.0%   15.0%   17.0%          0      2,800         Will Kylian Mbappe score at least 35 goals in the World Cup 
kalshi         5.0%    4.0%    6.0%          0      3,080         Will Kylian Mbappe score at least 40 goals in the World Cup 
kalshi        49.5%    0.0%   99.0%          0          0 NFL     Derrick Henry: 14,000+ Rushing Yards
kalshi        49.5%    0.0%   99.0%          0          0 NFL     Derrick Henry: 15,000+ Rushing Yards
kalshi        49.5%    0.0%   99.0%          0          0 NFL     Derrick Henry: 16,000+ Rushing Yards
kalshi        49.5%    0.0%   99.0%          0          0 NFL     Derrick Henry: 17,000+ Rushing Yards
kalshi        49.5%    0.0%   99.0%          0          0 NFL     Derrick Henry: 18,000+ Rushing Yards
kalshi        49.5%    0.0%   99.0%          0          0 NFL     Derrick Henry: 18,356+ Rushing Yards
kalshi        49.5%    0.0%   99.0%          0          0 NFL     Mike Evans: 14,000+ Receiving Yards
kalshi        49.5%    0.0%   99.0%          0          0 NFL     Mike Evans: 15,000+ Receiving Yards
kalshi        49.5%    0.0%   99.0%          0          0 NFL     Mike Evans: 16,000+ Receiving Yards
kalshi        49.5%    0.0%   99.0%          0          0 NFL     Mike Evans: 17,000+ Receiving Yards
kalshi        49.5%    0.0%   99.0%          0          0 NFL     Mike Evans: 18,000+ Receiving Yards
kalshi        49.5%    0.0%   99.0%          0          0 NFL     Mike Evans: 19,000+ Receiving Yards
kalshi        49.5%    0.0%   99.0%          0          0 NFL     Mike Evans: 20,000+ Receiving Yards
kalshi        49.5%    0.0%   99.0%          0          0 NFL     Mike Evans: 21,000+ Receiving Yards
kalshi        49.5%    0.0%   99.0%          0          0 NFL     Mike Evans: 22,000+ Receiving Yards
kalshi        49.5%    0.0%   99.0%          0          0 NFL     Mike Evans: 22,896+ Receiving Yards
kalshi        96.5%   94.0%   99.0%          0          0 NFL     Patrick Mahomes: 40,000+ Passing Yards
kalshi        87.5%   83.0%   92.0%          0          0 NFL     Patrick Mahomes: 50,000+ Passing Yards
kalshi        63.5%   59.0%   68.0%          0          0 NFL     Patrick Mahomes: 60,000+ Passing Yards
kalshi        38.5%   34.0%   43.0%          0          0 NFL     Patrick Mahomes: 70,000+ Passing Yards
kalshi        16.5%   12.0%   21.0%          0          0 NFL     Patrick Mahomes: 80,000+ Passing Yards
kalshi         5.5%    1.0%   10.0%          0          0 NFL     Patrick Mahomes: 89,215+ Passing Yards
kalshi        49.5%    0.0%   99.0%          0          0 NFL     Josh Allen: 35,000+ Passing Yards
kalshi        49.5%    0.0%   99.0%          0          0 NFL     Josh Allen: 40,000+ Passing Yards
kalshi        49.5%    0.0%   99.0%          0          0 NFL     Josh Allen: 50,000+ Passing Yards
kalshi        49.5%    0.0%   99.0%          0          0 NFL     Josh Allen: 60,000+ Passing Yards
kalshi        49.5%    0.0%   99.0%          0          0 NFL     Josh Allen: 70,000+ Passing Yards
RUNNER LIVE MARKET SCOUT — Kalshi + Polymarket
Updated: 2026-09-29T00:54:15.068Z | persisted market events=39581 price events=39581
kalshi:UP 558ms
------------------------------------------------------------------------------------------------------------------------
PROVIDER       PROB     BID     ASK        LIQ        VOL SPORT   MARKET
kalshi        82.5%   80.0%   85.0%          0        757         Will Kylian Mbappe score at least 30 goals in the World Cup 
kalshi        16.0%   15.0%   17.0%          0      2,800         Will Kylian Mbappe score at least 35 goals in the World Cup 
kalshi         5.0%    4.0%    6.0%          0      3,080         Will Kylian Mbappe score at least 40 goals in the World Cup 
kalshi        49.5%    0.0%   99.0%          0          0 NFL     Derrick Henry: 14,000+ Rushing Yards
kalshi        49.5%    0.0%   99.0%          0          0 NFL     Derrick Henry: 15,000+ Rushing Yards
kalshi        49.5%    0.0%   99.0%          0          0 NFL     Derrick Henry: 16,000+ Rushing Yards
kalshi        49.5%    0.0%   99.0%          0          0 NFL     Derrick Henry: 17,000+ Rushing Yards
kalshi        49.5%    0.0%   99.0%          0          0 NFL     Derrick Henry: 18,000+ Rushing Yards
kalshi        49.5%    0.0%   99.0%          0          0 NFL     Derrick Henry: 18,356+ Rushing Yards
kalshi        49.5%    0.0%   99.0%          0          0 NFL     Mike Evans: 14,000+ Receiving Yards
kalshi        49.5%    0.0%   99.0%          0          0 NFL     Mike Evans: 15,000+ Receiving Yards
kalshi        49.5%    0.0%   99.0%          0          0 NFL     Mike Evans: 16,000+ Receiving Yards
kalshi        49.5%    0.0%   99.0%          0          0 NFL     Mike Evans: 17,000+ Receiving Yards
kalshi        49.5%    0.0%   99.0%          0          0 NFL     Mike Evans: 18,000+ Receiving Yards
kalshi        49.5%    0.0%   99.0%          0          0 NFL     Mike Evans: 19,000+ Receiving Yards
kalshi        49.5%    0.0%   99.0%          0          0 NFL     Mike Evans: 20,000+ Receiving Yards
kalshi        49.5%    0.0%   99.0%          0          0 NFL     Mike Evans: 21,000+ Receiving Yards
kalshi        49.5%    0.0%   99.0%          0          0 NFL     Mike Evans: 22,000+ Receiving Yards
kalshi        49.5%    0.0%   99.0%          0          0 NFL     Mike Evans: 22,896+ Receiving Yards
kalshi        96.5%   94.0%   99.0%          0          0 NFL     Patrick Mahomes: 40,000+ Passing Yards
kalshi        87.5%   83.0%   92.0%          0          0 NFL     Patrick Mahomes: 50,000+ Passing Yards
kalshi        63.5%   59.0%   68.0%          0          0 NFL     Patrick Mahomes: 60,000+ Passing Yards
kalshi        38.5%   34.0%   43.0%          0          0 NFL     Patrick Mahomes: 70,000+ Passing Yards
kalshi        16.5%   12.0%   21.0%          0          0 NFL     Patrick Mahomes: 80,000+ Passing Yards
kalshi         5.5%    1.0%   10.0%          0          0 NFL     Patrick Mahomes: 89,215+ Passing Yards
kalshi        49.5%    0.0%   99.0%          0          0 NFL     Josh Allen: 35,000+ Passing Yards
kalshi        49.5%    0.0%   99.0%          0          0 NFL     Josh Allen: 40,000+ Passing Yards
kalshi        49.5%    0.0%   99.0%          0          0 NFL     Josh Allen: 50,000+ Passing Yards
kalshi        49.5%    0.0%   99.0%          0          0 NFL     Josh Allen: 60,000+ Passing Yards
kalshi        49.5%    0.0%   99.0%          0          0 NFL     Josh Allen: 70,000+ Passing Yards
RUNNER LIVE MARKET SCOUT — Kalshi + Polymarket
Updated: 2026-09-29T00:54:46.243Z | persisted market events=39581 price events=39581
kalshi:UP 612ms
------------------------------------------------------------------------------------------------------------------------
PROVIDER       PROB     BID     ASK        LIQ        VOL SPORT   MARKET
kalshi        82.5%   80.0%   85.0%          0        757         Will Kylian Mbappe score at least 30 goals in the World Cup 
kalshi        16.0%   15.0%   17.0%          0      2,800         Will Kylian Mbappe score at least 35 goals in the World Cup 
kalshi         5.0%    4.0%    6.0%          0      3,080         Will Kylian Mbappe score at least 40 goals in the World Cup 
kalshi        49.5%    0.0%   99.0%          0          0 NFL     Derrick Henry: 14,000+ Rushing Yards
kalshi        49.5%    0.0%   99.0%          0          0 NFL     Derrick Henry: 15,000+ Rushing Yards
kalshi        49.5%    0.0%   99.0%          0          0 NFL     Derrick Henry: 16,000+ Rushing Yards
kalshi        49.5%    0.0%   99.0%          0          0 NFL     Derrick Henry: 17,000+ Rushing Yards
kalshi        49.5%    0.0%   99.0%          0          0 NFL     Derrick Henry: 18,000+ Rushing Yards
kalshi        49.5%    0.0%   99.0%          0          0 NFL     Derrick Henry: 18,356+ Rushing Yards
kalshi        49.5%    0.0%   99.0%          0          0 NFL     Mike Evans: 14,000+ Receiving Yards
kalshi        49.5%    0.0%   99.0%          0          0 NFL     Mike Evans: 15,000+ Receiving Yards
kalshi        49.5%    0.0%   99.0%          0          0 NFL     Mike Evans: 16,000+ Receiving Yards
kalshi        49.5%    0.0%   99.0%          0          0 NFL     Mike Evans: 17,000+ Receiving Yards
kalshi        49.5%    0.0%   99.0%          0          0 NFL     Mike Evans: 18,000+ Receiving Yards
kalshi        49.5%    0.0%   99.0%          0          0 NFL     Mike Evans: 19,000+ Receiving Yards
kalshi        49.5%    0.0%   99.0%          0          0 NFL     Mike Evans: 20,000+ Receiving Yards
kalshi        49.5%    0.0%   99.0%          0          0 NFL     Mike Evans: 21,000+ Receiving Yards
kalshi        49.5%    0.0%   99.0%          0          0 NFL     Mike Evans: 22,000+ Receiving Yards
kalshi        49.5%    0.0%   99.0%          0          0 NFL     Mike Evans: 22,896+ Receiving Yards
kalshi        96.5%   94.0%   99.0%          0          0 NFL     Patrick Mahomes: 40,000+ Passing Yards
kalshi        87.5%   83.0%   92.0%          0          0 NFL     Patrick Mahomes: 50,000+ Passing Yards
kalshi        63.5%   59.0%   68.0%          0          0 NFL     Patrick Mahomes: 60,000+ Passing Yards
kalshi        38.5%   34.0%   43.0%          0          0 NFL     Patrick Mahomes: 70,000+ Passing Yards
kalshi        16.5%   12.0%   21.0%          0          0 NFL     Patrick Mahomes: 80,000+ Passing Yards
kalshi         5.5%    1.0%   10.0%          0          0 NFL     Patrick Mahomes: 89,215+ Passing Yards
kalshi        49.5%    0.0%   99.0%          0          0 NFL     Josh Allen: 35,000+ Passing Yards
kalshi        49.5%    0.0%   99.0%          0          0 NFL     Josh Allen: 40,000+ Passing Yards
kalshi        49.5%    0.0%   99.0%          0          0 NFL     Josh Allen: 50,000+ Passing Yards
kalshi        49.5%    0.0%   99.0%          0          0 NFL     Josh Allen: 60,000+ Passing Yards
kalshi        49.5%    0.0%   99.0%          0          0 NFL     Josh Allen: 70,000+ Passing Yards
RUNNER LIVE MARKET SCOUT — Kalshi + Polymarket
Updated: 2026-09-29T00:55:17.256Z | persisted market events=39581 price events=39581
kalshi:UP 609ms
------------------------------------------------------------------------------------------------------------------------
PROVIDER       PROB     BID     ASK        LIQ        VOL SPORT   MARKET
kalshi        82.5%   80.0%   85.0%          0        757         Will Kylian Mbappe score at least 30 goals in the World Cup 
kalshi        16.0%   15.0%   17.0%          0      2,800         Will Kylian Mbappe score at least 35 goals in the World Cup 
kalshi         5.0%    4.0%    6.0%          0      3,080         Will Kylian Mbappe score at least 40 goals in the World Cup 
kalshi        49.5%    0.0%   99.0%          0          0 NFL     Derrick Henry: 14,000+ Rushing Yards
kalshi        49.5%    0.0%   99.0%          0          0 NFL     Derrick Henry: 15,000+ Rushing Yards
kalshi        49.5%    0.0%   99.0%          0          0 NFL     Derrick Henry: 16,000+ Rushing Yards
kalshi        49.5%    0.0%   99.0%          0          0 NFL     Derrick Henry: 17,000+ Rushing Yards
kalshi        49.5%    0.0%   99.0%          0          0 NFL     Derrick Henry: 18,000+ Rushing Yards
kalshi        49.5%    0.0%   99.0%          0          0 NFL     Derrick Henry: 18,356+ Rushing Yards
kalshi        49.5%    0.0%   99.0%          0          0 NFL     Mike Evans: 14,000+ Receiving Yards
kalshi        49.5%    0.0%   99.0%          0          0 NFL     Mike Evans: 15,000+ Receiving Yards
kalshi        49.5%    0.0%   99.0%          0          0 NFL     Mike Evans: 16,000+ Receiving Yards
kalshi        49.5%    0.0%   99.0%          0          0 NFL     Mike Evans: 17,000+ Receiving Yards
kalshi        49.5%    0.0%   99.0%          0          0 NFL     Mike Evans: 18,000+ Receiving Yards
kalshi        49.5%    0.0%   99.0%          0          0 NFL     Mike Evans: 19,000+ Receiving Yards
kalshi        49.5%    0.0%   99.0%          0          0 NFL     Mike Evans: 20,000+ Receiving Yards
kalshi        49.5%    0.0%   99.0%          0          0 NFL     Mike Evans: 21,000+ Receiving Yards
kalshi        49.5%    0.0%   99.0%          0          0 NFL     Mike Evans: 22,000+ Receiving Yards
kalshi        49.5%    0.0%   99.0%          0          0 NFL     Mike Evans: 22,896+ Receiving Yards
kalshi        96.5%   94.0%   99.0%          0          0 NFL     Patrick Mahomes: 40,000+ Passing Yards
kalshi        87.5%   83.0%   92.0%          0          0 NFL     Patrick Mahomes: 50,000+ Passing Yards
kalshi        63.5%   59.0%   68.0%          0          0 NFL     Patrick Mahomes: 60,000+ Passing Yards
kalshi        38.5%   34.0%   43.0%          0          0 NFL     Patrick Mahomes: 70,000+ Passing Yards
kalshi        16.5%   12.0%   21.0%          0          0 NFL     Patrick Mahomes: 80,000+ Passing Yards
kalshi         5.5%    1.0%   10.0%          0          0 NFL     Patrick Mahomes: 89,215+ Passing Yards
kalshi        49.5%    0.0%   99.0%          0          0 NFL     Josh Allen: 35,000+ Passing Yards
kalshi        49.5%    0.0%   99.0%          0          0 NFL     Josh Allen: 40,000+ Passing Yards
kalshi        49.5%    0.0%   99.0%          0          0 NFL     Josh Allen: 50,000+ Passing Yards
kalshi        49.5%    0.0%   99.0%          0          0 NFL     Josh Allen: 60,000+ Passing Yards
kalshi        49.5%    0.0%   99.0%          0          0 NFL     Josh Allen: 70,000+ Passing Yards
RUNNER LIVE MARKET SCOUT — Kalshi + Polymarket
Updated: 2026-09-29T00:55:48.876Z | persisted market events=39581 price events=39581
kalshi:UP 806ms
------------------------------------------------------------------------------------------------------------------------
PROVIDER       PROB     BID     ASK        LIQ        VOL SPORT   MARKET
kalshi        82.5%   80.0%   85.0%          0        757         Will Kylian Mbappe score at least 30 goals in the World Cup 
kalshi        16.0%   15.0%   17.0%          0      2,800         Will Kylian Mbappe score at least 35 goals in the World Cup 
kalshi         5.0%    4.0%    6.0%          0      3,080         Will Kylian Mbappe score at least 40 goals in the World Cup 
kalshi        49.5%    0.0%   99.0%          0          0 NFL     Derrick Henry: 14,000+ Rushing Yards
kalshi        49.5%    0.0%   99.0%          0          0 NFL     Derrick Henry: 15,000+ Rushing Yards
kalshi        49.5%    0.0%   99.0%          0          0 NFL     Derrick Henry: 16,000+ Rushing Yards
kalshi        49.5%    0.0%   99.0%          0          0 NFL     Derrick Henry: 17,000+ Rushing Yards
kalshi        49.5%    0.0%   99.0%          0          0 NFL     Derrick Henry: 18,000+ Rushing Yards
kalshi        49.5%    0.0%   99.0%          0          0 NFL     Derrick Henry: 18,356+ Rushing Yards
kalshi        49.5%    0.0%   99.0%          0          0 NFL     Mike Evans: 14,000+ Receiving Yards
kalshi        49.5%    0.0%   99.0%          0          0 NFL     Mike Evans: 15,000+ Receiving Yards
kalshi        49.5%    0.0%   99.0%          0          0 NFL     Mike Evans: 16,000+ Receiving Yards
kalshi        49.5%    0.0%   99.0%          0          0 NFL     Mike Evans: 17,000+ Receiving Yards
kalshi        49.5%    0.0%   99.0%          0          0 NFL     Mike Evans: 18,000+ Receiving Yards
kalshi        49.5%    0.0%   99.0%          0          0 NFL     Mike Evans: 19,000+ Receiving Yards
kalshi        49.5%    0.0%   99.0%          0          0 NFL     Mike Evans: 20,000+ Receiving Yards
kalshi        49.5%    0.0%   99.0%          0          0 NFL     Mike Evans: 21,000+ Receiving Yards
kalshi        49.5%    0.0%   99.0%          0          0 NFL     Mike Evans: 22,000+ Receiving Yards
kalshi        49.5%    0.0%   99.0%          0          0 NFL     Mike Evans: 22,896+ Receiving Yards
kalshi        96.5%   94.0%   99.0%          0          0 NFL     Patrick Mahomes: 40,000+ Passing Yards
kalshi        87.5%   83.0%   92.0%          0          0 NFL     Patrick Mahomes: 50,000+ Passing Yards
kalshi        63.5%   59.0%   68.0%          0          0 NFL     Patrick Mahomes: 60,000+ Passing Yards
kalshi        38.5%   34.0%   43.0%          0          0 NFL     Patrick Mahomes: 70,000+ Passing Yards
kalshi        16.5%   12.0%   21.0%          0          0 NFL     Patrick Mahomes: 80,000+ Passing Yards
kalshi         5.5%    1.0%   10.0%          0          0 NFL     Patrick Mahomes: 89,215+ Passing Yards
kalshi        49.5%    0.0%   99.0%          0          0 NFL     Josh Allen: 35,000+ Passing Yards
kalshi        49.5%    0.0%   99.0%          0          0 NFL     Josh Allen: 40,000+ Passing Yards
kalshi        49.5%    0.0%   99.0%          0          0 NFL     Josh Allen: 50,000+ Passing Yards
kalshi        49.5%    0.0%   99.0%          0          0 NFL     Josh Allen: 60,000+ Passing Yards
kalshi        49.5%    0.0%   99.0%          0          0 NFL     Josh Allen: 70,000+ Passing Yards
RUNNER LIVE MARKET SCOUT — Kalshi + Polymarket
Updated: 2026-09-29T00:56:19.927Z | persisted market events=39581 price events=39581
kalshi:UP 595ms
------------------------------------------------------------------------------------------------------------------------
PROVIDER       PROB     BID     ASK        LIQ        VOL SPORT   MARKET
kalshi        82.5%   80.0%   85.0%          0        757         Will Kylian Mbappe score at least 30 goals in the World Cup 
kalshi        16.0%   15.0%   17.0%          0      2,800         Will Kylian Mbappe score at least 35 goals in the World Cup 
kalshi         5.0%    4.0%    6.0%          0      3,080         Will Kylian Mbappe score at least 40 goals in the World Cup 
kalshi        49.5%    0.0%   99.0%          0          0 NFL     Derrick Henry: 14,000+ Rushing Yards
kalshi        49.5%    0.0%   99.0%          0          0 NFL     Derrick Henry: 15,000+ Rushing Yards
kalshi        49.5%    0.0%   99.0%          0          0 NFL     Derrick Henry: 16,000+ Rushing Yards
kalshi        49.5%    0.0%   99.0%          0          0 NFL     Derrick Henry: 17,000+ Rushing Yards
kalshi        49.5%    0.0%   99.0%          0          0 NFL     Derrick Henry: 18,000+ Rushing Yards
kalshi        49.5%    0.0%   99.0%          0          0 NFL     Derrick Henry: 18,356+ Rushing Yards
kalshi        49.5%    0.0%   99.0%          0          0 NFL     Mike Evans: 14,000+ Receiving Yards
kalshi        49.5%    0.0%   99.0%          0          0 NFL     Mike Evans: 15,000+ Receiving Yards
kalshi        49.5%    0.0%   99.0%          0          0 NFL     Mike Evans: 16,000+ Receiving Yards
kalshi        49.5%    0.0%   99.0%          0          0 NFL     Mike Evans: 17,000+ Receiving Yards
kalshi        49.5%    0.0%   99.0%          0          0 NFL     Mike Evans: 18,000+ Receiving Yards
kalshi        49.5%    0.0%   99.0%          0          0 NFL     Mike Evans: 19,000+ Receiving Yards
kalshi        49.5%    0.0%   99.0%          0          0 NFL     Mike Evans: 20,000+ Receiving Yards
kalshi        49.5%    0.0%   99.0%          0          0 NFL     Mike Evans: 21,000+ Receiving Yards
kalshi        49.5%    0.0%   99.0%          0          0 NFL     Mike Evans: 22,000+ Receiving Yards
kalshi        49.5%    0.0%   99.0%          0          0 NFL     Mike Evans: 22,896+ Receiving Yards
kalshi        96.5%   94.0%   99.0%          0          0 NFL     Patrick Mahomes: 40,000+ Passing Yards
kalshi        87.5%   83.0%   92.0%          0          0 NFL     Patrick Mahomes: 50,000+ Passing Yards
kalshi        63.5%   59.0%   68.0%          0          0 NFL     Patrick Mahomes: 60,000+ Passing Yards
kalshi        38.5%   34.0%   43.0%          0          0 NFL     Patrick Mahomes: 70,000+ Passing Yards
kalshi        16.5%   12.0%   21.0%          0          0 NFL     Patrick Mahomes: 80,000+ Passing Yards
kalshi         5.5%    1.0%   10.0%          0          0 NFL     Patrick Mahomes: 89,215+ Passing Yards
kalshi        49.5%    0.0%   99.0%          0          0 NFL     Josh Allen: 35,000+ Passing Yards
kalshi        49.5%    0.0%   99.0%          0          0 NFL     Josh Allen: 40,000+ Passing Yards
kalshi        49.5%    0.0%   99.0%          0          0 NFL     Josh Allen: 50,000+ Passing Yards
kalshi        49.5%    0.0%   99.0%          0          0 NFL     Josh Allen: 60,000+ Passing Yards
kalshi        49.5%    0.0%   99.0%          0          0 NFL     Josh Allen: 70,000+ Passing Yards
RUNNER LIVE MARKET SCOUT — Kalshi + Polymarket
Updated: 2026-09-29T00:56:51.372Z | persisted market events=39581 price events=39581
kalshi:UP 1044ms
------------------------------------------------------------------------------------------------------------------------
PROVIDER       PROB     BID     ASK        LIQ        VOL SPORT   MARKET
kalshi        82.5%   80.0%   85.0%          0        757         Will Kylian Mbappe score at least 30 goals in the World Cup 
kalshi        16.0%   15.0%   17.0%          0      2,800         Will Kylian Mbappe score at least 35 goals in the World Cup 
kalshi         5.0%    4.0%    6.0%          0      3,080         Will Kylian Mbappe score at least 40 goals in the World Cup 
kalshi        49.5%    0.0%   99.0%          0          0 NFL     Derrick Henry: 14,000+ Rushing Yards
kalshi        49.5%    0.0%   99.0%          0          0 NFL     Derrick Henry: 15,000+ Rushing Yards
kalshi        49.5%    0.0%   99.0%          0          0 NFL     Derrick Henry: 16,000+ Rushing Yards
kalshi        49.5%    0.0%   99.0%          0          0 NFL     Derrick Henry: 17,000+ Rushing Yards
kalshi        49.5%    0.0%   99.0%          0          0 NFL     Derrick Henry: 18,000+ Rushing Yards
kalshi        49.5%    0.0%   99.0%          0          0 NFL     Derrick Henry: 18,356+ Rushing Yards
kalshi        49.5%    0.0%   99.0%          0          0 NFL     Mike Evans: 14,000+ Receiving Yards
kalshi        49.5%    0.0%   99.0%          0          0 NFL     Mike Evans: 15,000+ Receiving Yards
kalshi        49.5%    0.0%   99.0%          0          0 NFL     Mike Evans: 16,000+ Receiving Yards
kalshi        49.5%    0.0%   99.0%          0          0 NFL     Mike Evans: 17,000+ Receiving Yards
kalshi        49.5%    0.0%   99.0%          0          0 NFL     Mike Evans: 18,000+ Receiving Yards
kalshi        49.5%    0.0%   99.0%          0          0 NFL     Mike Evans: 19,000+ Receiving Yards
kalshi        49.5%    0.0%   99.0%          0          0 NFL     Mike Evans: 20,000+ Receiving Yards
kalshi        49.5%    0.0%   99.0%          0          0 NFL     Mike Evans: 21,000+ Receiving Yards
kalshi        49.5%    0.0%   99.0%          0          0 NFL     Mike Evans: 22,000+ Receiving Yards
kalshi        49.5%    0.0%   99.0%          0          0 NFL     Mike Evans: 22,896+ Receiving Yards
kalshi        96.5%   94.0%   99.0%          0          0 NFL     Patrick Mahomes: 40,000+ Passing Yards
kalshi        87.5%   83.0%   92.0%          0          0 NFL     Patrick Mahomes: 50,000+ Passing Yards
kalshi        63.5%   59.0%   68.0%          0          0 NFL     Patrick Mahomes: 60,000+ Passing Yards
kalshi        38.5%   34.0%   43.0%          0          0 NFL     Patrick Mahomes: 70,000+ Passing Yards
kalshi        16.5%   12.0%   21.0%          0          0 NFL     Patrick Mahomes: 80,000+ Passing Yards
kalshi         5.5%    1.0%   10.0%          0          0 NFL     Patrick Mahomes: 89,215+ Passing Yards
kalshi        49.5%    0.0%   99.0%          0          0 NFL     Josh Allen: 35,000+ Passing Yards
kalshi        49.5%    0.0%   99.0%          0          0 NFL     Josh Allen: 40,000+ Passing Yards
kalshi        49.5%    0.0%   99.0%          0          0 NFL     Josh Allen: 50,000+ Passing Yards
kalshi        49.5%    0.0%   99.0%          0          0 NFL     Josh Allen: 60,000+ Passing Yards
kalshi        49.5%    0.0%   99.0%          0          0 NFL     Josh Allen: 70,000+ Passing Yards
RUNNER LIVE MARKET SCOUT — Kalshi + Polymarket
Updated: 2026-09-29T00:57:22.490Z | persisted market events=39581 price events=39581
kalshi:UP 677ms
------------------------------------------------------------------------------------------------------------------------
PROVIDER       PROB     BID     ASK        LIQ        VOL SPORT   MARKET
kalshi        82.5%   80.0%   85.0%          0        757         Will Kylian Mbappe score at least 30 goals in the World Cup 
kalshi        16.0%   15.0%   17.0%          0      2,800         Will Kylian Mbappe score at least 35 goals in the World Cup 
kalshi         5.0%    4.0%    6.0%          0      3,080         Will Kylian Mbappe score at least 40 goals in the World Cup 
kalshi        49.5%    0.0%   99.0%          0          0 NFL     Derrick Henry: 14,000+ Rushing Yards
kalshi        49.5%    0.0%   99.0%          0          0 NFL     Derrick Henry: 15,000+ Rushing Yards
kalshi        49.5%    0.0%   99.0%          0          0 NFL     Derrick Henry: 16,000+ Rushing Yards
kalshi        49.5%    0.0%   99.0%          0          0 NFL     Derrick Henry: 17,000+ Rushing Yards
kalshi        49.5%    0.0%   99.0%          0          0 NFL     Derrick Henry: 18,000+ Rushing Yards
kalshi        49.5%    0.0%   99.0%          0          0 NFL     Derrick Henry: 18,356+ Rushing Yards
kalshi        49.5%    0.0%   99.0%          0          0 NFL     Mike Evans: 14,000+ Receiving Yards
kalshi        49.5%    0.0%   99.0%          0          0 NFL     Mike Evans: 15,000+ Receiving Yards
kalshi        49.5%    0.0%   99.0%          0          0 NFL     Mike Evans: 16,000+ Receiving Yards
kalshi        49.5%    0.0%   99.0%          0          0 NFL     Mike Evans: 17,000+ Receiving Yards
kalshi        49.5%    0.0%   99.0%          0          0 NFL     Mike Evans: 18,000+ Receiving Yards
kalshi        49.5%    0.0%   99.0%          0          0 NFL     Mike Evans: 19,000+ Receiving Yards
kalshi        49.5%    0.0%   99.0%          0          0 NFL     Mike Evans: 20,000+ Receiving Yards
kalshi        49.5%    0.0%   99.0%          0          0 NFL     Mike Evans: 21,000+ Receiving Yards
kalshi        49.5%    0.0%   99.0%          0          0 NFL     Mike Evans: 22,000+ Receiving Yards
kalshi        49.5%    0.0%   99.0%          0          0 NFL     Mike Evans: 22,896+ Receiving Yards
kalshi        96.5%   94.0%   99.0%          0          0 NFL     Patrick Mahomes: 40,000+ Passing Yards
kalshi        87.5%   83.0%   92.0%          0          0 NFL     Patrick Mahomes: 50,000+ Passing Yards
kalshi        63.5%   59.0%   68.0%          0          0 NFL     Patrick Mahomes: 60,000+ Passing Yards
kalshi        38.5%   34.0%   43.0%          0          0 NFL     Patrick Mahomes: 70,000+ Passing Yards
kalshi        16.5%   12.0%   21.0%          0          0 NFL     Patrick Mahomes: 80,000+ Passing Yards
kalshi         5.5%    1.0%   10.0%          0          0 NFL     Patrick Mahomes: 89,215+ Passing Yards
kalshi        49.5%    0.0%   99.0%          0          0 NFL     Josh Allen: 35,000+ Passing Yards
kalshi        49.5%    0.0%   99.0%          0          0 NFL     Josh Allen: 40,000+ Passing Yards
kalshi        49.5%    0.0%   99.0%          0          0 NFL     Josh Allen: 50,000+ Passing Yards
kalshi        49.5%    0.0%   99.0%          0          0 NFL     Josh Allen: 60,000+ Passing Yards
kalshi        49.5%    0.0%   99.0%          0          0 NFL     Josh Allen: 70,000+ Passing Yards
RUNNER LIVE MARKET SCOUT — Kalshi + Polymarket
Updated: 2026-09-29T00:57:53.837Z | persisted market events=39581 price events=39581
kalshi:UP 758ms
------------------------------------------------------------------------------------------------------------------------
PROVIDER       PROB     BID     ASK        LIQ        VOL SPORT   MARKET
kalshi        82.5%   80.0%   85.0%          0        757         Will Kylian Mbappe score at least 30 goals in the World Cup 
kalshi        16.0%   15.0%   17.0%          0      2,800         Will Kylian Mbappe score at least 35 goals in the World Cup 
kalshi         5.0%    4.0%    6.0%          0      3,080         Will Kylian Mbappe score at least 40 goals in the World Cup 
kalshi        49.5%    0.0%   99.0%          0          0 NFL     Derrick Henry: 14,000+ Rushing Yards
kalshi        49.5%    0.0%   99.0%          0          0 NFL     Derrick Henry: 15,000+ Rushing Yards
kalshi        49.5%    0.0%   99.0%          0          0 NFL     Derrick Henry: 16,000+ Rushing Yards
kalshi        49.5%    0.0%   99.0%          0          0 NFL     Derrick Henry: 17,000+ Rushing Yards
kalshi        49.5%    0.0%   99.0%          0          0 NFL     Derrick Henry: 18,000+ Rushing Yards
kalshi        49.5%    0.0%   99.0%          0          0 NFL     Derrick Henry: 18,356+ Rushing Yards
kalshi        49.5%    0.0%   99.0%          0          0 NFL     Mike Evans: 14,000+ Receiving Yards
kalshi        49.5%    0.0%   99.0%          0          0 NFL     Mike Evans: 15,000+ Receiving Yards
kalshi        49.5%    0.0%   99.0%          0          0 NFL     Mike Evans: 16,000+ Receiving Yards
kalshi        49.5%    0.0%   99.0%          0          0 NFL     Mike Evans: 17,000+ Receiving Yards
kalshi        49.5%    0.0%   99.0%          0          0 NFL     Mike Evans: 18,000+ Receiving Yards
kalshi        49.5%    0.0%   99.0%          0          0 NFL     Mike Evans: 19,000+ Receiving Yards
kalshi        49.5%    0.0%   99.0%          0          0 NFL     Mike Evans: 20,000+ Receiving Yards
kalshi        49.5%    0.0%   99.0%          0          0 NFL     Mike Evans: 21,000+ Receiving Yards
kalshi        49.5%    0.0%   99.0%          0          0 NFL     Mike Evans: 22,000+ Receiving Yards
kalshi        49.5%    0.0%   99.0%          0          0 NFL     Mike Evans: 22,896+ Receiving Yards
kalshi        96.5%   94.0%   99.0%          0          0 NFL     Patrick Mahomes: 40,000+ Passing Yards
kalshi        87.5%   83.0%   92.0%          0          0 NFL     Patrick Mahomes: 50,000+ Passing Yards
kalshi        63.5%   59.0%   68.0%          0          0 NFL     Patrick Mahomes: 60,000+ Passing Yards
kalshi        38.5%   34.0%   43.0%          0          0 NFL     Patrick Mahomes: 70,000+ Passing Yards
kalshi        16.5%   12.0%   21.0%          0          0 NFL     Patrick Mahomes: 80,000+ Passing Yards
kalshi         5.5%    1.0%   10.0%          0          0 NFL     Patrick Mahomes: 89,215+ Passing Yards
kalshi        49.5%    0.0%   99.0%          0          0 NFL     Josh Allen: 35,000+ Passing Yards
kalshi        49.5%    0.0%   99.0%          0          0 NFL     Josh Allen: 40,000+ Passing Yards
kalshi        49.5%    0.0%   99.0%          0          0 NFL     Josh Allen: 50,000+ Passing Yards
kalshi        49.5%    0.0%   99.0%          0          0 NFL     Josh Allen: 60,000+ Passing Yards
kalshi        49.5%    0.0%   99.0%          0          0 NFL     Josh Allen: 70,000+ Passing Yards
RUNNER LIVE MARKET SCOUT — Kalshi + Polymarket
Updated: 2026-09-29T00:58:24.961Z | persisted market events=39581 price events=39581
kalshi:UP 685ms
------------------------------------------------------------------------------------------------------------------------
PROVIDER       PROB     BID     ASK        LIQ        VOL SPORT   MARKET
kalshi        82.5%   80.0%   85.0%          0        757         Will Kylian Mbappe score at least 30 goals in the World Cup 
kalshi        16.0%   15.0%   17.0%          0      2,800         Will Kylian Mbappe score at least 35 goals in the World Cup 
kalshi         5.0%    4.0%    6.0%          0      3,080         Will Kylian Mbappe score at least 40 goals in the World Cup 
kalshi        49.5%    0.0%   99.0%          0          0 NFL     Derrick Henry: 14,000+ Rushing Yards
kalshi        49.5%    0.0%   99.0%          0          0 NFL     Derrick Henry: 15,000+ Rushing Yards
kalshi        49.5%    0.0%   99.0%          0          0 NFL     Derrick Henry: 16,000+ Rushing Yards
kalshi        49.5%    0.0%   99.0%          0          0 NFL     Derrick Henry: 17,000+ Rushing Yards
kalshi        49.5%    0.0%   99.0%          0          0 NFL     Derrick Henry: 18,000+ Rushing Yards
kalshi        49.5%    0.0%   99.0%          0          0 NFL     Derrick Henry: 18,356+ Rushing Yards
kalshi        49.5%    0.0%   99.0%          0          0 NFL     Mike Evans: 14,000+ Receiving Yards
kalshi        49.5%    0.0%   99.0%          0          0 NFL     Mike Evans: 15,000+ Receiving Yards
kalshi        49.5%    0.0%   99.0%          0          0 NFL     Mike Evans: 16,000+ Receiving Yards
kalshi        49.5%    0.0%   99.0%          0          0 NFL     Mike Evans: 17,000+ Receiving Yards
kalshi        49.5%    0.0%   99.0%          0          0 NFL     Mike Evans: 18,000+ Receiving Yards
kalshi        49.5%    0.0%   99.0%          0          0 NFL     Mike Evans: 19,000+ Receiving Yards
kalshi        49.5%    0.0%   99.0%          0          0 NFL     Mike Evans: 20,000+ Receiving Yards
kalshi        49.5%    0.0%   99.0%          0          0 NFL     Mike Evans: 21,000+ Receiving Yards
kalshi        49.5%    0.0%   99.0%          0          0 NFL     Mike Evans: 22,000+ Receiving Yards
kalshi        49.5%    0.0%   99.0%          0          0 NFL     Mike Evans: 22,896+ Receiving Yards
kalshi        96.5%   94.0%   99.0%          0          0 NFL     Patrick Mahomes: 40,000+ Passing Yards
kalshi        87.5%   83.0%   92.0%          0          0 NFL     Patrick Mahomes: 50,000+ Passing Yards
kalshi        63.5%   59.0%   68.0%          0          0 NFL     Patrick Mahomes: 60,000+ Passing Yards
kalshi        38.5%   34.0%   43.0%          0          0 NFL     Patrick Mahomes: 70,000+ Passing Yards
kalshi        16.5%   12.0%   21.0%          0          0 NFL     Patrick Mahomes: 80,000+ Passing Yards
kalshi         5.5%    1.0%   10.0%          0          0 NFL     Patrick Mahomes: 89,215+ Passing Yards
kalshi        49.5%    0.0%   99.0%          0          0 NFL     Josh Allen: 35,000+ Passing Yards
kalshi        49.5%    0.0%   99.0%          0          0 NFL     Josh Allen: 40,000+ Passing Yards
kalshi        49.5%    0.0%   99.0%          0          0 NFL     Josh Allen: 50,000+ Passing Yards
kalshi        49.5%    0.0%   99.0%          0          0 NFL     Josh Allen: 60,000+ Passing Yards
kalshi        49.5%    0.0%   99.0%          0          0 NFL     Josh Allen: 70,000+ Passing Yards
RUNNER LIVE MARKET SCOUT — Kalshi + Polymarket
Updated: 2026-09-29T00:58:55.980Z | persisted market events=39581 price events=39581
kalshi:UP 597ms
------------------------------------------------------------------------------------------------------------------------
PROVIDER       PROB     BID     ASK        LIQ        VOL SPORT   MARKET
kalshi        82.5%   80.0%   85.0%          0        757         Will Kylian Mbappe score at least 30 goals in the World Cup 
kalshi        17.5%   15.0%   20.0%          0      2,800         Will Kylian Mbappe score at least 35 goals in the World Cup 
kalshi         5.0%    4.0%    6.0%          0      3,080         Will Kylian Mbappe score at least 40 goals in the World Cup 
kalshi        49.5%    0.0%   99.0%          0          0 NFL     Derrick Henry: 14,000+ Rushing Yards
kalshi        49.5%    0.0%   99.0%          0          0 NFL     Derrick Henry: 15,000+ Rushing Yards
kalshi        49.5%    0.0%   99.0%          0          0 NFL     Derrick Henry: 16,000+ Rushing Yards
kalshi        49.5%    0.0%   99.0%          0          0 NFL     Derrick Henry: 17,000+ Rushing Yards
kalshi        49.5%    0.0%   99.0%          0          0 NFL     Derrick Henry: 18,000+ Rushing Yards
kalshi        49.5%    0.0%   99.0%          0          0 NFL     Derrick Henry: 18,356+ Rushing Yards
kalshi        49.5%    0.0%   99.0%          0          0 NFL     Mike Evans: 14,000+ Receiving Yards
kalshi        49.5%    0.0%   99.0%          0          0 NFL     Mike Evans: 15,000+ Receiving Yards
kalshi        49.5%    0.0%   99.0%          0          0 NFL     Mike Evans: 16,000+ Receiving Yards
kalshi        49.5%    0.0%   99.0%          0          0 NFL     Mike Evans: 17,000+ Receiving Yards
kalshi        49.5%    0.0%   99.0%          0          0 NFL     Mike Evans: 18,000+ Receiving Yards
kalshi        49.5%    0.0%   99.0%          0          0 NFL     Mike Evans: 19,000+ Receiving Yards
kalshi        49.5%    0.0%   99.0%          0          0 NFL     Mike Evans: 20,000+ Receiving Yards
kalshi        49.5%    0.0%   99.0%          0          0 NFL     Mike Evans: 21,000+ Receiving Yards
kalshi        49.5%    0.0%   99.0%          0          0 NFL     Mike Evans: 22,000+ Receiving Yards
kalshi        49.5%    0.0%   99.0%          0          0 NFL     Mike Evans: 22,896+ Receiving Yards
kalshi        96.5%   94.0%   99.0%          0          0 NFL     Patrick Mahomes: 40,000+ Passing Yards
kalshi        87.5%   83.0%   92.0%          0          0 NFL     Patrick Mahomes: 50,000+ Passing Yards
kalshi        63.5%   59.0%   68.0%          0          0 NFL     Patrick Mahomes: 60,000+ Passing Yards
kalshi        38.5%   34.0%   43.0%          0          0 NFL     Patrick Mahomes: 70,000+ Passing Yards
kalshi        16.5%   12.0%   21.0%          0          0 NFL     Patrick Mahomes: 80,000+ Passing Yards
kalshi         5.5%    1.0%   10.0%          0          0 NFL     Patrick Mahomes: 89,215+ Passing Yards
kalshi        49.5%    0.0%   99.0%          0          0 NFL     Josh Allen: 35,000+ Passing Yards
kalshi        49.5%    0.0%   99.0%          0          0 NFL     Josh Allen: 40,000+ Passing Yards
kalshi        49.5%    0.0%   99.0%          0          0 NFL     Josh Allen: 50,000+ Passing Yards
kalshi        49.5%    0.0%   99.0%          0          0 NFL     Josh Allen: 60,000+ Passing Yards
kalshi        49.5%    0.0%   99.0%          0          0 NFL     Josh Allen: 70,000+ Passing Yards
RUNNER LIVE MARKET SCOUT — Kalshi + Polymarket
Updated: 2026-09-29T00:59:27.712Z | persisted market events=39581 price events=39581
kalshi:UP 1118ms
------------------------------------------------------------------------------------------------------------------------
PROVIDER       PROB     BID     ASK        LIQ        VOL SPORT   MARKET
kalshi        82.5%   80.0%   85.0%          0        757         Will Kylian Mbappe score at least 30 goals in the World Cup 
kalshi        17.5%   15.0%   20.0%          0      2,800         Will Kylian Mbappe score at least 35 goals in the World Cup 
kalshi         5.0%    4.0%    6.0%          0      3,080         Will Kylian Mbappe score at least 40 goals in the World Cup 
kalshi        49.5%    0.0%   99.0%          0          0 NFL     Derrick Henry: 14,000+ Rushing Yards
kalshi        49.5%    0.0%   99.0%          0          0 NFL     Derrick Henry: 15,000+ Rushing Yards
kalshi        49.5%    0.0%   99.0%          0          0 NFL     Derrick Henry: 16,000+ Rushing Yards
kalshi        49.5%    0.0%   99.0%          0          0 NFL     Derrick Henry: 17,000+ Rushing Yards
kalshi        49.5%    0.0%   99.0%          0          0 NFL     Derrick Henry: 18,000+ Rushing Yards
kalshi        49.5%    0.0%   99.0%          0          0 NFL     Derrick Henry: 18,356+ Rushing Yards
kalshi        49.5%    0.0%   99.0%          0          0 NFL     Mike Evans: 14,000+ Receiving Yards
kalshi        49.5%    0.0%   99.0%          0          0 NFL     Mike Evans: 15,000+ Receiving Yards
kalshi        49.5%    0.0%   99.0%          0          0 NFL     Mike Evans: 16,000+ Receiving Yards
kalshi        49.5%    0.0%   99.0%          0          0 NFL     Mike Evans: 17,000+ Receiving Yards
kalshi        49.5%    0.0%   99.0%          0          0 NFL     Mike Evans: 18,000+ Receiving Yards
kalshi        49.5%    0.0%   99.0%          0          0 NFL     Mike Evans: 19,000+ Receiving Yards
kalshi        49.5%    0.0%   99.0%          0          0 NFL     Mike Evans: 20,000+ Receiving Yards
kalshi        49.5%    0.0%   99.0%          0          0 NFL     Mike Evans: 21,000+ Receiving Yards
kalshi        49.5%    0.0%   99.0%          0          0 NFL     Mike Evans: 22,000+ Receiving Yards
kalshi        49.5%    0.0%   99.0%          0          0 NFL     Mike Evans: 22,896+ Receiving Yards
kalshi        96.5%   94.0%   99.0%          0          0 NFL     Patrick Mahomes: 40,000+ Passing Yards
kalshi        87.5%   83.0%   92.0%          0          0 NFL     Patrick Mahomes: 50,000+ Passing Yards
kalshi        63.5%   59.0%   68.0%          0          0 NFL     Patrick Mahomes: 60,000+ Passing Yards
kalshi        38.5%   34.0%   43.0%          0          0 NFL     Patrick Mahomes: 70,000+ Passing Yards
kalshi        16.5%   12.0%   21.0%          0          0 NFL     Patrick Mahomes: 80,000+ Passing Yards
kalshi         5.5%    1.0%   10.0%          0          0 NFL     Patrick Mahomes: 89,215+ Passing Yards
kalshi        49.5%    0.0%   99.0%          0          0 NFL     Josh Allen: 35,000+ Passing Yards
kalshi        49.5%    0.0%   99.0%          0          0 NFL     Josh Allen: 40,000+ Passing Yards
kalshi        49.5%    0.0%   99.0%          0          0 NFL     Josh Allen: 50,000+ Passing Yards
kalshi        49.5%    0.0%   99.0%          0          0 NFL     Josh Allen: 60,000+ Passing Yards
kalshi        49.5%    0.0%   99.0%          0          0 NFL     Josh Allen: 70,000+ Passing Yards
RUNNER LIVE MARKET SCOUT — Kalshi + Polymarket
Updated: 2026-09-29T00:59:58.856Z | persisted market events=39581 price events=39581
kalshi:UP 565ms
------------------------------------------------------------------------------------------------------------------------
PROVIDER       PROB     BID     ASK        LIQ        VOL SPORT   MARKET
kalshi        82.5%   80.0%   85.0%          0        757         Will Kylian Mbappe score at least 30 goals in the World Cup 
kalshi        17.5%   15.0%   20.0%          0      2,800         Will Kylian Mbappe score at least 35 goals in the World Cup 
kalshi         5.0%    4.0%    6.0%          0      3,080         Will Kylian Mbappe score at least 40 goals in the World Cup 
kalshi        49.5%    0.0%   99.0%          0          0 NFL     Derrick Henry: 14,000+ Rushing Yards
kalshi        49.5%    0.0%   99.0%          0          0 NFL     Derrick Henry: 15,000+ Rushing Yards
kalshi        49.5%    0.0%   99.0%          0          0 NFL     Derrick Henry: 16,000+ Rushing Yards
kalshi        49.5%    0.0%   99.0%          0          0 NFL     Derrick Henry: 17,000+ Rushing Yards
kalshi        49.5%    0.0%   99.0%          0          0 NFL     Derrick Henry: 18,000+ Rushing Yards
kalshi        49.5%    0.0%   99.0%          0          0 NFL     Derrick Henry: 18,356+ Rushing Yards
kalshi        49.5%    0.0%   99.0%          0          0 NFL     Mike Evans: 14,000+ Receiving Yards
kalshi        49.5%    0.0%   99.0%          0          0 NFL     Mike Evans: 15,000+ Receiving Yards
kalshi        49.5%    0.0%   99.0%          0          0 NFL     Mike Evans: 16,000+ Receiving Yards
kalshi        49.5%    0.0%   99.0%          0          0 NFL     Mike Evans: 17,000+ Receiving Yards
kalshi        49.5%    0.0%   99.0%          0          0 NFL     Mike Evans: 18,000+ Receiving Yards
kalshi        49.5%    0.0%   99.0%          0          0 NFL     Mike Evans: 19,000+ Receiving Yards
kalshi        49.5%    0.0%   99.0%          0          0 NFL     Mike Evans: 20,000+ Receiving Yards
kalshi        49.5%    0.0%   99.0%          0          0 NFL     Mike Evans: 21,000+ Receiving Yards
kalshi        49.5%    0.0%   99.0%          0          0 NFL     Mike Evans: 22,000+ Receiving Yards
kalshi        49.5%    0.0%   99.0%          0          0 NFL     Mike Evans: 22,896+ Receiving Yards
kalshi        96.5%   94.0%   99.0%          0          0 NFL     Patrick Mahomes: 40,000+ Passing Yards
kalshi        87.5%   83.0%   92.0%          0          0 NFL     Patrick Mahomes: 50,000+ Passing Yards
kalshi        63.5%   59.0%   68.0%          0          0 NFL     Patrick Mahomes: 60,000+ Passing Yards
kalshi        38.5%   34.0%   43.0%          0          0 NFL     Patrick Mahomes: 70,000+ Passing Yards
kalshi        16.5%   12.0%   21.0%          0          0 NFL     Patrick Mahomes: 80,000+ Passing Yards
kalshi         5.5%    1.0%   10.0%          0          0 NFL     Patrick Mahomes: 89,215+ Passing Yards
kalshi        49.5%    0.0%   99.0%          0          0 NFL     Josh Allen: 35,000+ Passing Yards
kalshi        49.5%    0.0%   99.0%          0          0 NFL     Josh Allen: 40,000+ Passing Yards
kalshi        49.5%    0.0%   99.0%          0          0 NFL     Josh Allen: 50,000+ Passing Yards
kalshi        49.5%    0.0%   99.0%          0          0 NFL     Josh Allen: 60,000+ Passing Yards
kalshi        49.5%    0.0%   99.0%          0          0 NFL     Josh Allen: 70,000+ Passing Yards
RUNNER LIVE MARKET SCOUT — Kalshi + Polymarket
Updated: 2026-09-29T01:00:29.896Z | persisted market events=39581 price events=39581
kalshi:UP 580ms
------------------------------------------------------------------------------------------------------------------------
PROVIDER       PROB     BID     ASK        LIQ        VOL SPORT   MARKET
kalshi        82.5%   80.0%   85.0%          0        757         Will Kylian Mbappe score at least 30 goals in the World Cup 
kalshi        16.0%   15.0%   17.0%          0      2,800         Will Kylian Mbappe score at least 35 goals in the World Cup 
kalshi         5.0%    4.0%    6.0%          0      3,080         Will Kylian Mbappe score at least 40 goals in the World Cup 
kalshi        49.5%    0.0%   99.0%          0          0 NFL     Derrick Henry: 14,000+ Rushing Yards
kalshi        49.5%    0.0%   99.0%          0          0 NFL     Derrick Henry: 15,000+ Rushing Yards
kalshi        49.5%    0.0%   99.0%          0          0 NFL     Derrick Henry: 16,000+ Rushing Yards
kalshi        49.5%    0.0%   99.0%          0          0 NFL     Derrick Henry: 17,000+ Rushing Yards
kalshi        49.5%    0.0%   99.0%          0          0 NFL     Derrick Henry: 18,000+ Rushing Yards
kalshi        49.5%    0.0%   99.0%          0          0 NFL     Derrick Henry: 18,356+ Rushing Yards
kalshi        49.5%    0.0%   99.0%          0          0 NFL     Mike Evans: 14,000+ Receiving Yards
kalshi        49.5%    0.0%   99.0%          0          0 NFL     Mike Evans: 15,000+ Receiving Yards
kalshi        49.5%    0.0%   99.0%          0          0 NFL     Mike Evans: 16,000+ Receiving Yards
kalshi        49.5%    0.0%   99.0%          0          0 NFL     Mike Evans: 17,000+ Receiving Yards
kalshi        49.5%    0.0%   99.0%          0          0 NFL     Mike Evans: 18,000+ Receiving Yards
kalshi        49.5%    0.0%   99.0%          0          0 NFL     Mike Evans: 19,000+ Receiving Yards
kalshi        49.5%    0.0%   99.0%          0          0 NFL     Mike Evans: 20,000+ Receiving Yards
kalshi        49.5%    0.0%   99.0%          0          0 NFL     Mike Evans: 21,000+ Receiving Yards
kalshi        49.5%    0.0%   99.0%          0          0 NFL     Mike Evans: 22,000+ Receiving Yards
kalshi        49.5%    0.0%   99.0%          0          0 NFL     Mike Evans: 22,896+ Receiving Yards
kalshi        96.5%   94.0%   99.0%          0          0 NFL     Patrick Mahomes: 40,000+ Passing Yards
kalshi        87.5%   83.0%   92.0%          0          0 NFL     Patrick Mahomes: 50,000+ Passing Yards
kalshi        63.5%   59.0%   68.0%          0          0 NFL     Patrick Mahomes: 60,000+ Passing Yards
kalshi        38.5%   34.0%   43.0%          0          0 NFL     Patrick Mahomes: 70,000+ Passing Yards
kalshi        16.5%   12.0%   21.0%          0          0 NFL     Patrick Mahomes: 80,000+ Passing Yards
kalshi         5.5%    1.0%   10.0%          0          0 NFL     Patrick Mahomes: 89,215+ Passing Yards
kalshi        49.5%    0.0%   99.0%          0          0 NFL     Josh Allen: 35,000+ Passing Yards
kalshi        49.5%    0.0%   99.0%          0          0 NFL     Josh Allen: 40,000+ Passing Yards
kalshi        49.5%    0.0%   99.0%          0          0 NFL     Josh Allen: 50,000+ Passing Yards
kalshi        49.5%    0.0%   99.0%          0          0 NFL     Josh Allen: 60,000+ Passing Yards
kalshi        49.5%    0.0%   99.0%          0          0 NFL     Josh Allen: 70,000+ Passing Yards
RUNNER LIVE MARKET SCOUT — Kalshi + Polymarket
Updated: 2026-09-29T01:01:00.953Z | persisted market events=39581 price events=39581
kalshi:UP 629ms
------------------------------------------------------------------------------------------------------------------------
PROVIDER       PROB     BID     ASK        LIQ        VOL SPORT   MARKET
kalshi        82.5%   80.0%   85.0%          0        757         Will Kylian Mbappe score at least 30 goals in the World Cup 
kalshi        16.0%   15.0%   17.0%          0      2,800         Will Kylian Mbappe score at least 35 goals in the World Cup 
kalshi         5.0%    4.0%    6.0%          0      3,080         Will Kylian Mbappe score at least 40 goals in the World Cup 
kalshi        49.5%    0.0%   99.0%          0          0 NFL     Derrick Henry: 14,000+ Rushing Yards
kalshi        49.5%    0.0%   99.0%          0          0 NFL     Derrick Henry: 15,000+ Rushing Yards
kalshi        49.5%    0.0%   99.0%          0          0 NFL     Derrick Henry: 16,000+ Rushing Yards
kalshi        49.5%    0.0%   99.0%          0          0 NFL     Derrick Henry: 17,000+ Rushing Yards
kalshi        49.5%    0.0%   99.0%          0          0 NFL     Derrick Henry: 18,000+ Rushing Yards
kalshi        49.5%    0.0%   99.0%          0          0 NFL     Derrick Henry: 18,356+ Rushing Yards
kalshi        49.5%    0.0%   99.0%          0          0 NFL     Mike Evans: 14,000+ Receiving Yards
kalshi        49.5%    0.0%   99.0%          0          0 NFL     Mike Evans: 15,000+ Receiving Yards
kalshi        49.5%    0.0%   99.0%          0          0 NFL     Mike Evans: 16,000+ Receiving Yards
kalshi        49.5%    0.0%   99.0%          0          0 NFL     Mike Evans: 17,000+ Receiving Yards
kalshi        49.5%    0.0%   99.0%          0          0 NFL     Mike Evans: 18,000+ Receiving Yards
kalshi        49.5%    0.0%   99.0%          0          0 NFL     Mike Evans: 19,000+ Receiving Yards
kalshi        49.5%    0.0%   99.0%          0          0 NFL     Mike Evans: 20,000+ Receiving Yards
kalshi        49.5%    0.0%   99.0%          0          0 NFL     Mike Evans: 21,000+ Receiving Yards
kalshi        49.5%    0.0%   99.0%          0          0 NFL     Mike Evans: 22,000+ Receiving Yards
kalshi        49.5%    0.0%   99.0%          0          0 NFL     Mike Evans: 22,896+ Receiving Yards
kalshi        96.5%   94.0%   99.0%          0          0 NFL     Patrick Mahomes: 40,000+ Passing Yards
kalshi        87.5%   83.0%   92.0%          0          0 NFL     Patrick Mahomes: 50,000+ Passing Yards
kalshi        63.5%   59.0%   68.0%          0          0 NFL     Patrick Mahomes: 60,000+ Passing Yards
kalshi        38.5%   34.0%   43.0%          0          0 NFL     Patrick Mahomes: 70,000+ Passing Yards
kalshi        16.5%   12.0%   21.0%          0          0 NFL     Patrick Mahomes: 80,000+ Passing Yards
kalshi         5.5%    1.0%   10.0%          0          0 NFL     Patrick Mahomes: 89,215+ Passing Yards
kalshi        49.5%    0.0%   99.0%          0          0 NFL     Josh Allen: 35,000+ Passing Yards
kalshi        49.5%    0.0%   99.0%          0          0 NFL     Josh Allen: 40,000+ Passing Yards
kalshi        49.5%    0.0%   99.0%          0          0 NFL     Josh Allen: 50,000+ Passing Yards
kalshi        49.5%    0.0%   99.0%          0          0 NFL     Josh Allen: 60,000+ Passing Yards
kalshi        49.5%    0.0%   99.0%          0          0 NFL     Josh Allen: 70,000+ Passing Yards
RUNNER LIVE MARKET SCOUT — Kalshi + Polymarket
Updated: 2026-09-29T01:01:32.069Z | persisted market events=39581 price events=39581
kalshi:UP 559ms
------------------------------------------------------------------------------------------------------------------------
PROVIDER       PROB     BID     ASK        LIQ        VOL SPORT   MARKET
kalshi        82.5%   80.0%   85.0%          0        757         Will Kylian Mbappe score at least 30 goals in the World Cup 
kalshi        17.5%   15.0%   20.0%          0      2,800         Will Kylian Mbappe score at least 35 goals in the World Cup 
kalshi         5.0%    4.0%    6.0%          0      3,080         Will Kylian Mbappe score at least 40 goals in the World Cup 
kalshi        49.5%    0.0%   99.0%          0          0 NFL     Derrick Henry: 14,000+ Rushing Yards
kalshi        49.5%    0.0%   99.0%          0          0 NFL     Derrick Henry: 15,000+ Rushing Yards
kalshi        49.5%    0.0%   99.0%          0          0 NFL     Derrick Henry: 16,000+ Rushing Yards
kalshi        49.5%    0.0%   99.0%          0          0 NFL     Derrick Henry: 17,000+ Rushing Yards
kalshi        49.5%    0.0%   99.0%          0          0 NFL     Derrick Henry: 18,000+ Rushing Yards
kalshi        49.5%    0.0%   99.0%          0          0 NFL     Derrick Henry: 18,356+ Rushing Yards
kalshi        49.5%    0.0%   99.0%          0          0 NFL     Mike Evans: 14,000+ Receiving Yards
kalshi        49.5%    0.0%   99.0%          0          0 NFL     Mike Evans: 15,000+ Receiving Yards
kalshi        49.5%    0.0%   99.0%          0          0 NFL     Mike Evans: 16,000+ Receiving Yards
kalshi        49.5%    0.0%   99.0%          0          0 NFL     Mike Evans: 17,000+ Receiving Yards
kalshi        49.5%    0.0%   99.0%          0          0 NFL     Mike Evans: 18,000+ Receiving Yards
kalshi        49.5%    0.0%   99.0%          0          0 NFL     Mike Evans: 19,000+ Receiving Yards
kalshi        49.5%    0.0%   99.0%          0          0 NFL     Mike Evans: 20,000+ Receiving Yards
kalshi        49.5%    0.0%   99.0%          0          0 NFL     Mike Evans: 21,000+ Receiving Yards
kalshi        49.5%    0.0%   99.0%          0          0 NFL     Mike Evans: 22,000+ Receiving Yards
kalshi        49.5%    0.0%   99.0%          0          0 NFL     Mike Evans: 22,896+ Receiving Yards
kalshi        96.5%   94.0%   99.0%          0          0 NFL     Patrick Mahomes: 40,000+ Passing Yards
kalshi        87.5%   83.0%   92.0%          0          0 NFL     Patrick Mahomes: 50,000+ Passing Yards
kalshi        63.5%   59.0%   68.0%          0          0 NFL     Patrick Mahomes: 60,000+ Passing Yards
kalshi        38.5%   34.0%   43.0%          0          0 NFL     Patrick Mahomes: 70,000+ Passing Yards
kalshi        16.5%   12.0%   21.0%          0          0 NFL     Patrick Mahomes: 80,000+ Passing Yards
kalshi         5.5%    1.0%   10.0%          0          0 NFL     Patrick Mahomes: 89,215+ Passing Yards
kalshi        49.5%    0.0%   99.0%          0          0 NFL     Josh Allen: 35,000+ Passing Yards
kalshi        49.5%    0.0%   99.0%          0          0 NFL     Josh Allen: 40,000+ Passing Yards
kalshi        49.5%    0.0%   99.0%          0          0 NFL     Josh Allen: 50,000+ Passing Yards
kalshi        49.5%    0.0%   99.0%          0          0 NFL     Josh Allen: 60,000+ Passing Yards
kalshi        49.5%    0.0%   99.0%          0          0 NFL     Josh Allen: 70,000+ Passing Yards
RUNNER LIVE MARKET SCOUT — Kalshi + Polymarket
Updated: 2026-09-29T01:02:03.205Z | persisted market events=39581 price events=39581
kalshi:UP 563ms
------------------------------------------------------------------------------------------------------------------------
PROVIDER       PROB     BID     ASK        LIQ        VOL SPORT   MARKET
kalshi        82.5%   80.0%   85.0%          0        757         Will Kylian Mbappe score at least 30 goals in the World Cup 
kalshi        16.0%   15.0%   17.0%          0      2,800         Will Kylian Mbappe score at least 35 goals in the World Cup 
kalshi         5.0%    4.0%    6.0%          0      3,080         Will Kylian Mbappe score at least 40 goals in the World Cup 
kalshi        49.5%    0.0%   99.0%          0          0 NFL     Derrick Henry: 14,000+ Rushing Yards
kalshi        49.5%    0.0%   99.0%          0          0 NFL     Derrick Henry: 15,000+ Rushing Yards
kalshi        49.5%    0.0%   99.0%          0          0 NFL     Derrick Henry: 16,000+ Rushing Yards
kalshi        49.5%    0.0%   99.0%          0          0 NFL     Derrick Henry: 17,000+ Rushing Yards
kalshi        49.5%    0.0%   99.0%          0          0 NFL     Derrick Henry: 18,000+ Rushing Yards
kalshi        49.5%    0.0%   99.0%          0          0 NFL     Derrick Henry: 18,356+ Rushing Yards
kalshi        49.5%    0.0%   99.0%          0          0 NFL     Mike Evans: 14,000+ Receiving Yards
kalshi        49.5%    0.0%   99.0%          0          0 NFL     Mike Evans: 15,000+ Receiving Yards
kalshi        49.5%    0.0%   99.0%          0          0 NFL     Mike Evans: 16,000+ Receiving Yards
kalshi        49.5%    0.0%   99.0%          0          0 NFL     Mike Evans: 17,000+ Receiving Yards
kalshi        49.5%    0.0%   99.0%          0          0 NFL     Mike Evans: 18,000+ Receiving Yards
kalshi        49.5%    0.0%   99.0%          0          0 NFL     Mike Evans: 19,000+ Receiving Yards
kalshi        49.5%    0.0%   99.0%          0          0 NFL     Mike Evans: 20,000+ Receiving Yards
kalshi        49.5%    0.0%   99.0%          0          0 NFL     Mike Evans: 21,000+ Receiving Yards
kalshi        49.5%    0.0%   99.0%          0          0 NFL     Mike Evans: 22,000+ Receiving Yards
kalshi        49.5%    0.0%   99.0%          0          0 NFL     Mike Evans: 22,896+ Receiving Yards
kalshi        96.5%   94.0%   99.0%          0          0 NFL     Patrick Mahomes: 40,000+ Passing Yards
kalshi        87.5%   83.0%   92.0%          0          0 NFL     Patrick Mahomes: 50,000+ Passing Yards
kalshi        63.5%   59.0%   68.0%          0          0 NFL     Patrick Mahomes: 60,000+ Passing Yards
kalshi        38.5%   34.0%   43.0%          0          0 NFL     Patrick Mahomes: 70,000+ Passing Yards
kalshi        16.5%   12.0%   21.0%          0          0 NFL     Patrick Mahomes: 80,000+ Passing Yards
kalshi         5.5%    1.0%   10.0%          0          0 NFL     Patrick Mahomes: 89,215+ Passing Yards
kalshi        49.5%    0.0%   99.0%          0          0 NFL     Josh Allen: 35,000+ Passing Yards
kalshi        49.5%    0.0%   99.0%          0          0 NFL     Josh Allen: 40,000+ Passing Yards
kalshi        49.5%    0.0%   99.0%          0          0 NFL     Josh Allen: 50,000+ Passing Yards
kalshi        49.5%    0.0%   99.0%          0          0 NFL     Josh Allen: 60,000+ Passing Yards
kalshi        49.5%    0.0%   99.0%          0          0 NFL     Josh Allen: 70,000+ Passing Yards
RUNNER LIVE MARKET SCOUT — Kalshi + Polymarket
Updated: 2026-09-29T01:02:34.081Z | persisted market events=39581 price events=39581
kalshi:UP 601ms
------------------------------------------------------------------------------------------------------------------------
PROVIDER       PROB     BID     ASK        LIQ        VOL SPORT   MARKET
kalshi        82.5%   80.0%   85.0%          0        757         Will Kylian Mbappe score at least 30 goals in the World Cup 
kalshi        16.0%   15.0%   17.0%          0      2,800         Will Kylian Mbappe score at least 35 goals in the World Cup 
kalshi         5.0%    4.0%    6.0%          0      3,080         Will Kylian Mbappe score at least 40 goals in the World Cup 
kalshi        49.5%    0.0%   99.0%          0          0 NFL     Derrick Henry: 14,000+ Rushing Yards
kalshi        49.5%    0.0%   99.0%          0          0 NFL     Derrick Henry: 15,000+ Rushing Yards
kalshi        49.5%    0.0%   99.0%          0          0 NFL     Derrick Henry: 16,000+ Rushing Yards
kalshi        49.5%    0.0%   99.0%          0          0 NFL     Derrick Henry: 17,000+ Rushing Yards
kalshi        49.5%    0.0%   99.0%          0          0 NFL     Derrick Henry: 18,000+ Rushing Yards
kalshi        49.5%    0.0%   99.0%          0          0 NFL     Derrick Henry: 18,356+ Rushing Yards
kalshi        49.5%    0.0%   99.0%          0          0 NFL     Mike Evans: 14,000+ Receiving Yards
kalshi        49.5%    0.0%   99.0%          0          0 NFL     Mike Evans: 15,000+ Receiving Yards
kalshi        49.5%    0.0%   99.0%          0          0 NFL     Mike Evans: 16,000+ Receiving Yards
kalshi        49.5%    0.0%   99.0%          0          0 NFL     Mike Evans: 17,000+ Receiving Yards
kalshi        49.5%    0.0%   99.0%          0          0 NFL     Mike Evans: 18,000+ Receiving Yards
kalshi        49.5%    0.0%   99.0%          0          0 NFL     Mike Evans: 19,000+ Receiving Yards
kalshi        49.5%    0.0%   99.0%          0          0 NFL     Mike Evans: 20,000+ Receiving Yards
kalshi        49.5%    0.0%   99.0%          0          0 NFL     Mike Evans: 21,000+ Receiving Yards
kalshi        49.5%    0.0%   99.0%          0          0 NFL     Mike Evans: 22,000+ Receiving Yards
kalshi        49.5%    0.0%   99.0%          0          0 NFL     Mike Evans: 22,896+ Receiving Yards
kalshi        96.5%   94.0%   99.0%          0          0 NFL     Patrick Mahomes: 40,000+ Passing Yards
kalshi        87.5%   83.0%   92.0%          0          0 NFL     Patrick Mahomes: 50,000+ Passing Yards
kalshi        63.5%   59.0%   68.0%          0          0 NFL     Patrick Mahomes: 60,000+ Passing Yards
kalshi        38.5%   34.0%   43.0%          0          0 NFL     Patrick Mahomes: 70,000+ Passing Yards
kalshi        16.5%   12.0%   21.0%          0          0 NFL     Patrick Mahomes: 80,000+ Passing Yards
kalshi         5.5%    1.0%   10.0%          0          0 NFL     Patrick Mahomes: 89,215+ Passing Yards
kalshi        49.5%    0.0%   99.0%          0          0 NFL     Josh Allen: 35,000+ Passing Yards
kalshi        49.5%    0.0%   99.0%          0          0 NFL     Josh Allen: 40,000+ Passing Yards
kalshi        49.5%    0.0%   99.0%          0          0 NFL     Josh Allen: 50,000+ Passing Yards
kalshi        49.5%    0.0%   99.0%          0          0 NFL     Josh Allen: 60,000+ Passing Yards
kalshi        49.5%    0.0%   99.0%          0          0 NFL     Josh Allen: 70,000+ Passing Yards
RUNNER LIVE MARKET SCOUT — Kalshi + Polymarket
Updated: 2026-09-29T01:03:05.167Z | persisted market events=39581 price events=39581
kalshi:UP 651ms
------------------------------------------------------------------------------------------------------------------------
PROVIDER       PROB     BID     ASK        LIQ        VOL SPORT   MARKET
kalshi        82.5%   80.0%   85.0%          0        757         Will Kylian Mbappe score at least 30 goals in the World Cup 
kalshi        16.0%   15.0%   17.0%          0      2,800         Will Kylian Mbappe score at least 35 goals in the World Cup 
kalshi         5.0%    4.0%    6.0%          0      3,080         Will Kylian Mbappe score at least 40 goals in the World Cup 
kalshi        49.5%    0.0%   99.0%          0          0 NFL     Derrick Henry: 14,000+ Rushing Yards
kalshi        49.5%    0.0%   99.0%          0          0 NFL     Derrick Henry: 15,000+ Rushing Yards
kalshi        49.5%    0.0%   99.0%          0          0 NFL     Derrick Henry: 16,000+ Rushing Yards
kalshi        49.5%    0.0%   99.0%          0          0 NFL     Derrick Henry: 17,000+ Rushing Yards
kalshi        49.5%    0.0%   99.0%          0          0 NFL     Derrick Henry: 18,000+ Rushing Yards
kalshi        49.5%    0.0%   99.0%          0          0 NFL     Derrick Henry: 18,356+ Rushing Yards
kalshi        49.5%    0.0%   99.0%          0          0 NFL     Mike Evans: 14,000+ Receiving Yards
kalshi        49.5%    0.0%   99.0%          0          0 NFL     Mike Evans: 15,000+ Receiving Yards
kalshi        49.5%    0.0%   99.0%          0          0 NFL     Mike Evans: 16,000+ Receiving Yards
kalshi        49.5%    0.0%   99.0%          0          0 NFL     Mike Evans: 17,000+ Receiving Yards
kalshi        49.5%    0.0%   99.0%          0          0 NFL     Mike Evans: 18,000+ Receiving Yards
kalshi        49.5%    0.0%   99.0%          0          0 NFL     Mike Evans: 19,000+ Receiving Yards
kalshi        49.5%    0.0%   99.0%          0          0 NFL     Mike Evans: 20,000+ Receiving Yards
kalshi        49.5%    0.0%   99.0%          0          0 NFL     Mike Evans: 21,000+ Receiving Yards
kalshi        49.5%    0.0%   99.0%          0          0 NFL     Mike Evans: 22,000+ Receiving Yards
kalshi        49.5%    0.0%   99.0%          0          0 NFL     Mike Evans: 22,896+ Receiving Yards
kalshi        96.5%   94.0%   99.0%          0          0 NFL     Patrick Mahomes: 40,000+ Passing Yards
kalshi        87.5%   83.0%   92.0%          0          0 NFL     Patrick Mahomes: 50,000+ Passing Yards
kalshi        63.5%   59.0%   68.0%          0          0 NFL     Patrick Mahomes: 60,000+ Passing Yards
kalshi        38.5%   34.0%   43.0%          0          0 NFL     Patrick Mahomes: 70,000+ Passing Yards
kalshi        16.5%   12.0%   21.0%          0          0 NFL     Patrick Mahomes: 80,000+ Passing Yards
kalshi         5.5%    1.0%   10.0%          0          0 NFL     Patrick Mahomes: 89,215+ Passing Yards
kalshi        49.5%    0.0%   99.0%          0          0 NFL     Josh Allen: 35,000+ Passing Yards
kalshi        49.5%    0.0%   99.0%          0          0 NFL     Josh Allen: 40,000+ Passing Yards
kalshi        49.5%    0.0%   99.0%          0          0 NFL     Josh Allen: 50,000+ Passing Yards
kalshi        49.5%    0.0%   99.0%          0          0 NFL     Josh Allen: 60,000+ Passing Yards
kalshi        49.5%    0.0%   99.0%          0          0 NFL     Josh Allen: 70,000+ Passing Yards
RUNNER LIVE MARKET SCOUT — Kalshi + Polymarket
Updated: 2026-09-29T01:03:36.572Z | persisted market events=39581 price events=39581
kalshi:UP 1003ms
------------------------------------------------------------------------------------------------------------------------
PROVIDER       PROB     BID     ASK        LIQ        VOL SPORT   MARKET
kalshi        82.5%   80.0%   85.0%          0        757         Will Kylian Mbappe score at least 30 goals in the World Cup 
kalshi        17.5%   15.0%   20.0%          0      2,800         Will Kylian Mbappe score at least 35 goals in the World Cup 
kalshi         5.0%    4.0%    6.0%          0      3,080         Will Kylian Mbappe score at least 40 goals in the World Cup 
kalshi        49.5%    0.0%   99.0%          0          0 NFL     Derrick Henry: 14,000+ Rushing Yards
kalshi        49.5%    0.0%   99.0%          0          0 NFL     Derrick Henry: 15,000+ Rushing Yards
kalshi        49.5%    0.0%   99.0%          0          0 NFL     Derrick Henry: 16,000+ Rushing Yards
kalshi        49.5%    0.0%   99.0%          0          0 NFL     Derrick Henry: 17,000+ Rushing Yards
kalshi        49.5%    0.0%   99.0%          0          0 NFL     Derrick Henry: 18,000+ Rushing Yards
kalshi        49.5%    0.0%   99.0%          0          0 NFL     Derrick Henry: 18,356+ Rushing Yards
kalshi        49.5%    0.0%   99.0%          0          0 NFL     Mike Evans: 14,000+ Receiving Yards
kalshi        49.5%    0.0%   99.0%          0          0 NFL     Mike Evans: 15,000+ Receiving Yards
kalshi        49.5%    0.0%   99.0%          0          0 NFL     Mike Evans: 16,000+ Receiving Yards
kalshi        49.5%    0.0%   99.0%          0          0 NFL     Mike Evans: 17,000+ Receiving Yards
kalshi        49.5%    0.0%   99.0%          0          0 NFL     Mike Evans: 18,000+ Receiving Yards
kalshi        49.5%    0.0%   99.0%          0          0 NFL     Mike Evans: 19,000+ Receiving Yards
kalshi        49.5%    0.0%   99.0%          0          0 NFL     Mike Evans: 20,000+ Receiving Yards
kalshi        49.5%    0.0%   99.0%          0          0 NFL     Mike Evans: 21,000+ Receiving Yards
kalshi        49.5%    0.0%   99.0%          0          0 NFL     Mike Evans: 22,000+ Receiving Yards
kalshi        49.5%    0.0%   99.0%          0          0 NFL     Mike Evans: 22,896+ Receiving Yards
kalshi        96.5%   94.0%   99.0%          0          0 NFL     Patrick Mahomes: 40,000+ Passing Yards
kalshi        87.5%   83.0%   92.0%          0          0 NFL     Patrick Mahomes: 50,000+ Passing Yards
kalshi        63.5%   59.0%   68.0%          0          0 NFL     Patrick Mahomes: 60,000+ Passing Yards
kalshi        38.5%   34.0%   43.0%          0          0 NFL     Patrick Mahomes: 70,000+ Passing Yards
kalshi        16.5%   12.0%   21.0%          0          0 NFL     Patrick Mahomes: 80,000+ Passing Yards
kalshi         5.5%    1.0%   10.0%          0          0 NFL     Patrick Mahomes: 89,215+ Passing Yards
kalshi        49.5%    0.0%   99.0%          0          0 NFL     Josh Allen: 35,000+ Passing Yards
kalshi        49.5%    0.0%   99.0%          0          0 NFL     Josh Allen: 40,000+ Passing Yards
kalshi        49.5%    0.0%   99.0%          0          0 NFL     Josh Allen: 50,000+ Passing Yards
kalshi        49.5%    0.0%   99.0%          0          0 NFL     Josh Allen: 60,000+ Passing Yards
kalshi        49.5%    0.0%   99.0%          0          0 NFL     Josh Allen: 70,000+ Passing Yards
RUNNER LIVE MARKET SCOUT — Kalshi + Polymarket
Updated: 2026-09-29T01:04:07.705Z | persisted market events=39581 price events=39581
kalshi:UP 577ms
------------------------------------------------------------------------------------------------------------------------
PROVIDER       PROB     BID     ASK        LIQ        VOL SPORT   MARKET
kalshi        82.5%   80.0%   85.0%          0        757         Will Kylian Mbappe score at least 30 goals in the World Cup 
kalshi        17.5%   15.0%   20.0%          0      2,800         Will Kylian Mbappe score at least 35 goals in the World Cup 
kalshi         5.0%    4.0%    6.0%          0      3,080         Will Kylian Mbappe score at least 40 goals in the World Cup 
kalshi        49.5%    0.0%   99.0%          0          0 NFL     Derrick Henry: 14,000+ Rushing Yards
kalshi        49.5%    0.0%   99.0%          0          0 NFL     Derrick Henry: 15,000+ Rushing Yards
kalshi        49.5%    0.0%   99.0%          0          0 NFL     Derrick Henry: 16,000+ Rushing Yards
kalshi        49.5%    0.0%   99.0%          0          0 NFL     Derrick Henry: 17,000+ Rushing Yards
kalshi        49.5%    0.0%   99.0%          0          0 NFL     Derrick Henry: 18,000+ Rushing Yards
kalshi        49.5%    0.0%   99.0%          0          0 NFL     Derrick Henry: 18,356+ Rushing Yards
kalshi        49.5%    0.0%   99.0%          0          0 NFL     Mike Evans: 14,000+ Receiving Yards
kalshi        49.5%    0.0%   99.0%          0          0 NFL     Mike Evans: 15,000+ Receiving Yards
kalshi        49.5%    0.0%   99.0%          0          0 NFL     Mike Evans: 16,000+ Receiving Yards
kalshi        49.5%    0.0%   99.0%          0          0 NFL     Mike Evans: 17,000+ Receiving Yards
kalshi        49.5%    0.0%   99.0%          0          0 NFL     Mike Evans: 18,000+ Receiving Yards
kalshi        49.5%    0.0%   99.0%          0          0 NFL     Mike Evans: 19,000+ Receiving Yards
kalshi        49.5%    0.0%   99.0%          0          0 NFL     Mike Evans: 20,000+ Receiving Yards
kalshi        49.5%    0.0%   99.0%          0          0 NFL     Mike Evans: 21,000+ Receiving Yards
kalshi        49.5%    0.0%   99.0%          0          0 NFL     Mike Evans: 22,000+ Receiving Yards
kalshi        49.5%    0.0%   99.0%          0          0 NFL     Mike Evans: 22,896+ Receiving Yards
kalshi        96.5%   94.0%   99.0%          0          0 NFL     Patrick Mahomes: 40,000+ Passing Yards
kalshi        87.5%   83.0%   92.0%          0          0 NFL     Patrick Mahomes: 50,000+ Passing Yards
kalshi        63.5%   59.0%   68.0%          0          0 NFL     Patrick Mahomes: 60,000+ Passing Yards
kalshi        38.5%   34.0%   43.0%          0          0 NFL     Patrick Mahomes: 70,000+ Passing Yards
kalshi        16.5%   12.0%   21.0%          0          0 NFL     Patrick Mahomes: 80,000+ Passing Yards
kalshi         5.5%    1.0%   10.0%          0          0 NFL     Patrick Mahomes: 89,215+ Passing Yards
kalshi        49.5%    0.0%   99.0%          0          0 NFL     Josh Allen: 35,000+ Passing Yards
kalshi        49.5%    0.0%   99.0%          0          0 NFL     Josh Allen: 40,000+ Passing Yards
kalshi        49.5%    0.0%   99.0%          0          0 NFL     Josh Allen: 50,000+ Passing Yards
kalshi        49.5%    0.0%   99.0%          0          0 NFL     Josh Allen: 60,000+ Passing Yards
kalshi        49.5%    0.0%   99.0%          0          0 NFL     Josh Allen: 70,000+ Passing Yards
RUNNER LIVE MARKET SCOUT — Kalshi + Polymarket
Updated: 2026-09-29T01:04:38.626Z | persisted market events=39581 price events=39581
kalshi:UP 635ms
------------------------------------------------------------------------------------------------------------------------
PROVIDER       PROB     BID     ASK        LIQ        VOL SPORT   MARKET
kalshi        82.5%   80.0%   85.0%          0        757         Will Kylian Mbappe score at least 30 goals in the World Cup 
kalshi        16.0%   15.0%   17.0%          0      2,800         Will Kylian Mbappe score at least 35 goals in the World Cup 
kalshi         5.0%    4.0%    6.0%          0      3,080         Will Kylian Mbappe score at least 40 goals in the World Cup 
kalshi        49.5%    0.0%   99.0%          0          0 NFL     Derrick Henry: 14,000+ Rushing Yards
kalshi        49.5%    0.0%   99.0%          0          0 NFL     Derrick Henry: 15,000+ Rushing Yards
kalshi        49.5%    0.0%   99.0%          0          0 NFL     Derrick Henry: 16,000+ Rushing Yards
kalshi        49.5%    0.0%   99.0%          0          0 NFL     Derrick Henry: 17,000+ Rushing Yards
kalshi        49.5%    0.0%   99.0%          0          0 NFL     Derrick Henry: 18,000+ Rushing Yards
kalshi        49.5%    0.0%   99.0%          0          0 NFL     Derrick Henry: 18,356+ Rushing Yards
kalshi        49.5%    0.0%   99.0%          0          0 NFL     Mike Evans: 14,000+ Receiving Yards
kalshi        49.5%    0.0%   99.0%          0          0 NFL     Mike Evans: 15,000+ Receiving Yards
kalshi        49.5%    0.0%   99.0%          0          0 NFL     Mike Evans: 16,000+ Receiving Yards
kalshi        49.5%    0.0%   99.0%          0          0 NFL     Mike Evans: 17,000+ Receiving Yards
kalshi        49.5%    0.0%   99.0%          0          0 NFL     Mike Evans: 18,000+ Receiving Yards
kalshi        49.5%    0.0%   99.0%          0          0 NFL     Mike Evans: 19,000+ Receiving Yards
kalshi        49.5%    0.0%   99.0%          0          0 NFL     Mike Evans: 20,000+ Receiving Yards
kalshi        49.5%    0.0%   99.0%          0          0 NFL     Mike Evans: 21,000+ Receiving Yards
kalshi        49.5%    0.0%   99.0%          0          0 NFL     Mike Evans: 22,000+ Receiving Yards
kalshi        49.5%    0.0%   99.0%          0          0 NFL     Mike Evans: 22,896+ Receiving Yards
kalshi        96.5%   94.0%   99.0%          0          0 NFL     Patrick Mahomes: 40,000+ Passing Yards
kalshi        87.5%   83.0%   92.0%          0          0 NFL     Patrick Mahomes: 50,000+ Passing Yards
kalshi        63.5%   59.0%   68.0%          0          0 NFL     Patrick Mahomes: 60,000+ Passing Yards
kalshi        38.5%   34.0%   43.0%          0          0 NFL     Patrick Mahomes: 70,000+ Passing Yards
kalshi        16.5%   12.0%   21.0%          0          0 NFL     Patrick Mahomes: 80,000+ Passing Yards
kalshi         5.5%    1.0%   10.0%          0          0 NFL     Patrick Mahomes: 89,215+ Passing Yards
kalshi        49.5%    0.0%   99.0%          0          0 NFL     Josh Allen: 35,000+ Passing Yards
kalshi        49.5%    0.0%   99.0%          0          0 NFL     Josh Allen: 40,000+ Passing Yards
kalshi        49.5%    0.0%   99.0%          0          0 NFL     Josh Allen: 50,000+ Passing Yards
kalshi        49.5%    0.0%   99.0%          0          0 NFL     Josh Allen: 60,000+ Passing Yards
kalshi        49.5%    0.0%   99.0%          0          0 NFL     Josh Allen: 70,000+ Passing Yards
RUNNER LIVE MARKET SCOUT — Kalshi + Polymarket
Updated: 2026-09-29T01:05:09.617Z | persisted market events=39581 price events=39581
kalshi:UP 597ms
------------------------------------------------------------------------------------------------------------------------
PROVIDER       PROB     BID     ASK        LIQ        VOL SPORT   MARKET
kalshi        82.5%   80.0%   85.0%          0        757         Will Kylian Mbappe score at least 30 goals in the World Cup 
kalshi        17.5%   15.0%   20.0%          0      2,800         Will Kylian Mbappe score at least 35 goals in the World Cup 
kalshi         5.0%    4.0%    6.0%          0      3,080         Will Kylian Mbappe score at least 40 goals in the World Cup 
kalshi        49.5%    0.0%   99.0%          0          0 NFL     Derrick Henry: 14,000+ Rushing Yards
kalshi        49.5%    0.0%   99.0%          0          0 NFL     Derrick Henry: 15,000+ Rushing Yards
kalshi        49.5%    0.0%   99.0%          0          0 NFL     Derrick Henry: 16,000+ Rushing Yards
kalshi        49.5%    0.0%   99.0%          0          0 NFL     Derrick Henry: 17,000+ Rushing Yards
kalshi        49.5%    0.0%   99.0%          0          0 NFL     Derrick Henry: 18,000+ Rushing Yards
kalshi        49.5%    0.0%   99.0%          0          0 NFL     Derrick Henry: 18,356+ Rushing Yards
kalshi        49.5%    0.0%   99.0%          0          0 NFL     Mike Evans: 14,000+ Receiving Yards
kalshi        49.5%    0.0%   99.0%          0          0 NFL     Mike Evans: 15,000+ Receiving Yards
kalshi        49.5%    0.0%   99.0%          0          0 NFL     Mike Evans: 16,000+ Receiving Yards
kalshi        49.5%    0.0%   99.0%          0          0 NFL     Mike Evans: 17,000+ Receiving Yards
kalshi        49.5%    0.0%   99.0%          0          0 NFL     Mike Evans: 18,000+ Receiving Yards
kalshi        49.5%    0.0%   99.0%          0          0 NFL     Mike Evans: 19,000+ Receiving Yards
kalshi        49.5%    0.0%   99.0%          0          0 NFL     Mike Evans: 20,000+ Receiving Yards
kalshi        49.5%    0.0%   99.0%          0          0 NFL     Mike Evans: 21,000+ Receiving Yards
kalshi        49.5%    0.0%   99.0%          0          0 NFL     Mike Evans: 22,000+ Receiving Yards
kalshi        49.5%    0.0%   99.0%          0          0 NFL     Mike Evans: 22,896+ Receiving Yards
kalshi        96.5%   94.0%   99.0%          0          0 NFL     Patrick Mahomes: 40,000+ Passing Yards
kalshi        87.5%   83.0%   92.0%          0          0 NFL     Patrick Mahomes: 50,000+ Passing Yards
kalshi        63.5%   59.0%   68.0%          0          0 NFL     Patrick Mahomes: 60,000+ Passing Yards
kalshi        38.5%   34.0%   43.0%          0          0 NFL     Patrick Mahomes: 70,000+ Passing Yards
kalshi        16.5%   12.0%   21.0%          0          0 NFL     Patrick Mahomes: 80,000+ Passing Yards
kalshi         5.5%    1.0%   10.0%          0          0 NFL     Patrick Mahomes: 89,215+ Passing Yards
kalshi        49.5%    0.0%   99.0%          0          0 NFL     Josh Allen: 35,000+ Passing Yards
kalshi        49.5%    0.0%   99.0%          0          0 NFL     Josh Allen: 40,000+ Passing Yards
kalshi        49.5%    0.0%   99.0%          0          0 NFL     Josh Allen: 50,000+ Passing Yards
kalshi        49.5%    0.0%   99.0%          0          0 NFL     Josh Allen: 60,000+ Passing Yards
kalshi        49.5%    0.0%   99.0%          0          0 NFL     Josh Allen: 70,000+ Passing Yards
RUNNER LIVE MARKET SCOUT — Kalshi + Polymarket
Updated: 2026-09-29T01:05:40.473Z | persisted market events=39581 price events=39581
kalshi:UP 579ms
------------------------------------------------------------------------------------------------------------------------
PROVIDER       PROB     BID     ASK        LIQ        VOL SPORT   MARKET
kalshi        82.5%   80.0%   85.0%          0        757         Will Kylian Mbappe score at least 30 goals in the World Cup 
kalshi        17.5%   15.0%   20.0%          0      2,800         Will Kylian Mbappe score at least 35 goals in the World Cup 
kalshi         5.0%    4.0%    6.0%          0      3,080         Will Kylian Mbappe score at least 40 goals in the World Cup 
kalshi        49.5%    0.0%   99.0%          0          0 NFL     Derrick Henry: 14,000+ Rushing Yards
kalshi        49.5%    0.0%   99.0%          0          0 NFL     Derrick Henry: 15,000+ Rushing Yards
kalshi        49.5%    0.0%   99.0%          0          0 NFL     Derrick Henry: 16,000+ Rushing Yards
kalshi        49.5%    0.0%   99.0%          0          0 NFL     Derrick Henry: 17,000+ Rushing Yards
kalshi        49.5%    0.0%   99.0%          0          0 NFL     Derrick Henry: 18,000+ Rushing Yards
kalshi        49.5%    0.0%   99.0%          0          0 NFL     Derrick Henry: 18,356+ Rushing Yards
kalshi        49.5%    0.0%   99.0%          0          0 NFL     Mike Evans: 14,000+ Receiving Yards
kalshi        49.5%    0.0%   99.0%          0          0 NFL     Mike Evans: 15,000+ Receiving Yards
kalshi        49.5%    0.0%   99.0%          0          0 NFL     Mike Evans: 16,000+ Receiving Yards
kalshi        49.5%    0.0%   99.0%          0          0 NFL     Mike Evans: 17,000+ Receiving Yards
kalshi        49.5%    0.0%   99.0%          0          0 NFL     Mike Evans: 18,000+ Receiving Yards
kalshi        49.5%    0.0%   99.0%          0          0 NFL     Mike Evans: 19,000+ Receiving Yards
kalshi        49.5%    0.0%   99.0%          0          0 NFL     Mike Evans: 20,000+ Receiving Yards
kalshi        49.5%    0.0%   99.0%          0          0 NFL     Mike Evans: 21,000+ Receiving Yards
kalshi        49.5%    0.0%   99.0%          0          0 NFL     Mike Evans: 22,000+ Receiving Yards
kalshi        49.5%    0.0%   99.0%          0          0 NFL     Mike Evans: 22,896+ Receiving Yards
kalshi        96.5%   94.0%   99.0%          0          0 NFL     Patrick Mahomes: 40,000+ Passing Yards
kalshi        87.5%   83.0%   92.0%          0          0 NFL     Patrick Mahomes: 50,000+ Passing Yards
kalshi        63.5%   59.0%   68.0%          0          0 NFL     Patrick Mahomes: 60,000+ Passing Yards
kalshi        38.5%   34.0%   43.0%          0          0 NFL     Patrick Mahomes: 70,000+ Passing Yards
kalshi        16.5%   12.0%   21.0%          0          0 NFL     Patrick Mahomes: 80,000+ Passing Yards
kalshi         5.5%    1.0%   10.0%          0          0 NFL     Patrick Mahomes: 89,215+ Passing Yards
kalshi        49.5%    0.0%   99.0%          0          0 NFL     Josh Allen: 35,000+ Passing Yards
kalshi        49.5%    0.0%   99.0%          0          0 NFL     Josh Allen: 40,000+ Passing Yards
kalshi        49.5%    0.0%   99.0%          0          0 NFL     Josh Allen: 50,000+ Passing Yards
kalshi        49.5%    0.0%   99.0%          0          0 NFL     Josh Allen: 60,000+ Passing Yards
kalshi        49.5%    0.0%   99.0%          0          0 NFL     Josh Allen: 70,000+ Passing Yards
RUNNER LIVE MARKET SCOUT — Kalshi + Polymarket
Updated: 2026-09-29T01:06:11.770Z | persisted market events=39581 price events=39581
kalshi:UP 646ms
------------------------------------------------------------------------------------------------------------------------
PROVIDER       PROB     BID     ASK        LIQ        VOL SPORT   MARKET
kalshi        82.5%   80.0%   85.0%          0        757         Will Kylian Mbappe score at least 30 goals in the World Cup 
kalshi        17.5%   15.0%   20.0%          0      2,800         Will Kylian Mbappe score at least 35 goals in the World Cup 
kalshi         5.0%    4.0%    6.0%          0      3,080         Will Kylian Mbappe score at least 40 goals in the World Cup 
kalshi        49.5%    0.0%   99.0%          0          0 NFL     Derrick Henry: 14,000+ Rushing Yards
kalshi        49.5%    0.0%   99.0%          0          0 NFL     Derrick Henry: 15,000+ Rushing Yards
kalshi        49.5%    0.0%   99.0%          0          0 NFL     Derrick Henry: 16,000+ Rushing Yards
kalshi        49.5%    0.0%   99.0%          0          0 NFL     Derrick Henry: 17,000+ Rushing Yards
kalshi        49.5%    0.0%   99.0%          0          0 NFL     Derrick Henry: 18,000+ Rushing Yards
kalshi        49.5%    0.0%   99.0%          0          0 NFL     Derrick Henry: 18,356+ Rushing Yards
kalshi        49.5%    0.0%   99.0%          0          0 NFL     Mike Evans: 14,000+ Receiving Yards
kalshi        49.5%    0.0%   99.0%          0          0 NFL     Mike Evans: 15,000+ Receiving Yards
kalshi        49.5%    0.0%   99.0%          0          0 NFL     Mike Evans: 16,000+ Receiving Yards
kalshi        49.5%    0.0%   99.0%          0          0 NFL     Mike Evans: 17,000+ Receiving Yards
kalshi        49.5%    0.0%   99.0%          0          0 NFL     Mike Evans: 18,000+ Receiving Yards
kalshi        49.5%    0.0%   99.0%          0          0 NFL     Mike Evans: 19,000+ Receiving Yards
kalshi        49.5%    0.0%   99.0%          0          0 NFL     Mike Evans: 20,000+ Receiving Yards
kalshi        49.5%    0.0%   99.0%          0          0 NFL     Mike Evans: 21,000+ Receiving Yards
kalshi        49.5%    0.0%   99.0%          0          0 NFL     Mike Evans: 22,000+ Receiving Yards
kalshi        49.5%    0.0%   99.0%          0          0 NFL     Mike Evans: 22,896+ Receiving Yards
kalshi        96.5%   94.0%   99.0%          0          0 NFL     Patrick Mahomes: 40,000+ Passing Yards
kalshi        87.5%   83.0%   92.0%          0          0 NFL     Patrick Mahomes: 50,000+ Passing Yards
kalshi        63.5%   59.0%   68.0%          0          0 NFL     Patrick Mahomes: 60,000+ Passing Yards
kalshi        38.5%   34.0%   43.0%          0          0 NFL     Patrick Mahomes: 70,000+ Passing Yards
kalshi        16.5%   12.0%   21.0%          0          0 NFL     Patrick Mahomes: 80,000+ Passing Yards
kalshi         5.5%    1.0%   10.0%          0          0 NFL     Patrick Mahomes: 89,215+ Passing Yards
kalshi        49.5%    0.0%   99.0%          0          0 NFL     Josh Allen: 35,000+ Passing Yards
kalshi        49.5%    0.0%   99.0%          0          0 NFL     Josh Allen: 40,000+ Passing Yards
kalshi        49.5%    0.0%   99.0%          0          0 NFL     Josh Allen: 50,000+ Passing Yards
kalshi        49.5%    0.0%   99.0%          0          0 NFL     Josh Allen: 60,000+ Passing Yards
kalshi        49.5%    0.0%   99.0%          0          0 NFL     Josh Allen: 70,000+ Passing Yards
RUNNER LIVE MARKET SCOUT — Kalshi + Polymarket
Updated: 2026-09-29T01:06:42.682Z | persisted market events=39581 price events=39581
kalshi:UP 621ms
------------------------------------------------------------------------------------------------------------------------
PROVIDER       PROB     BID     ASK        LIQ        VOL SPORT   MARKET
kalshi        82.5%   80.0%   85.0%          0        757         Will Kylian Mbappe score at least 30 goals in the World Cup 
kalshi        17.5%   15.0%   20.0%          0      2,800         Will Kylian Mbappe score at least 35 goals in the World Cup 
kalshi         5.0%    4.0%    6.0%          0      3,080         Will Kylian Mbappe score at least 40 goals in the World Cup 
kalshi        49.5%    0.0%   99.0%          0          0 NFL     Derrick Henry: 14,000+ Rushing Yards
kalshi        49.5%    0.0%   99.0%          0          0 NFL     Derrick Henry: 15,000+ Rushing Yards
kalshi        49.5%    0.0%   99.0%          0          0 NFL     Derrick Henry: 16,000+ Rushing Yards
kalshi        49.5%    0.0%   99.0%          0          0 NFL     Derrick Henry: 17,000+ Rushing Yards
kalshi        49.5%    0.0%   99.0%          0          0 NFL     Derrick Henry: 18,000+ Rushing Yards
kalshi        49.5%    0.0%   99.0%          0          0 NFL     Derrick Henry: 18,356+ Rushing Yards
kalshi        49.5%    0.0%   99.0%          0          0 NFL     Mike Evans: 14,000+ Receiving Yards
kalshi        49.5%    0.0%   99.0%          0          0 NFL     Mike Evans: 15,000+ Receiving Yards
kalshi        49.5%    0.0%   99.0%          0          0 NFL     Mike Evans: 16,000+ Receiving Yards
kalshi        49.5%    0.0%   99.0%          0          0 NFL     Mike Evans: 17,000+ Receiving Yards
kalshi        49.5%    0.0%   99.0%          0          0 NFL     Mike Evans: 18,000+ Receiving Yards
kalshi        49.5%    0.0%   99.0%          0          0 NFL     Mike Evans: 19,000+ Receiving Yards
kalshi        49.5%    0.0%   99.0%          0          0 NFL     Mike Evans: 20,000+ Receiving Yards
kalshi        49.5%    0.0%   99.0%          0          0 NFL     Mike Evans: 21,000+ Receiving Yards
kalshi        49.5%    0.0%   99.0%          0          0 NFL     Mike Evans: 22,000+ Receiving Yards
kalshi        49.5%    0.0%   99.0%          0          0 NFL     Mike Evans: 22,896+ Receiving Yards
kalshi        96.5%   94.0%   99.0%          0          0 NFL     Patrick Mahomes: 40,000+ Passing Yards
kalshi        87.5%   83.0%   92.0%          0          0 NFL     Patrick Mahomes: 50,000+ Passing Yards
kalshi        63.5%   59.0%   68.0%          0          0 NFL     Patrick Mahomes: 60,000+ Passing Yards
kalshi        38.5%   34.0%   43.0%          0          0 NFL     Patrick Mahomes: 70,000+ Passing Yards
kalshi        16.5%   12.0%   21.0%          0          0 NFL     Patrick Mahomes: 80,000+ Passing Yards
kalshi         5.5%    1.0%   10.0%          0          0 NFL     Patrick Mahomes: 89,215+ Passing Yards
kalshi        49.5%    0.0%   99.0%          0          0 NFL     Josh Allen: 35,000+ Passing Yards
kalshi        49.5%    0.0%   99.0%          0          0 NFL     Josh Allen: 40,000+ Passing Yards
kalshi        49.5%    0.0%   99.0%          0          0 NFL     Josh Allen: 50,000+ Passing Yards
kalshi        49.5%    0.0%   99.0%          0          0 NFL     Josh Allen: 60,000+ Passing Yards
kalshi        49.5%    0.0%   99.0%          0          0 NFL     Josh Allen: 70,000+ Passing Yards
RUNNER LIVE MARKET SCOUT — Kalshi + Polymarket
Updated: 2026-09-29T01:07:13.696Z | persisted market events=39581 price events=39581
kalshi:UP 739ms
------------------------------------------------------------------------------------------------------------------------
PROVIDER       PROB     BID     ASK        LIQ        VOL SPORT   MARKET
kalshi        82.5%   80.0%   85.0%          0        757         Will Kylian Mbappe score at least 30 goals in the World Cup 
kalshi        17.5%   15.0%   20.0%          0      2,800         Will Kylian Mbappe score at least 35 goals in the World Cup 
kalshi         5.0%    4.0%    6.0%          0      3,080         Will Kylian Mbappe score at least 40 goals in the World Cup 
kalshi        49.5%    0.0%   99.0%          0          0 NFL     Derrick Henry: 14,000+ Rushing Yards
kalshi        49.5%    0.0%   99.0%          0          0 NFL     Derrick Henry: 15,000+ Rushing Yards
kalshi        49.5%    0.0%   99.0%          0          0 NFL     Derrick Henry: 16,000+ Rushing Yards
kalshi        49.5%    0.0%   99.0%          0          0 NFL     Derrick Henry: 17,000+ Rushing Yards
kalshi        49.5%    0.0%   99.0%          0          0 NFL     Derrick Henry: 18,000+ Rushing Yards
kalshi        49.5%    0.0%   99.0%          0          0 NFL     Derrick Henry: 18,356+ Rushing Yards
kalshi        49.5%    0.0%   99.0%          0          0 NFL     Mike Evans: 14,000+ Receiving Yards
kalshi        49.5%    0.0%   99.0%          0          0 NFL     Mike Evans: 15,000+ Receiving Yards
kalshi        49.5%    0.0%   99.0%          0          0 NFL     Mike Evans: 16,000+ Receiving Yards
kalshi        49.5%    0.0%   99.0%          0          0 NFL     Mike Evans: 17,000+ Receiving Yards
kalshi        49.5%    0.0%   99.0%          0          0 NFL     Mike Evans: 18,000+ Receiving Yards
kalshi        49.5%    0.0%   99.0%          0          0 NFL     Mike Evans: 19,000+ Receiving Yards
kalshi        49.5%    0.0%   99.0%          0          0 NFL     Mike Evans: 20,000+ Receiving Yards
kalshi        49.5%    0.0%   99.0%          0          0 NFL     Mike Evans: 21,000+ Receiving Yards
kalshi        49.5%    0.0%   99.0%          0          0 NFL     Mike Evans: 22,000+ Receiving Yards
kalshi        49.5%    0.0%   99.0%          0          0 NFL     Mike Evans: 22,896+ Receiving Yards
kalshi        96.5%   94.0%   99.0%          0          0 NFL     Patrick Mahomes: 40,000+ Passing Yards
kalshi        87.5%   83.0%   92.0%          0          0 NFL     Patrick Mahomes: 50,000+ Passing Yards
kalshi        63.5%   59.0%   68.0%          0          0 NFL     Patrick Mahomes: 60,000+ Passing Yards
kalshi        38.5%   34.0%   43.0%          0          0 NFL     Patrick Mahomes: 70,000+ Passing Yards
kalshi        16.5%   12.0%   21.0%          0          0 NFL     Patrick Mahomes: 80,000+ Passing Yards
kalshi         5.5%    1.0%   10.0%          0          0 NFL     Patrick Mahomes: 89,215+ Passing Yards
kalshi        49.5%    0.0%   99.0%          0          0 NFL     Josh Allen: 35,000+ Passing Yards
kalshi        49.5%    0.0%   99.0%          0          0 NFL     Josh Allen: 40,000+ Passing Yards
kalshi        49.5%    0.0%   99.0%          0          0 NFL     Josh Allen: 50,000+ Passing Yards
kalshi        49.5%    0.0%   99.0%          0          0 NFL     Josh Allen: 60,000+ Passing Yards
kalshi        49.5%    0.0%   99.0%          0          0 NFL     Josh Allen: 70,000+ Passing Yards
RUNNER LIVE MARKET SCOUT — Kalshi + Polymarket
Updated: 2026-09-29T01:07:44.678Z | persisted market events=39581 price events=39581
kalshi:UP 602ms
------------------------------------------------------------------------------------------------------------------------
PROVIDER       PROB     BID     ASK        LIQ        VOL SPORT   MARKET
kalshi        82.5%   80.0%   85.0%          0        757         Will Kylian Mbappe score at least 30 goals in the World Cup 
kalshi        16.0%   15.0%   17.0%          0      2,800         Will Kylian Mbappe score at least 35 goals in the World Cup 
kalshi         5.0%    4.0%    6.0%          0      3,080         Will Kylian Mbappe score at least 40 goals in the World Cup 
kalshi        49.5%    0.0%   99.0%          0          0 NFL     Derrick Henry: 14,000+ Rushing Yards
kalshi        49.5%    0.0%   99.0%          0          0 NFL     Derrick Henry: 15,000+ Rushing Yards
kalshi        49.5%    0.0%   99.0%          0          0 NFL     Derrick Henry: 16,000+ Rushing Yards
kalshi        49.5%    0.0%   99.0%          0          0 NFL     Derrick Henry: 17,000+ Rushing Yards
kalshi        49.5%    0.0%   99.0%          0          0 NFL     Derrick Henry: 18,000+ Rushing Yards
kalshi        49.5%    0.0%   99.0%          0          0 NFL     Derrick Henry: 18,356+ Rushing Yards
kalshi        49.5%    0.0%   99.0%          0          0 NFL     Mike Evans: 14,000+ Receiving Yards
kalshi        49.5%    0.0%   99.0%          0          0 NFL     Mike Evans: 15,000+ Receiving Yards
kalshi        49.5%    0.0%   99.0%          0          0 NFL     Mike Evans: 16,000+ Receiving Yards
kalshi        49.5%    0.0%   99.0%          0          0 NFL     Mike Evans: 17,000+ Receiving Yards
kalshi        49.5%    0.0%   99.0%          0          0 NFL     Mike Evans: 18,000+ Receiving Yards
kalshi        49.5%    0.0%   99.0%          0          0 NFL     Mike Evans: 19,000+ Receiving Yards
kalshi        49.5%    0.0%   99.0%          0          0 NFL     Mike Evans: 20,000+ Receiving Yards
kalshi        49.5%    0.0%   99.0%          0          0 NFL     Mike Evans: 21,000+ Receiving Yards
kalshi        49.5%    0.0%   99.0%          0          0 NFL     Mike Evans: 22,000+ Receiving Yards
kalshi        49.5%    0.0%   99.0%          0          0 NFL     Mike Evans: 22,896+ Receiving Yards
kalshi        96.5%   94.0%   99.0%          0          0 NFL     Patrick Mahomes: 40,000+ Passing Yards
kalshi        87.5%   83.0%   92.0%          0          0 NFL     Patrick Mahomes: 50,000+ Passing Yards
kalshi        63.5%   59.0%   68.0%          0          0 NFL     Patrick Mahomes: 60,000+ Passing Yards
kalshi        38.5%   34.0%   43.0%          0          0 NFL     Patrick Mahomes: 70,000+ Passing Yards
kalshi        16.5%   12.0%   21.0%          0          0 NFL     Patrick Mahomes: 80,000+ Passing Yards
kalshi         5.5%    1.0%   10.0%          0          0 NFL     Patrick Mahomes: 89,215+ Passing Yards
kalshi        49.5%    0.0%   99.0%          0          0 NFL     Josh Allen: 35,000+ Passing Yards
kalshi        49.5%    0.0%   99.0%          0          0 NFL     Josh Allen: 40,000+ Passing Yards
kalshi        49.5%    0.0%   99.0%          0          0 NFL     Josh Allen: 50,000+ Passing Yards
kalshi        49.5%    0.0%   99.0%          0          0 NFL     Josh Allen: 60,000+ Passing Yards
kalshi        49.5%    0.0%   99.0%          0          0 NFL     Josh Allen: 70,000+ Passing Yards
RUNNER LIVE MARKET SCOUT — Kalshi + Polymarket
Updated: 2026-09-29T01:08:15.737Z | persisted market events=39581 price events=39581
kalshi:UP 620ms
------------------------------------------------------------------------------------------------------------------------
PROVIDER       PROB     BID     ASK        LIQ        VOL SPORT   MARKET
kalshi        82.5%   80.0%   85.0%          0        757         Will Kylian Mbappe score at least 30 goals in the World Cup 
kalshi        16.0%   15.0%   17.0%          0      2,800         Will Kylian Mbappe score at least 35 goals in the World Cup 
kalshi         5.0%    4.0%    6.0%          0      3,080         Will Kylian Mbappe score at least 40 goals in the World Cup 
kalshi        49.5%    0.0%   99.0%          0          0 NFL     Derrick Henry: 14,000+ Rushing Yards
kalshi        49.5%    0.0%   99.0%          0          0 NFL     Derrick Henry: 15,000+ Rushing Yards
kalshi        49.5%    0.0%   99.0%          0          0 NFL     Derrick Henry: 16,000+ Rushing Yards
kalshi        49.5%    0.0%   99.0%          0          0 NFL     Derrick Henry: 17,000+ Rushing Yards
kalshi        49.5%    0.0%   99.0%          0          0 NFL     Derrick Henry: 18,000+ Rushing Yards
kalshi        49.5%    0.0%   99.0%          0          0 NFL     Derrick Henry: 18,356+ Rushing Yards
kalshi        49.5%    0.0%   99.0%          0          0 NFL     Mike Evans: 14,000+ Receiving Yards
kalshi        49.5%    0.0%   99.0%          0          0 NFL     Mike Evans: 15,000+ Receiving Yards
kalshi        49.5%    0.0%   99.0%          0          0 NFL     Mike Evans: 16,000+ Receiving Yards
kalshi        49.5%    0.0%   99.0%          0          0 NFL     Mike Evans: 17,000+ Receiving Yards
kalshi        49.5%    0.0%   99.0%          0          0 NFL     Mike Evans: 18,000+ Receiving Yards
kalshi        49.5%    0.0%   99.0%          0          0 NFL     Mike Evans: 19,000+ Receiving Yards
kalshi        49.5%    0.0%   99.0%          0          0 NFL     Mike Evans: 20,000+ Receiving Yards
kalshi        49.5%    0.0%   99.0%          0          0 NFL     Mike Evans: 21,000+ Receiving Yards
kalshi        49.5%    0.0%   99.0%          0          0 NFL     Mike Evans: 22,000+ Receiving Yards
kalshi        49.5%    0.0%   99.0%          0          0 NFL     Mike Evans: 22,896+ Receiving Yards
kalshi        96.5%   94.0%   99.0%          0          0 NFL     Patrick Mahomes: 40,000+ Passing Yards
kalshi        87.5%   83.0%   92.0%          0          0 NFL     Patrick Mahomes: 50,000+ Passing Yards
kalshi        63.5%   59.0%   68.0%          0          0 NFL     Patrick Mahomes: 60,000+ Passing Yards
kalshi        38.5%   34.0%   43.0%          0          0 NFL     Patrick Mahomes: 70,000+ Passing Yards
kalshi        16.5%   12.0%   21.0%          0          0 NFL     Patrick Mahomes: 80,000+ Passing Yards
kalshi         5.5%    1.0%   10.0%          0          0 NFL     Patrick Mahomes: 89,215+ Passing Yards
kalshi        49.5%    0.0%   99.0%          0          0 NFL     Josh Allen: 35,000+ Passing Yards
kalshi        49.5%    0.0%   99.0%          0          0 NFL     Josh Allen: 40,000+ Passing Yards
kalshi        49.5%    0.0%   99.0%          0          0 NFL     Josh Allen: 50,000+ Passing Yards
kalshi        49.5%    0.0%   99.0%          0          0 NFL     Josh Allen: 60,000+ Passing Yards
kalshi        49.5%    0.0%   99.0%          0          0 NFL     Josh Allen: 70,000+ Passing Yards
RUNNER LIVE MARKET SCOUT — Kalshi + Polymarket
Updated: 2026-09-29T01:08:46.661Z | persisted market events=39581 price events=39581
kalshi:UP 652ms
------------------------------------------------------------------------------------------------------------------------
PROVIDER       PROB     BID     ASK        LIQ        VOL SPORT   MARKET
kalshi        82.5%   80.0%   85.0%          0        757         Will Kylian Mbappe score at least 30 goals in the World Cup 
kalshi        17.5%   15.0%   20.0%          0      2,800         Will Kylian Mbappe score at least 35 goals in the World Cup 
kalshi         5.0%    4.0%    6.0%          0      3,080         Will Kylian Mbappe score at least 40 goals in the World Cup 
kalshi        49.5%    0.0%   99.0%          0          0 NFL     Derrick Henry: 14,000+ Rushing Yards
kalshi        49.5%    0.0%   99.0%          0          0 NFL     Derrick Henry: 15,000+ Rushing Yards
kalshi        49.5%    0.0%   99.0%          0          0 NFL     Derrick Henry: 16,000+ Rushing Yards
kalshi        49.5%    0.0%   99.0%          0          0 NFL     Derrick Henry: 17,000+ Rushing Yards
kalshi        49.5%    0.0%   99.0%          0          0 NFL     Derrick Henry: 18,000+ Rushing Yards
kalshi        49.5%    0.0%   99.0%          0          0 NFL     Derrick Henry: 18,356+ Rushing Yards
kalshi        49.5%    0.0%   99.0%          0          0 NFL     Mike Evans: 14,000+ Receiving Yards
kalshi        49.5%    0.0%   99.0%          0          0 NFL     Mike Evans: 15,000+ Receiving Yards
kalshi        49.5%    0.0%   99.0%          0          0 NFL     Mike Evans: 16,000+ Receiving Yards
kalshi        49.5%    0.0%   99.0%          0          0 NFL     Mike Evans: 17,000+ Receiving Yards
kalshi        49.5%    0.0%   99.0%          0          0 NFL     Mike Evans: 18,000+ Receiving Yards
kalshi        49.5%    0.0%   99.0%          0          0 NFL     Mike Evans: 19,000+ Receiving Yards
kalshi        49.5%    0.0%   99.0%          0          0 NFL     Mike Evans: 20,000+ Receiving Yards
kalshi        49.5%    0.0%   99.0%          0          0 NFL     Mike Evans: 21,000+ Receiving Yards
kalshi        49.5%    0.0%   99.0%          0          0 NFL     Mike Evans: 22,000+ Receiving Yards
kalshi        49.5%    0.0%   99.0%          0          0 NFL     Mike Evans: 22,896+ Receiving Yards
kalshi        96.5%   94.0%   99.0%          0          0 NFL     Patrick Mahomes: 40,000+ Passing Yards
kalshi        87.5%   83.0%   92.0%          0          0 NFL     Patrick Mahomes: 50,000+ Passing Yards
kalshi        63.5%   59.0%   68.0%          0          0 NFL     Patrick Mahomes: 60,000+ Passing Yards
kalshi        38.5%   34.0%   43.0%          0          0 NFL     Patrick Mahomes: 70,000+ Passing Yards
kalshi        16.5%   12.0%   21.0%          0          0 NFL     Patrick Mahomes: 80,000+ Passing Yards
kalshi         5.5%    1.0%   10.0%          0          0 NFL     Patrick Mahomes: 89,215+ Passing Yards
kalshi        49.5%    0.0%   99.0%          0          0 NFL     Josh Allen: 35,000+ Passing Yards
kalshi        49.5%    0.0%   99.0%          0          0 NFL     Josh Allen: 40,000+ Passing Yards
kalshi        49.5%    0.0%   99.0%          0          0 NFL     Josh Allen: 50,000+ Passing Yards
kalshi        49.5%    0.0%   99.0%          0          0 NFL     Josh Allen: 60,000+ Passing Yards
kalshi        49.5%    0.0%   99.0%          0          0 NFL     Josh Allen: 70,000+ Passing Yards
RUNNER LIVE MARKET SCOUT — Kalshi + Polymarket
Updated: 2026-09-29T01:09:17.698Z | persisted market events=39581 price events=39581
kalshi:UP 616ms
------------------------------------------------------------------------------------------------------------------------
PROVIDER       PROB     BID     ASK        LIQ        VOL SPORT   MARKET
kalshi        82.5%   80.0%   85.0%          0        757         Will Kylian Mbappe score at least 30 goals in the World Cup 
kalshi        17.5%   15.0%   20.0%          0      2,800         Will Kylian Mbappe score at least 35 goals in the World Cup 
kalshi         5.0%    4.0%    6.0%          0      3,080         Will Kylian Mbappe score at least 40 goals in the World Cup 
kalshi        49.5%    0.0%   99.0%          0          0 NFL     Derrick Henry: 14,000+ Rushing Yards
kalshi        49.5%    0.0%   99.0%          0          0 NFL     Derrick Henry: 15,000+ Rushing Yards
kalshi        49.5%    0.0%   99.0%          0          0 NFL     Derrick Henry: 16,000+ Rushing Yards
kalshi        49.5%    0.0%   99.0%          0          0 NFL     Derrick Henry: 17,000+ Rushing Yards
kalshi        49.5%    0.0%   99.0%          0          0 NFL     Derrick Henry: 18,000+ Rushing Yards
kalshi        49.5%    0.0%   99.0%          0          0 NFL     Derrick Henry: 18,356+ Rushing Yards
kalshi        49.5%    0.0%   99.0%          0          0 NFL     Mike Evans: 14,000+ Receiving Yards
kalshi        49.5%    0.0%   99.0%          0          0 NFL     Mike Evans: 15,000+ Receiving Yards
kalshi        49.5%    0.0%   99.0%          0          0 NFL     Mike Evans: 16,000+ Receiving Yards
kalshi        49.5%    0.0%   99.0%          0          0 NFL     Mike Evans: 17,000+ Receiving Yards
kalshi        49.5%    0.0%   99.0%          0          0 NFL     Mike Evans: 18,000+ Receiving Yards
kalshi        49.5%    0.0%   99.0%          0          0 NFL     Mike Evans: 19,000+ Receiving Yards
kalshi        49.5%    0.0%   99.0%          0          0 NFL     Mike Evans: 20,000+ Receiving Yards
kalshi        49.5%    0.0%   99.0%          0          0 NFL     Mike Evans: 21,000+ Receiving Yards
kalshi        49.5%    0.0%   99.0%          0          0 NFL     Mike Evans: 22,000+ Receiving Yards
kalshi        49.5%    0.0%   99.0%          0          0 NFL     Mike Evans: 22,896+ Receiving Yards
kalshi        96.5%   94.0%   99.0%          0          0 NFL     Patrick Mahomes: 40,000+ Passing Yards
kalshi        87.5%   83.0%   92.0%          0          0 NFL     Patrick Mahomes: 50,000+ Passing Yards
kalshi        63.5%   59.0%   68.0%          0          0 NFL     Patrick Mahomes: 60,000+ Passing Yards
kalshi        38.5%   34.0%   43.0%          0          0 NFL     Patrick Mahomes: 70,000+ Passing Yards
kalshi        16.5%   12.0%   21.0%          0          0 NFL     Patrick Mahomes: 80,000+ Passing Yards
kalshi         5.5%    1.0%   10.0%          0          0 NFL     Patrick Mahomes: 89,215+ Passing Yards
kalshi        49.5%    0.0%   99.0%          0          0 NFL     Josh Allen: 35,000+ Passing Yards
kalshi        49.5%    0.0%   99.0%          0          0 NFL     Josh Allen: 40,000+ Passing Yards
kalshi        49.5%    0.0%   99.0%          0          0 NFL     Josh Allen: 50,000+ Passing Yards
kalshi        49.5%    0.0%   99.0%          0          0 NFL     Josh Allen: 60,000+ Passing Yards
kalshi        49.5%    0.0%   99.0%          0          0 NFL     Josh Allen: 70,000+ Passing Yards
RUNNER LIVE MARKET SCOUT — Kalshi + Polymarket
Updated: 2026-09-29T01:09:48.720Z | persisted market events=39581 price events=39581
kalshi:UP 608ms
------------------------------------------------------------------------------------------------------------------------
PROVIDER       PROB     BID     ASK        LIQ        VOL SPORT   MARKET
kalshi        82.5%   80.0%   85.0%          0        757         Will Kylian Mbappe score at least 30 goals in the World Cup 
kalshi        17.5%   15.0%   20.0%          0      2,800         Will Kylian Mbappe score at least 35 goals in the World Cup 
kalshi         5.0%    4.0%    6.0%          0      3,080         Will Kylian Mbappe score at least 40 goals in the World Cup 
kalshi        49.5%    0.0%   99.0%          0          0 NFL     Derrick Henry: 14,000+ Rushing Yards
kalshi        49.5%    0.0%   99.0%          0          0 NFL     Derrick Henry: 15,000+ Rushing Yards
kalshi        49.5%    0.0%   99.0%          0          0 NFL     Derrick Henry: 16,000+ Rushing Yards
kalshi        49.5%    0.0%   99.0%          0          0 NFL     Derrick Henry: 17,000+ Rushing Yards
kalshi        49.5%    0.0%   99.0%          0          0 NFL     Derrick Henry: 18,000+ Rushing Yards
kalshi        49.5%    0.0%   99.0%          0          0 NFL     Derrick Henry: 18,356+ Rushing Yards
kalshi        49.5%    0.0%   99.0%          0          0 NFL     Mike Evans: 14,000+ Receiving Yards
kalshi        49.5%    0.0%   99.0%          0          0 NFL     Mike Evans: 15,000+ Receiving Yards
kalshi        49.5%    0.0%   99.0%          0          0 NFL     Mike Evans: 16,000+ Receiving Yards
kalshi        49.5%    0.0%   99.0%          0          0 NFL     Mike Evans: 17,000+ Receiving Yards
kalshi        49.5%    0.0%   99.0%          0          0 NFL     Mike Evans: 18,000+ Receiving Yards
kalshi        49.5%    0.0%   99.0%          0          0 NFL     Mike Evans: 19,000+ Receiving Yards
kalshi        49.5%    0.0%   99.0%          0          0 NFL     Mike Evans: 20,000+ Receiving Yards
kalshi        49.5%    0.0%   99.0%          0          0 NFL     Mike Evans: 21,000+ Receiving Yards
kalshi        49.5%    0.0%   99.0%          0          0 NFL     Mike Evans: 22,000+ Receiving Yards
kalshi        49.5%    0.0%   99.0%          0          0 NFL     Mike Evans: 22,896+ Receiving Yards
kalshi        96.5%   94.0%   99.0%          0          0 NFL     Patrick Mahomes: 40,000+ Passing Yards
kalshi        87.5%   83.0%   92.0%          0          0 NFL     Patrick Mahomes: 50,000+ Passing Yards
kalshi        63.5%   59.0%   68.0%          0          0 NFL     Patrick Mahomes: 60,000+ Passing Yards
kalshi        38.5%   34.0%   43.0%          0          0 NFL     Patrick Mahomes: 70,000+ Passing Yards
kalshi        16.5%   12.0%   21.0%          0          0 NFL     Patrick Mahomes: 80,000+ Passing Yards
kalshi         5.5%    1.0%   10.0%          0          0 NFL     Patrick Mahomes: 89,215+ Passing Yards
kalshi        49.5%    0.0%   99.0%          0          0 NFL     Josh Allen: 35,000+ Passing Yards
kalshi        49.5%    0.0%   99.0%          0          0 NFL     Josh Allen: 40,000+ Passing Yards
kalshi        49.5%    0.0%   99.0%          0          0 NFL     Josh Allen: 50,000+ Passing Yards
kalshi        49.5%    0.0%   99.0%          0          0 NFL     Josh Allen: 60,000+ Passing Yards
kalshi        49.5%    0.0%   99.0%          0          0 NFL     Josh Allen: 70,000+ Passing Yards
RUNNER LIVE MARKET SCOUT — Kalshi + Polymarket
Updated: 2026-09-29T01:10:19.626Z | persisted market events=39581 price events=39581
kalshi:UP 539ms
------------------------------------------------------------------------------------------------------------------------
PROVIDER       PROB     BID     ASK        LIQ        VOL SPORT   MARKET
kalshi        82.5%   80.0%   85.0%          0        757         Will Kylian Mbappe score at least 30 goals in the World Cup 
kalshi        17.5%   15.0%   20.0%          0      2,800         Will Kylian Mbappe score at least 35 goals in the World Cup 
kalshi         5.0%    4.0%    6.0%          0      3,080         Will Kylian Mbappe score at least 40 goals in the World Cup 
kalshi        49.5%    0.0%   99.0%          0          0 NFL     Derrick Henry: 14,000+ Rushing Yards
kalshi        49.5%    0.0%   99.0%          0          0 NFL     Derrick Henry: 15,000+ Rushing Yards
kalshi        49.5%    0.0%   99.0%          0          0 NFL     Derrick Henry: 16,000+ Rushing Yards
kalshi        49.5%    0.0%   99.0%          0          0 NFL     Derrick Henry: 17,000+ Rushing Yards
kalshi        49.5%    0.0%   99.0%          0          0 NFL     Derrick Henry: 18,000+ Rushing Yards
kalshi        49.5%    0.0%   99.0%          0          0 NFL     Derrick Henry: 18,356+ Rushing Yards
kalshi        49.5%    0.0%   99.0%          0          0 NFL     Mike Evans: 14,000+ Receiving Yards
kalshi        49.5%    0.0%   99.0%          0          0 NFL     Mike Evans: 15,000+ Receiving Yards
kalshi        49.5%    0.0%   99.0%          0          0 NFL     Mike Evans: 16,000+ Receiving Yards
kalshi        49.5%    0.0%   99.0%          0          0 NFL     Mike Evans: 17,000+ Receiving Yards
kalshi        49.5%    0.0%   99.0%          0          0 NFL     Mike Evans: 18,000+ Receiving Yards
kalshi        49.5%    0.0%   99.0%          0          0 NFL     Mike Evans: 19,000+ Receiving Yards
kalshi        49.5%    0.0%   99.0%          0          0 NFL     Mike Evans: 20,000+ Receiving Yards
kalshi        49.5%    0.0%   99.0%          0          0 NFL     Mike Evans: 21,000+ Receiving Yards
kalshi        49.5%    0.0%   99.0%          0          0 NFL     Mike Evans: 22,000+ Receiving Yards
kalshi        49.5%    0.0%   99.0%          0          0 NFL     Mike Evans: 22,896+ Receiving Yards
kalshi        96.5%   94.0%   99.0%          0          0 NFL     Patrick Mahomes: 40,000+ Passing Yards
kalshi        87.5%   83.0%   92.0%          0          0 NFL     Patrick Mahomes: 50,000+ Passing Yards
kalshi        63.5%   59.0%   68.0%          0          0 NFL     Patrick Mahomes: 60,000+ Passing Yards
kalshi        38.5%   34.0%   43.0%          0          0 NFL     Patrick Mahomes: 70,000+ Passing Yards
kalshi        16.5%   12.0%   21.0%          0          0 NFL     Patrick Mahomes: 80,000+ Passing Yards
kalshi         5.5%    1.0%   10.0%          0          0 NFL     Patrick Mahomes: 89,215+ Passing Yards
kalshi        49.5%    0.0%   99.0%          0          0 NFL     Josh Allen: 35,000+ Passing Yards
kalshi        49.5%    0.0%   99.0%          0          0 NFL     Josh Allen: 40,000+ Passing Yards
kalshi        49.5%    0.0%   99.0%          0          0 NFL     Josh Allen: 50,000+ Passing Yards
kalshi        49.5%    0.0%   99.0%          0          0 NFL     Josh Allen: 60,000+ Passing Yards
kalshi        49.5%    0.0%   99.0%          0          0 NFL     Josh Allen: 70,000+ Passing Yards
RUNNER LIVE MARKET SCOUT — Kalshi + Polymarket
Updated: 2026-09-29T01:10:50.610Z | persisted market events=39581 price events=39581
kalshi:UP 607ms
------------------------------------------------------------------------------------------------------------------------
PROVIDER       PROB     BID     ASK        LIQ        VOL SPORT   MARKET
kalshi        82.5%   80.0%   85.0%          0        757         Will Kylian Mbappe score at least 30 goals in the World Cup 
kalshi        17.5%   15.0%   20.0%          0      2,800         Will Kylian Mbappe score at least 35 goals in the World Cup 
kalshi         5.0%    4.0%    6.0%          0      3,080         Will Kylian Mbappe score at least 40 goals in the World Cup 
kalshi        49.5%    0.0%   99.0%          0          0 NFL     Derrick Henry: 14,000+ Rushing Yards
kalshi        49.5%    0.0%   99.0%          0          0 NFL     Derrick Henry: 15,000+ Rushing Yards
kalshi        49.5%    0.0%   99.0%          0          0 NFL     Derrick Henry: 16,000+ Rushing Yards
kalshi        49.5%    0.0%   99.0%          0          0 NFL     Derrick Henry: 17,000+ Rushing Yards
kalshi        49.5%    0.0%   99.0%          0          0 NFL     Derrick Henry: 18,000+ Rushing Yards
kalshi        49.5%    0.0%   99.0%          0          0 NFL     Derrick Henry: 18,356+ Rushing Yards
kalshi        49.5%    0.0%   99.0%          0          0 NFL     Mike Evans: 14,000+ Receiving Yards
kalshi        49.5%    0.0%   99.0%          0          0 NFL     Mike Evans: 15,000+ Receiving Yards
kalshi        49.5%    0.0%   99.0%          0          0 NFL     Mike Evans: 16,000+ Receiving Yards
kalshi        49.5%    0.0%   99.0%          0          0 NFL     Mike Evans: 17,000+ Receiving Yards
kalshi        49.5%    0.0%   99.0%          0          0 NFL     Mike Evans: 18,000+ Receiving Yards
kalshi        49.5%    0.0%   99.0%          0          0 NFL     Mike Evans: 19,000+ Receiving Yards
kalshi        49.5%    0.0%   99.0%          0          0 NFL     Mike Evans: 20,000+ Receiving Yards
kalshi        49.5%    0.0%   99.0%          0          0 NFL     Mike Evans: 21,000+ Receiving Yards
kalshi        49.5%    0.0%   99.0%          0          0 NFL     Mike Evans: 22,000+ Receiving Yards
kalshi        49.5%    0.0%   99.0%          0          0 NFL     Mike Evans: 22,896+ Receiving Yards
kalshi        96.5%   94.0%   99.0%          0          0 NFL     Patrick Mahomes: 40,000+ Passing Yards
kalshi        87.5%   83.0%   92.0%          0          0 NFL     Patrick Mahomes: 50,000+ Passing Yards
kalshi        63.5%   59.0%   68.0%          0          0 NFL     Patrick Mahomes: 60,000+ Passing Yards
kalshi        38.5%   34.0%   43.0%          0          0 NFL     Patrick Mahomes: 70,000+ Passing Yards
kalshi        16.5%   12.0%   21.0%          0          0 NFL     Patrick Mahomes: 80,000+ Passing Yards
kalshi         5.5%    1.0%   10.0%          0          0 NFL     Patrick Mahomes: 89,215+ Passing Yards
kalshi        49.5%    0.0%   99.0%          0          0 NFL     Josh Allen: 35,000+ Passing Yards
kalshi        49.5%    0.0%   99.0%          0          0 NFL     Josh Allen: 40,000+ Passing Yards
kalshi        49.5%    0.0%   99.0%          0          0 NFL     Josh Allen: 50,000+ Passing Yards
kalshi        49.5%    0.0%   99.0%          0          0 NFL     Josh Allen: 60,000+ Passing Yards
kalshi        49.5%    0.0%   99.0%          0          0 NFL     Josh Allen: 70,000+ Passing Yards
RUNNER LIVE MARKET SCOUT — Kalshi + Polymarket
Updated: 2026-09-29T01:11:21.459Z | persisted market events=39581 price events=39581
kalshi:UP 537ms
------------------------------------------------------------------------------------------------------------------------
PROVIDER       PROB     BID     ASK        LIQ        VOL SPORT   MARKET
kalshi        82.5%   80.0%   85.0%          0        757         Will Kylian Mbappe score at least 30 goals in the World Cup 
kalshi        17.5%   15.0%   20.0%          0      2,800         Will Kylian Mbappe score at least 35 goals in the World Cup 
kalshi         5.0%    4.0%    6.0%          0      3,080         Will Kylian Mbappe score at least 40 goals in the World Cup 
kalshi        49.5%    0.0%   99.0%          0          0 NFL     Derrick Henry: 14,000+ Rushing Yards
kalshi        49.5%    0.0%   99.0%          0          0 NFL     Derrick Henry: 15,000+ Rushing Yards
kalshi        49.5%    0.0%   99.0%          0          0 NFL     Derrick Henry: 16,000+ Rushing Yards
kalshi        49.5%    0.0%   99.0%          0          0 NFL     Derrick Henry: 17,000+ Rushing Yards
kalshi        49.5%    0.0%   99.0%          0          0 NFL     Derrick Henry: 18,000+ Rushing Yards
kalshi        49.5%    0.0%   99.0%          0          0 NFL     Derrick Henry: 18,356+ Rushing Yards
kalshi        49.5%    0.0%   99.0%          0          0 NFL     Mike Evans: 14,000+ Receiving Yards
kalshi        49.5%    0.0%   99.0%          0          0 NFL     Mike Evans: 15,000+ Receiving Yards
kalshi        49.5%    0.0%   99.0%          0          0 NFL     Mike Evans: 16,000+ Receiving Yards
kalshi        49.5%    0.0%   99.0%          0          0 NFL     Mike Evans: 17,000+ Receiving Yards
kalshi        49.5%    0.0%   99.0%          0          0 NFL     Mike Evans: 18,000+ Receiving Yards
kalshi        49.5%    0.0%   99.0%          0          0 NFL     Mike Evans: 19,000+ Receiving Yards
kalshi        49.5%    0.0%   99.0%          0          0 NFL     Mike Evans: 20,000+ Receiving Yards
kalshi        49.5%    0.0%   99.0%          0          0 NFL     Mike Evans: 21,000+ Receiving Yards
kalshi        49.5%    0.0%   99.0%          0          0 NFL     Mike Evans: 22,000+ Receiving Yards
kalshi        49.5%    0.0%   99.0%          0          0 NFL     Mike Evans: 22,896+ Receiving Yards
kalshi        96.5%   94.0%   99.0%          0          0 NFL     Patrick Mahomes: 40,000+ Passing Yards
kalshi        87.5%   83.0%   92.0%          0          0 NFL     Patrick Mahomes: 50,000+ Passing Yards
kalshi        63.5%   59.0%   68.0%          0          0 NFL     Patrick Mahomes: 60,000+ Passing Yards
kalshi        38.5%   34.0%   43.0%          0          0 NFL     Patrick Mahomes: 70,000+ Passing Yards
kalshi        16.5%   12.0%   21.0%          0          0 NFL     Patrick Mahomes: 80,000+ Passing Yards
kalshi         5.5%    1.0%   10.0%          0          0 NFL     Patrick Mahomes: 89,215+ Passing Yards
kalshi        49.5%    0.0%   99.0%          0          0 NFL     Josh Allen: 35,000+ Passing Yards
kalshi        49.5%    0.0%   99.0%          0          0 NFL     Josh Allen: 40,000+ Passing Yards
kalshi        49.5%    0.0%   99.0%          0          0 NFL     Josh Allen: 50,000+ Passing Yards
kalshi        49.5%    0.0%   99.0%          0          0 NFL     Josh Allen: 60,000+ Passing Yards
kalshi        49.5%    0.0%   99.0%          0          0 NFL     Josh Allen: 70,000+ Passing Yards
RUNNER LIVE MARKET SCOUT — Kalshi + Polymarket
Updated: 2026-09-29T01:11:52.450Z | persisted market events=39581 price events=39581
kalshi:UP 620ms
------------------------------------------------------------------------------------------------------------------------
PROVIDER       PROB     BID     ASK        LIQ        VOL SPORT   MARKET
kalshi        82.5%   80.0%   85.0%          0        757         Will Kylian Mbappe score at least 30 goals in the World Cup 
kalshi        16.0%   15.0%   17.0%          0      2,800         Will Kylian Mbappe score at least 35 goals in the World Cup 
kalshi         5.0%    4.0%    6.0%          0      3,080         Will Kylian Mbappe score at least 40 goals in the World Cup 
kalshi        49.5%    0.0%   99.0%          0          0 NFL     Derrick Henry: 14,000+ Rushing Yards
kalshi        49.5%    0.0%   99.0%          0          0 NFL     Derrick Henry: 15,000+ Rushing Yards
kalshi        49.5%    0.0%   99.0%          0          0 NFL     Derrick Henry: 16,000+ Rushing Yards
kalshi        49.5%    0.0%   99.0%          0          0 NFL     Derrick Henry: 17,000+ Rushing Yards
kalshi        49.5%    0.0%   99.0%          0          0 NFL     Derrick Henry: 18,000+ Rushing Yards
kalshi        49.5%    0.0%   99.0%          0          0 NFL     Derrick Henry: 18,356+ Rushing Yards
kalshi        49.5%    0.0%   99.0%          0          0 NFL     Mike Evans: 14,000+ Receiving Yards
kalshi        49.5%    0.0%   99.0%          0          0 NFL     Mike Evans: 15,000+ Receiving Yards
kalshi        49.5%    0.0%   99.0%          0          0 NFL     Mike Evans: 16,000+ Receiving Yards
kalshi        49.5%    0.0%   99.0%          0          0 NFL     Mike Evans: 17,000+ Receiving Yards
kalshi        49.5%    0.0%   99.0%          0          0 NFL     Mike Evans: 18,000+ Receiving Yards
kalshi        49.5%    0.0%   99.0%          0          0 NFL     Mike Evans: 19,000+ Receiving Yards
kalshi        49.5%    0.0%   99.0%          0          0 NFL     Mike Evans: 20,000+ Receiving Yards
kalshi        49.5%    0.0%   99.0%          0          0 NFL     Mike Evans: 21,000+ Receiving Yards
kalshi        49.5%    0.0%   99.0%          0          0 NFL     Mike Evans: 22,000+ Receiving Yards
kalshi        49.5%    0.0%   99.0%          0          0 NFL     Mike Evans: 22,896+ Receiving Yards
kalshi        96.5%   94.0%   99.0%          0          0 NFL     Patrick Mahomes: 40,000+ Passing Yards
kalshi        87.5%   83.0%   92.0%          0          0 NFL     Patrick Mahomes: 50,000+ Passing Yards
kalshi        63.5%   59.0%   68.0%          0          0 NFL     Patrick Mahomes: 60,000+ Passing Yards
kalshi        38.5%   34.0%   43.0%          0          0 NFL     Patrick Mahomes: 70,000+ Passing Yards
kalshi        16.5%   12.0%   21.0%          0          0 NFL     Patrick Mahomes: 80,000+ Passing Yards
kalshi         5.5%    1.0%   10.0%          0          0 NFL     Patrick Mahomes: 89,215+ Passing Yards
kalshi        49.5%    0.0%   99.0%          0          0 NFL     Josh Allen: 35,000+ Passing Yards
kalshi        49.5%    0.0%   99.0%          0          0 NFL     Josh Allen: 40,000+ Passing Yards
kalshi        49.5%    0.0%   99.0%          0          0 NFL     Josh Allen: 50,000+ Passing Yards
kalshi        49.5%    0.0%   99.0%          0          0 NFL     Josh Allen: 60,000+ Passing Yards
kalshi        49.5%    0.0%   99.0%          0          0 NFL     Josh Allen: 70,000+ Passing Yards
RUNNER LIVE MARKET SCOUT — Kalshi + Polymarket
Updated: 2026-09-29T01:12:23.438Z | persisted market events=39581 price events=39581
kalshi:UP 605ms
------------------------------------------------------------------------------------------------------------------------
PROVIDER       PROB     BID     ASK        LIQ        VOL SPORT   MARKET
kalshi        82.5%   80.0%   85.0%          0        757         Will Kylian Mbappe score at least 30 goals in the World Cup 
kalshi        16.0%   15.0%   17.0%          0      2,800         Will Kylian Mbappe score at least 35 goals in the World Cup 
kalshi         5.0%    4.0%    6.0%          0      3,080         Will Kylian Mbappe score at least 40 goals in the World Cup 
kalshi        49.5%    0.0%   99.0%          0          0 NFL     Derrick Henry: 14,000+ Rushing Yards
kalshi        49.5%    0.0%   99.0%          0          0 NFL     Derrick Henry: 15,000+ Rushing Yards
kalshi        49.5%    0.0%   99.0%          0          0 NFL     Derrick Henry: 16,000+ Rushing Yards
kalshi        49.5%    0.0%   99.0%          0          0 NFL     Derrick Henry: 17,000+ Rushing Yards
kalshi        49.5%    0.0%   99.0%          0          0 NFL     Derrick Henry: 18,000+ Rushing Yards
kalshi        49.5%    0.0%   99.0%          0          0 NFL     Derrick Henry: 18,356+ Rushing Yards
kalshi        49.5%    0.0%   99.0%          0          0 NFL     Mike Evans: 14,000+ Receiving Yards
kalshi        49.5%    0.0%   99.0%          0          0 NFL     Mike Evans: 15,000+ Receiving Yards
kalshi        49.5%    0.0%   99.0%          0          0 NFL     Mike Evans: 16,000+ Receiving Yards
kalshi        49.5%    0.0%   99.0%          0          0 NFL     Mike Evans: 17,000+ Receiving Yards
kalshi        49.5%    0.0%   99.0%          0          0 NFL     Mike Evans: 18,000+ Receiving Yards
kalshi        49.5%    0.0%   99.0%          0          0 NFL     Mike Evans: 19,000+ Receiving Yards
kalshi        49.5%    0.0%   99.0%          0          0 NFL     Mike Evans: 20,000+ Receiving Yards
kalshi        49.5%    0.0%   99.0%          0          0 NFL     Mike Evans: 21,000+ Receiving Yards
kalshi        49.5%    0.0%   99.0%          0          0 NFL     Mike Evans: 22,000+ Receiving Yards
kalshi        49.5%    0.0%   99.0%          0          0 NFL     Mike Evans: 22,896+ Receiving Yards
kalshi        96.5%   94.0%   99.0%          0          0 NFL     Patrick Mahomes: 40,000+ Passing Yards
kalshi        87.5%   83.0%   92.0%          0          0 NFL     Patrick Mahomes: 50,000+ Passing Yards
kalshi        63.5%   59.0%   68.0%          0          0 NFL     Patrick Mahomes: 60,000+ Passing Yards
kalshi        38.5%   34.0%   43.0%          0          0 NFL     Patrick Mahomes: 70,000+ Passing Yards
kalshi        16.5%   12.0%   21.0%          0          0 NFL     Patrick Mahomes: 80,000+ Passing Yards
kalshi         5.5%    1.0%   10.0%          0          0 NFL     Patrick Mahomes: 89,215+ Passing Yards
kalshi        49.5%    0.0%   99.0%          0          0 NFL     Josh Allen: 35,000+ Passing Yards
kalshi        49.5%    0.0%   99.0%          0          0 NFL     Josh Allen: 40,000+ Passing Yards
kalshi        49.5%    0.0%   99.0%          0          0 NFL     Josh Allen: 50,000+ Passing Yards
kalshi        49.5%    0.0%   99.0%          0          0 NFL     Josh Allen: 60,000+ Passing Yards
kalshi        49.5%    0.0%   99.0%          0          0 NFL     Josh Allen: 70,000+ Passing Yards
RUNNER LIVE MARKET SCOUT — Kalshi + Polymarket
Updated: 2026-09-29T01:12:54.392Z | persisted market events=39581 price events=39581
kalshi:UP 580ms
------------------------------------------------------------------------------------------------------------------------
PROVIDER       PROB     BID     ASK        LIQ        VOL SPORT   MARKET
kalshi        82.5%   80.0%   85.0%          0        757         Will Kylian Mbappe score at least 30 goals in the World Cup 
kalshi        17.5%   15.0%   20.0%          0      2,800         Will Kylian Mbappe score at least 35 goals in the World Cup 
kalshi         5.0%    4.0%    6.0%          0      3,080         Will Kylian Mbappe score at least 40 goals in the World Cup 
kalshi        49.5%    0.0%   99.0%          0          0 NFL     Derrick Henry: 14,000+ Rushing Yards
kalshi        49.5%    0.0%   99.0%          0          0 NFL     Derrick Henry: 15,000+ Rushing Yards
kalshi        49.5%    0.0%   99.0%          0          0 NFL     Derrick Henry: 16,000+ Rushing Yards
kalshi        49.5%    0.0%   99.0%          0          0 NFL     Derrick Henry: 17,000+ Rushing Yards
kalshi        49.5%    0.0%   99.0%          0          0 NFL     Derrick Henry: 18,000+ Rushing Yards
kalshi        49.5%    0.0%   99.0%          0          0 NFL     Derrick Henry: 18,356+ Rushing Yards
kalshi        49.5%    0.0%   99.0%          0          0 NFL     Mike Evans: 14,000+ Receiving Yards
kalshi        49.5%    0.0%   99.0%          0          0 NFL     Mike Evans: 15,000+ Receiving Yards
kalshi        49.5%    0.0%   99.0%          0          0 NFL     Mike Evans: 16,000+ Receiving Yards
kalshi        49.5%    0.0%   99.0%          0          0 NFL     Mike Evans: 17,000+ Receiving Yards
kalshi        49.5%    0.0%   99.0%          0          0 NFL     Mike Evans: 18,000+ Receiving Yards
kalshi        49.5%    0.0%   99.0%          0          0 NFL     Mike Evans: 19,000+ Receiving Yards
kalshi        49.5%    0.0%   99.0%          0          0 NFL     Mike Evans: 20,000+ Receiving Yards
kalshi        49.5%    0.0%   99.0%          0          0 NFL     Mike Evans: 21,000+ Receiving Yards
kalshi        49.5%    0.0%   99.0%          0          0 NFL     Mike Evans: 22,000+ Receiving Yards
kalshi        49.5%    0.0%   99.0%          0          0 NFL     Mike Evans: 22,896+ Receiving Yards
kalshi        96.5%   94.0%   99.0%          0          0 NFL     Patrick Mahomes: 40,000+ Passing Yards
kalshi        87.5%   83.0%   92.0%          0          0 NFL     Patrick Mahomes: 50,000+ Passing Yards
kalshi        63.5%   59.0%   68.0%          0          0 NFL     Patrick Mahomes: 60,000+ Passing Yards
kalshi        38.5%   34.0%   43.0%          0          0 NFL     Patrick Mahomes: 70,000+ Passing Yards
kalshi        16.5%   12.0%   21.0%          0          0 NFL     Patrick Mahomes: 80,000+ Passing Yards
kalshi         5.5%    1.0%   10.0%          0          0 NFL     Patrick Mahomes: 89,215+ Passing Yards
kalshi        49.5%    0.0%   99.0%          0          0 NFL     Josh Allen: 35,000+ Passing Yards
kalshi        49.5%    0.0%   99.0%          0          0 NFL     Josh Allen: 40,000+ Passing Yards
kalshi        49.5%    0.0%   99.0%          0          0 NFL     Josh Allen: 50,000+ Passing Yards
kalshi        49.5%    0.0%   99.0%          0          0 NFL     Josh Allen: 60,000+ Passing Yards
kalshi        49.5%    0.0%   99.0%          0          0 NFL     Josh Allen: 70,000+ Passing Yards
RUNNER LIVE MARKET SCOUT — Kalshi + Polymarket
Updated: 2026-09-29T01:13:25.514Z | persisted market events=39581 price events=39581
kalshi:UP 605ms
------------------------------------------------------------------------------------------------------------------------
PROVIDER       PROB     BID     ASK        LIQ        VOL SPORT   MARKET
kalshi        82.5%   80.0%   85.0%          0        757         Will Kylian Mbappe score at least 30 goals in the World Cup 
kalshi        17.5%   15.0%   20.0%          0      2,800         Will Kylian Mbappe score at least 35 goals in the World Cup 
kalshi         5.0%    4.0%    6.0%          0      3,080         Will Kylian Mbappe score at least 40 goals in the World Cup 
kalshi        49.5%    0.0%   99.0%          0          0 NFL     Derrick Henry: 14,000+ Rushing Yards
kalshi        49.5%    0.0%   99.0%          0          0 NFL     Derrick Henry: 15,000+ Rushing Yards
kalshi        49.5%    0.0%   99.0%          0          0 NFL     Derrick Henry: 16,000+ Rushing Yards
kalshi        49.5%    0.0%   99.0%          0          0 NFL     Derrick Henry: 17,000+ Rushing Yards
kalshi        49.5%    0.0%   99.0%          0          0 NFL     Derrick Henry: 18,000+ Rushing Yards
kalshi        49.5%    0.0%   99.0%          0          0 NFL     Derrick Henry: 18,356+ Rushing Yards
kalshi        49.5%    0.0%   99.0%          0          0 NFL     Mike Evans: 14,000+ Receiving Yards
kalshi        49.5%    0.0%   99.0%          0          0 NFL     Mike Evans: 15,000+ Receiving Yards
kalshi        49.5%    0.0%   99.0%          0          0 NFL     Mike Evans: 16,000+ Receiving Yards
kalshi        49.5%    0.0%   99.0%          0          0 NFL     Mike Evans: 17,000+ Receiving Yards
kalshi        49.5%    0.0%   99.0%          0          0 NFL     Mike Evans: 18,000+ Receiving Yards
kalshi        49.5%    0.0%   99.0%          0          0 NFL     Mike Evans: 19,000+ Receiving Yards
kalshi        49.5%    0.0%   99.0%          0          0 NFL     Mike Evans: 20,000+ Receiving Yards
kalshi        49.5%    0.0%   99.0%          0          0 NFL     Mike Evans: 21,000+ Receiving Yards
kalshi        49.5%    0.0%   99.0%          0          0 NFL     Mike Evans: 22,000+ Receiving Yards
kalshi        49.5%    0.0%   99.0%          0          0 NFL     Mike Evans: 22,896+ Receiving Yards
kalshi        96.5%   94.0%   99.0%          0          0 NFL     Patrick Mahomes: 40,000+ Passing Yards
kalshi        87.5%   83.0%   92.0%          0          0 NFL     Patrick Mahomes: 50,000+ Passing Yards
kalshi        63.5%   59.0%   68.0%          0          0 NFL     Patrick Mahomes: 60,000+ Passing Yards
kalshi        38.5%   34.0%   43.0%          0          0 NFL     Patrick Mahomes: 70,000+ Passing Yards
kalshi        16.5%   12.0%   21.0%          0          0 NFL     Patrick Mahomes: 80,000+ Passing Yards
kalshi         5.5%    1.0%   10.0%          0          0 NFL     Patrick Mahomes: 89,215+ Passing Yards
kalshi        49.5%    0.0%   99.0%          0          0 NFL     Josh Allen: 35,000+ Passing Yards
kalshi        49.5%    0.0%   99.0%          0          0 NFL     Josh Allen: 40,000+ Passing Yards
kalshi        49.5%    0.0%   99.0%          0          0 NFL     Josh Allen: 50,000+ Passing Yards
kalshi        49.5%    0.0%   99.0%          0          0 NFL     Josh Allen: 60,000+ Passing Yards
kalshi        49.5%    0.0%   99.0%          0          0 NFL     Josh Allen: 70,000+ Passing Yards
RUNNER LIVE MARKET SCOUT — Kalshi + Polymarket
Updated: 2026-09-29T01:13:56.474Z | persisted market events=39581 price events=39581
kalshi:UP 582ms
------------------------------------------------------------------------------------------------------------------------
PROVIDER       PROB     BID     ASK        LIQ        VOL SPORT   MARKET
kalshi        82.5%   80.0%   85.0%          0        757         Will Kylian Mbappe score at least 30 goals in the World Cup 
kalshi        17.5%   15.0%   20.0%          0      2,800         Will Kylian Mbappe score at least 35 goals in the World Cup 
kalshi         5.0%    4.0%    6.0%          0      3,080         Will Kylian Mbappe score at least 40 goals in the World Cup 
kalshi        49.5%    0.0%   99.0%          0          0 NFL     Derrick Henry: 14,000+ Rushing Yards
kalshi        49.5%    0.0%   99.0%          0          0 NFL     Derrick Henry: 15,000+ Rushing Yards
kalshi        49.5%    0.0%   99.0%          0          0 NFL     Derrick Henry: 16,000+ Rushing Yards
kalshi        49.5%    0.0%   99.0%          0          0 NFL     Derrick Henry: 17,000+ Rushing Yards
kalshi        49.5%    0.0%   99.0%          0          0 NFL     Derrick Henry: 18,000+ Rushing Yards
kalshi        49.5%    0.0%   99.0%          0          0 NFL     Derrick Henry: 18,356+ Rushing Yards
kalshi        49.5%    0.0%   99.0%          0          0 NFL     Mike Evans: 14,000+ Receiving Yards
kalshi        49.5%    0.0%   99.0%          0          0 NFL     Mike Evans: 15,000+ Receiving Yards
kalshi        49.5%    0.0%   99.0%          0          0 NFL     Mike Evans: 16,000+ Receiving Yards
kalshi        49.5%    0.0%   99.0%          0          0 NFL     Mike Evans: 17,000+ Receiving Yards
kalshi        49.5%    0.0%   99.0%          0          0 NFL     Mike Evans: 18,000+ Receiving Yards
kalshi        49.5%    0.0%   99.0%          0          0 NFL     Mike Evans: 19,000+ Receiving Yards
kalshi        49.5%    0.0%   99.0%          0          0 NFL     Mike Evans: 20,000+ Receiving Yards
kalshi        49.5%    0.0%   99.0%          0          0 NFL     Mike Evans: 21,000+ Receiving Yards
kalshi        49.5%    0.0%   99.0%          0          0 NFL     Mike Evans: 22,000+ Receiving Yards
kalshi        49.5%    0.0%   99.0%          0          0 NFL     Mike Evans: 22,896+ Receiving Yards
kalshi        96.5%   94.0%   99.0%          0          0 NFL     Patrick Mahomes: 40,000+ Passing Yards
kalshi        87.5%   83.0%   92.0%          0          0 NFL     Patrick Mahomes: 50,000+ Passing Yards
kalshi        63.5%   59.0%   68.0%          0          0 NFL     Patrick Mahomes: 60,000+ Passing Yards
kalshi        38.5%   34.0%   43.0%          0          0 NFL     Patrick Mahomes: 70,000+ Passing Yards
kalshi        16.5%   12.0%   21.0%          0          0 NFL     Patrick Mahomes: 80,000+ Passing Yards
kalshi         5.5%    1.0%   10.0%          0          0 NFL     Patrick Mahomes: 89,215+ Passing Yards
kalshi        49.5%    0.0%   99.0%          0          0 NFL     Josh Allen: 35,000+ Passing Yards
kalshi        49.5%    0.0%   99.0%          0          0 NFL     Josh Allen: 40,000+ Passing Yards
kalshi        49.5%    0.0%   99.0%          0          0 NFL     Josh Allen: 50,000+ Passing Yards
kalshi        49.5%    0.0%   99.0%          0          0 NFL     Josh Allen: 60,000+ Passing Yards
kalshi        49.5%    0.0%   99.0%          0          0 NFL     Josh Allen: 70,000+ Passing Yards
RUNNER LIVE MARKET SCOUT — Kalshi + Polymarket
Updated: 2026-09-29T01:14:27.396Z | persisted market events=39581 price events=39581
kalshi:UP 532ms
------------------------------------------------------------------------------------------------------------------------
PROVIDER       PROB     BID     ASK        LIQ        VOL SPORT   MARKET
kalshi        82.5%   80.0%   85.0%          0        757         Will Kylian Mbappe score at least 30 goals in the World Cup 
kalshi        17.5%   15.0%   20.0%          0      2,800         Will Kylian Mbappe score at least 35 goals in the World Cup 
kalshi         5.0%    4.0%    6.0%          0      3,080         Will Kylian Mbappe score at least 40 goals in the World Cup 
kalshi        49.5%    0.0%   99.0%          0          0 NFL     Derrick Henry: 14,000+ Rushing Yards
kalshi        49.5%    0.0%   99.0%          0          0 NFL     Derrick Henry: 15,000+ Rushing Yards
kalshi        49.5%    0.0%   99.0%          0          0 NFL     Derrick Henry: 16,000+ Rushing Yards
kalshi        49.5%    0.0%   99.0%          0          0 NFL     Derrick Henry: 17,000+ Rushing Yards
kalshi        49.5%    0.0%   99.0%          0          0 NFL     Derrick Henry: 18,000+ Rushing Yards
kalshi        49.5%    0.0%   99.0%          0          0 NFL     Derrick Henry: 18,356+ Rushing Yards
kalshi        49.5%    0.0%   99.0%          0          0 NFL     Mike Evans: 14,000+ Receiving Yards
kalshi        49.5%    0.0%   99.0%          0          0 NFL     Mike Evans: 15,000+ Receiving Yards
kalshi        49.5%    0.0%   99.0%          0          0 NFL     Mike Evans: 16,000+ Receiving Yards
kalshi        49.5%    0.0%   99.0%          0          0 NFL     Mike Evans: 17,000+ Receiving Yards
kalshi        49.5%    0.0%   99.0%          0          0 NFL     Mike Evans: 18,000+ Receiving Yards
kalshi        49.5%    0.0%   99.0%          0          0 NFL     Mike Evans: 19,000+ Receiving Yards
kalshi        49.5%    0.0%   99.0%          0          0 NFL     Mike Evans: 20,000+ Receiving Yards
kalshi        49.5%    0.0%   99.0%          0          0 NFL     Mike Evans: 21,000+ Receiving Yards
kalshi        49.5%    0.0%   99.0%          0          0 NFL     Mike Evans: 22,000+ Receiving Yards
kalshi        49.5%    0.0%   99.0%          0          0 NFL     Mike Evans: 22,896+ Receiving Yards
kalshi        96.5%   94.0%   99.0%          0          0 NFL     Patrick Mahomes: 40,000+ Passing Yards
kalshi        87.5%   83.0%   92.0%          0          0 NFL     Patrick Mahomes: 50,000+ Passing Yards
kalshi        63.5%   59.0%   68.0%          0          0 NFL     Patrick Mahomes: 60,000+ Passing Yards
kalshi        38.5%   34.0%   43.0%          0          0 NFL     Patrick Mahomes: 70,000+ Passing Yards
kalshi        16.5%   12.0%   21.0%          0          0 NFL     Patrick Mahomes: 80,000+ Passing Yards
kalshi         5.5%    1.0%   10.0%          0          0 NFL     Patrick Mahomes: 89,215+ Passing Yards
kalshi        49.5%    0.0%   99.0%          0          0 NFL     Josh Allen: 35,000+ Passing Yards
kalshi        49.5%    0.0%   99.0%          0          0 NFL     Josh Allen: 40,000+ Passing Yards
kalshi        49.5%    0.0%   99.0%          0          0 NFL     Josh Allen: 50,000+ Passing Yards
kalshi        49.5%    0.0%   99.0%          0          0 NFL     Josh Allen: 60,000+ Passing Yards
kalshi        49.5%    0.0%   99.0%          0          0 NFL     Josh Allen: 70,000+ Passing Yards
RUNNER LIVE MARKET SCOUT — Kalshi + Polymarket
Updated: 2026-09-29T01:14:58.440Z | persisted market events=39581 price events=39581
kalshi:UP 640ms
------------------------------------------------------------------------------------------------------------------------
PROVIDER       PROB     BID     ASK        LIQ        VOL SPORT   MARKET
kalshi        82.5%   80.0%   85.0%          0        757         Will Kylian Mbappe score at least 30 goals in the World Cup 
kalshi        17.5%   15.0%   20.0%          0      2,800         Will Kylian Mbappe score at least 35 goals in the World Cup 
kalshi         5.0%    4.0%    6.0%          0      3,080         Will Kylian Mbappe score at least 40 goals in the World Cup 
kalshi        49.5%    0.0%   99.0%          0          0 NFL     Derrick Henry: 14,000+ Rushing Yards
kalshi        49.5%    0.0%   99.0%          0          0 NFL     Derrick Henry: 15,000+ Rushing Yards
kalshi        49.5%    0.0%   99.0%          0          0 NFL     Derrick Henry: 16,000+ Rushing Yards
kalshi        49.5%    0.0%   99.0%          0          0 NFL     Derrick Henry: 17,000+ Rushing Yards
kalshi        49.5%    0.0%   99.0%          0          0 NFL     Derrick Henry: 18,000+ Rushing Yards
kalshi        49.5%    0.0%   99.0%          0          0 NFL     Derrick Henry: 18,356+ Rushing Yards
kalshi        49.5%    0.0%   99.0%          0          0 NFL     Mike Evans: 14,000+ Receiving Yards
kalshi        49.5%    0.0%   99.0%          0          0 NFL     Mike Evans: 15,000+ Receiving Yards
kalshi        49.5%    0.0%   99.0%          0          0 NFL     Mike Evans: 16,000+ Receiving Yards
kalshi        49.5%    0.0%   99.0%          0          0 NFL     Mike Evans: 17,000+ Receiving Yards
kalshi        49.5%    0.0%   99.0%          0          0 NFL     Mike Evans: 18,000+ Receiving Yards
kalshi        49.5%    0.0%   99.0%          0          0 NFL     Mike Evans: 19,000+ Receiving Yards
kalshi        49.5%    0.0%   99.0%          0          0 NFL     Mike Evans: 20,000+ Receiving Yards
kalshi        49.5%    0.0%   99.0%          0          0 NFL     Mike Evans: 21,000+ Receiving Yards
kalshi        49.5%    0.0%   99.0%          0          0 NFL     Mike Evans: 22,000+ Receiving Yards
kalshi        49.5%    0.0%   99.0%          0          0 NFL     Mike Evans: 22,896+ Receiving Yards
kalshi        96.5%   94.0%   99.0%          0          0 NFL     Patrick Mahomes: 40,000+ Passing Yards
kalshi        87.5%   83.0%   92.0%          0          0 NFL     Patrick Mahomes: 50,000+ Passing Yards
kalshi        63.5%   59.0%   68.0%          0          0 NFL     Patrick Mahomes: 60,000+ Passing Yards
kalshi        38.5%   34.0%   43.0%          0          0 NFL     Patrick Mahomes: 70,000+ Passing Yards
kalshi        16.5%   12.0%   21.0%          0          0 NFL     Patrick Mahomes: 80,000+ Passing Yards
kalshi         5.5%    1.0%   10.0%          0          0 NFL     Patrick Mahomes: 89,215+ Passing Yards
kalshi        49.5%    0.0%   99.0%          0          0 NFL     Josh Allen: 35,000+ Passing Yards
kalshi        49.5%    0.0%   99.0%          0          0 NFL     Josh Allen: 40,000+ Passing Yards
kalshi        49.5%    0.0%   99.0%          0          0 NFL     Josh Allen: 50,000+ Passing Yards
kalshi        49.5%    0.0%   99.0%          0          0 NFL     Josh Allen: 60,000+ Passing Yards
kalshi        49.5%    0.0%   99.0%          0          0 NFL     Josh Allen: 70,000+ Passing Yards
RUNNER LIVE MARKET SCOUT — Kalshi + Polymarket
Updated: 2026-09-29T01:15:29.518Z | persisted market events=39581 price events=39581
kalshi:UP 596ms
------------------------------------------------------------------------------------------------------------------------
PROVIDER       PROB     BID     ASK        LIQ        VOL SPORT   MARKET
kalshi        82.5%   80.0%   85.0%          0        757         Will Kylian Mbappe score at least 30 goals in the World Cup 
kalshi        16.0%   15.0%   17.0%          0      2,800         Will Kylian Mbappe score at least 35 goals in the World Cup 
kalshi         5.0%    4.0%    6.0%          0      3,080         Will Kylian Mbappe score at least 40 goals in the World Cup 
kalshi        49.5%    0.0%   99.0%          0          0 NFL     Derrick Henry: 14,000+ Rushing Yards
kalshi        49.5%    0.0%   99.0%          0          0 NFL     Derrick Henry: 15,000+ Rushing Yards
kalshi        49.5%    0.0%   99.0%          0          0 NFL     Derrick Henry: 16,000+ Rushing Yards
kalshi        49.5%    0.0%   99.0%          0          0 NFL     Derrick Henry: 17,000+ Rushing Yards
kalshi        49.5%    0.0%   99.0%          0          0 NFL     Derrick Henry: 18,000+ Rushing Yards
kalshi        49.5%    0.0%   99.0%          0          0 NFL     Derrick Henry: 18,356+ Rushing Yards
kalshi        49.5%    0.0%   99.0%          0          0 NFL     Mike Evans: 14,000+ Receiving Yards
kalshi        49.5%    0.0%   99.0%          0          0 NFL     Mike Evans: 15,000+ Receiving Yards
kalshi        49.5%    0.0%   99.0%          0          0 NFL     Mike Evans: 16,000+ Receiving Yards
kalshi        49.5%    0.0%   99.0%          0          0 NFL     Mike Evans: 17,000+ Receiving Yards
kalshi        49.5%    0.0%   99.0%          0          0 NFL     Mike Evans: 18,000+ Receiving Yards
kalshi        49.5%    0.0%   99.0%          0          0 NFL     Mike Evans: 19,000+ Receiving Yards
kalshi        49.5%    0.0%   99.0%          0          0 NFL     Mike Evans: 20,000+ Receiving Yards
kalshi        49.5%    0.0%   99.0%          0          0 NFL     Mike Evans: 21,000+ Receiving Yards
kalshi        49.5%    0.0%   99.0%          0          0 NFL     Mike Evans: 22,000+ Receiving Yards
kalshi        49.5%    0.0%   99.0%          0          0 NFL     Mike Evans: 22,896+ Receiving Yards
kalshi        96.5%   94.0%   99.0%          0          0 NFL     Patrick Mahomes: 40,000+ Passing Yards
kalshi        87.5%   83.0%   92.0%          0          0 NFL     Patrick Mahomes: 50,000+ Passing Yards
kalshi        63.5%   59.0%   68.0%          0          0 NFL     Patrick Mahomes: 60,000+ Passing Yards
kalshi        38.5%   34.0%   43.0%          0          0 NFL     Patrick Mahomes: 70,000+ Passing Yards
kalshi        16.5%   12.0%   21.0%          0          0 NFL     Patrick Mahomes: 80,000+ Passing Yards
kalshi         5.5%    1.0%   10.0%          0          0 NFL     Patrick Mahomes: 89,215+ Passing Yards
kalshi        49.5%    0.0%   99.0%          0          0 NFL     Josh Allen: 35,000+ Passing Yards
kalshi        49.5%    0.0%   99.0%          0          0 NFL     Josh Allen: 40,000+ Passing Yards
kalshi        49.5%    0.0%   99.0%          0          0 NFL     Josh Allen: 50,000+ Passing Yards
kalshi        49.5%    0.0%   99.0%          0          0 NFL     Josh Allen: 60,000+ Passing Yards
kalshi        49.5%    0.0%   99.0%          0          0 NFL     Josh Allen: 70,000+ Passing Yards
RUNNER LIVE MARKET SCOUT — Kalshi + Polymarket
Updated: 2026-09-29T01:16:00.499Z | persisted market events=39581 price events=39581
kalshi:UP 612ms
------------------------------------------------------------------------------------------------------------------------
PROVIDER       PROB     BID     ASK        LIQ        VOL SPORT   MARKET
kalshi        82.5%   80.0%   85.0%          0        757         Will Kylian Mbappe score at least 30 goals in the World Cup 
kalshi        17.5%   15.0%   20.0%          0      2,800         Will Kylian Mbappe score at least 35 goals in the World Cup 
kalshi         5.0%    4.0%    6.0%          0      3,080         Will Kylian Mbappe score at least 40 goals in the World Cup 
kalshi        49.5%    0.0%   99.0%          0          0 NFL     Derrick Henry: 14,000+ Rushing Yards
kalshi        49.5%    0.0%   99.0%          0          0 NFL     Derrick Henry: 15,000+ Rushing Yards
kalshi        49.5%    0.0%   99.0%          0          0 NFL     Derrick Henry: 16,000+ Rushing Yards
kalshi        49.5%    0.0%   99.0%          0          0 NFL     Derrick Henry: 17,000+ Rushing Yards
kalshi        49.5%    0.0%   99.0%          0          0 NFL     Derrick Henry: 18,000+ Rushing Yards
kalshi        49.5%    0.0%   99.0%          0          0 NFL     Derrick Henry: 18,356+ Rushing Yards
kalshi        49.5%    0.0%   99.0%          0          0 NFL     Mike Evans: 14,000+ Receiving Yards
kalshi        49.5%    0.0%   99.0%          0          0 NFL     Mike Evans: 15,000+ Receiving Yards
kalshi        49.5%    0.0%   99.0%          0          0 NFL     Mike Evans: 16,000+ Receiving Yards
kalshi        49.5%    0.0%   99.0%          0          0 NFL     Mike Evans: 17,000+ Receiving Yards
kalshi        49.5%    0.0%   99.0%          0          0 NFL     Mike Evans: 18,000+ Receiving Yards
kalshi        49.5%    0.0%   99.0%          0          0 NFL     Mike Evans: 19,000+ Receiving Yards
kalshi        49.5%    0.0%   99.0%          0          0 NFL     Mike Evans: 20,000+ Receiving Yards
kalshi        49.5%    0.0%   99.0%          0          0 NFL     Mike Evans: 21,000+ Receiving Yards
kalshi        49.5%    0.0%   99.0%          0          0 NFL     Mike Evans: 22,000+ Receiving Yards
kalshi        49.5%    0.0%   99.0%          0          0 NFL     Mike Evans: 22,896+ Receiving Yards
kalshi        96.5%   94.0%   99.0%          0          0 NFL     Patrick Mahomes: 40,000+ Passing Yards
kalshi        87.5%   83.0%   92.0%          0          0 NFL     Patrick Mahomes: 50,000+ Passing Yards
kalshi        63.5%   59.0%   68.0%          0          0 NFL     Patrick Mahomes: 60,000+ Passing Yards
kalshi        38.5%   34.0%   43.0%          0          0 NFL     Patrick Mahomes: 70,000+ Passing Yards
kalshi        16.5%   12.0%   21.0%          0          0 NFL     Patrick Mahomes: 80,000+ Passing Yards
kalshi         5.5%    1.0%   10.0%          0          0 NFL     Patrick Mahomes: 89,215+ Passing Yards
kalshi        49.5%    0.0%   99.0%          0          0 NFL     Josh Allen: 35,000+ Passing Yards
kalshi        49.5%    0.0%   99.0%          0          0 NFL     Josh Allen: 40,000+ Passing Yards
kalshi        49.5%    0.0%   99.0%          0          0 NFL     Josh Allen: 50,000+ Passing Yards
kalshi        49.5%    0.0%   99.0%          0          0 NFL     Josh Allen: 60,000+ Passing Yards
kalshi        49.5%    0.0%   99.0%          0          0 NFL     Josh Allen: 70,000+ Passing Yards
RUNNER LIVE MARKET SCOUT — Kalshi + Polymarket
Updated: 2026-09-29T01:16:31.451Z | persisted market events=39581 price events=39581
kalshi:UP 588ms
------------------------------------------------------------------------------------------------------------------------
PROVIDER       PROB     BID     ASK        LIQ        VOL SPORT   MARKET
kalshi        82.5%   80.0%   85.0%          0        757         Will Kylian Mbappe score at least 30 goals in the World Cup 
kalshi        17.5%   15.0%   20.0%          0      2,800         Will Kylian Mbappe score at least 35 goals in the World Cup 
kalshi         5.0%    4.0%    6.0%          0      3,080         Will Kylian Mbappe score at least 40 goals in the World Cup 
kalshi        49.5%    0.0%   99.0%          0          0 NFL     Derrick Henry: 14,000+ Rushing Yards
kalshi        49.5%    0.0%   99.0%          0          0 NFL     Derrick Henry: 15,000+ Rushing Yards
kalshi        49.5%    0.0%   99.0%          0          0 NFL     Derrick Henry: 16,000+ Rushing Yards
kalshi        49.5%    0.0%   99.0%          0          0 NFL     Derrick Henry: 17,000+ Rushing Yards
kalshi        49.5%    0.0%   99.0%          0          0 NFL     Derrick Henry: 18,000+ Rushing Yards
kalshi        49.5%    0.0%   99.0%          0          0 NFL     Derrick Henry: 18,356+ Rushing Yards
kalshi        49.5%    0.0%   99.0%          0          0 NFL     Mike Evans: 14,000+ Receiving Yards
kalshi        49.5%    0.0%   99.0%          0          0 NFL     Mike Evans: 15,000+ Receiving Yards
kalshi        49.5%    0.0%   99.0%          0          0 NFL     Mike Evans: 16,000+ Receiving Yards
kalshi        49.5%    0.0%   99.0%          0          0 NFL     Mike Evans: 17,000+ Receiving Yards
kalshi        49.5%    0.0%   99.0%          0          0 NFL     Mike Evans: 18,000+ Receiving Yards
kalshi        49.5%    0.0%   99.0%          0          0 NFL     Mike Evans: 19,000+ Receiving Yards
kalshi        49.5%    0.0%   99.0%          0          0 NFL     Mike Evans: 20,000+ Receiving Yards
kalshi        49.5%    0.0%   99.0%          0          0 NFL     Mike Evans: 21,000+ Receiving Yards
kalshi        49.5%    0.0%   99.0%          0          0 NFL     Mike Evans: 22,000+ Receiving Yards
kalshi        49.5%    0.0%   99.0%          0          0 NFL     Mike Evans: 22,896+ Receiving Yards
kalshi        96.5%   94.0%   99.0%          0          0 NFL     Patrick Mahomes: 40,000+ Passing Yards
kalshi        87.5%   83.0%   92.0%          0          0 NFL     Patrick Mahomes: 50,000+ Passing Yards
kalshi        63.5%   59.0%   68.0%          0          0 NFL     Patrick Mahomes: 60,000+ Passing Yards
kalshi        38.5%   34.0%   43.0%          0          0 NFL     Patrick Mahomes: 70,000+ Passing Yards
kalshi        16.5%   12.0%   21.0%          0          0 NFL     Patrick Mahomes: 80,000+ Passing Yards
kalshi         5.5%    1.0%   10.0%          0          0 NFL     Patrick Mahomes: 89,215+ Passing Yards
kalshi        49.5%    0.0%   99.0%          0          0 NFL     Josh Allen: 35,000+ Passing Yards
kalshi        49.5%    0.0%   99.0%          0          0 NFL     Josh Allen: 40,000+ Passing Yards
kalshi        49.5%    0.0%   99.0%          0          0 NFL     Josh Allen: 50,000+ Passing Yards
kalshi        49.5%    0.0%   99.0%          0          0 NFL     Josh Allen: 60,000+ Passing Yards
kalshi        49.5%    0.0%   99.0%          0          0 NFL     Josh Allen: 70,000+ Passing Yards
RUNNER LIVE MARKET SCOUT — Kalshi + Polymarket
Updated: 2026-09-29T01:17:02.265Z | persisted market events=39581 price events=39581
kalshi:UP 532ms
------------------------------------------------------------------------------------------------------------------------
PROVIDER       PROB     BID     ASK        LIQ        VOL SPORT   MARKET
kalshi        82.5%   80.0%   85.0%          0        757         Will Kylian Mbappe score at least 30 goals in the World Cup 
kalshi        17.5%   15.0%   20.0%          0      2,800         Will Kylian Mbappe score at least 35 goals in the World Cup 
kalshi         5.0%    4.0%    6.0%          0      3,080         Will Kylian Mbappe score at least 40 goals in the World Cup 
kalshi        49.5%    0.0%   99.0%          0          0 NFL     Derrick Henry: 14,000+ Rushing Yards
kalshi        49.5%    0.0%   99.0%          0          0 NFL     Derrick Henry: 15,000+ Rushing Yards
kalshi        49.5%    0.0%   99.0%          0          0 NFL     Derrick Henry: 16,000+ Rushing Yards
kalshi        49.5%    0.0%   99.0%          0          0 NFL     Derrick Henry: 17,000+ Rushing Yards
kalshi        49.5%    0.0%   99.0%          0          0 NFL     Derrick Henry: 18,000+ Rushing Yards
kalshi        49.5%    0.0%   99.0%          0          0 NFL     Derrick Henry: 18,356+ Rushing Yards
kalshi        49.5%    0.0%   99.0%          0          0 NFL     Mike Evans: 14,000+ Receiving Yards
kalshi        49.5%    0.0%   99.0%          0          0 NFL     Mike Evans: 15,000+ Receiving Yards
kalshi        49.5%    0.0%   99.0%          0          0 NFL     Mike Evans: 16,000+ Receiving Yards
kalshi        49.5%    0.0%   99.0%          0          0 NFL     Mike Evans: 17,000+ Receiving Yards
kalshi        49.5%    0.0%   99.0%          0          0 NFL     Mike Evans: 18,000+ Receiving Yards
kalshi        49.5%    0.0%   99.0%          0          0 NFL     Mike Evans: 19,000+ Receiving Yards
kalshi        49.5%    0.0%   99.0%          0          0 NFL     Mike Evans: 20,000+ Receiving Yards
kalshi        49.5%    0.0%   99.0%          0          0 NFL     Mike Evans: 21,000+ Receiving Yards
kalshi        49.5%    0.0%   99.0%          0          0 NFL     Mike Evans: 22,000+ Receiving Yards
kalshi        49.5%    0.0%   99.0%          0          0 NFL     Mike Evans: 22,896+ Receiving Yards
kalshi        96.5%   94.0%   99.0%          0          0 NFL     Patrick Mahomes: 40,000+ Passing Yards
kalshi        87.5%   83.0%   92.0%          0          0 NFL     Patrick Mahomes: 50,000+ Passing Yards
kalshi        63.5%   59.0%   68.0%          0          0 NFL     Patrick Mahomes: 60,000+ Passing Yards
kalshi        38.5%   34.0%   43.0%          0          0 NFL     Patrick Mahomes: 70,000+ Passing Yards
kalshi        16.5%   12.0%   21.0%          0          0 NFL     Patrick Mahomes: 80,000+ Passing Yards
kalshi         5.5%    1.0%   10.0%          0          0 NFL     Patrick Mahomes: 89,215+ Passing Yards
kalshi        49.5%    0.0%   99.0%          0          0 NFL     Josh Allen: 35,000+ Passing Yards
kalshi        49.5%    0.0%   99.0%          0          0 NFL     Josh Allen: 40,000+ Passing Yards
kalshi        49.5%    0.0%   99.0%          0          0 NFL     Josh Allen: 50,000+ Passing Yards
kalshi        49.5%    0.0%   99.0%          0          0 NFL     Josh Allen: 60,000+ Passing Yards
kalshi        49.5%    0.0%   99.0%          0          0 NFL     Josh Allen: 70,000+ Passing Yards
RUNNER LIVE MARKET SCOUT — Kalshi + Polymarket
Updated: 2026-09-29T01:17:33.099Z | persisted market events=39581 price events=39581
kalshi:UP 560ms
------------------------------------------------------------------------------------------------------------------------
PROVIDER       PROB     BID     ASK        LIQ        VOL SPORT   MARKET
kalshi        82.5%   80.0%   85.0%          0        757         Will Kylian Mbappe score at least 30 goals in the World Cup 
kalshi        16.0%   15.0%   17.0%          0      2,800         Will Kylian Mbappe score at least 35 goals in the World Cup 
kalshi         5.0%    4.0%    6.0%          0      3,080         Will Kylian Mbappe score at least 40 goals in the World Cup 
kalshi        49.5%    0.0%   99.0%          0          0 NFL     Derrick Henry: 14,000+ Rushing Yards
kalshi        49.5%    0.0%   99.0%          0          0 NFL     Derrick Henry: 15,000+ Rushing Yards
kalshi        49.5%    0.0%   99.0%          0          0 NFL     Derrick Henry: 16,000+ Rushing Yards
kalshi        49.5%    0.0%   99.0%          0          0 NFL     Derrick Henry: 17,000+ Rushing Yards
kalshi        49.5%    0.0%   99.0%          0          0 NFL     Derrick Henry: 18,000+ Rushing Yards
kalshi        49.5%    0.0%   99.0%          0          0 NFL     Derrick Henry: 18,356+ Rushing Yards
kalshi        49.5%    0.0%   99.0%          0          0 NFL     Mike Evans: 14,000+ Receiving Yards
kalshi        49.5%    0.0%   99.0%          0          0 NFL     Mike Evans: 15,000+ Receiving Yards
kalshi        49.5%    0.0%   99.0%          0          0 NFL     Mike Evans: 16,000+ Receiving Yards
kalshi        49.5%    0.0%   99.0%          0          0 NFL     Mike Evans: 17,000+ Receiving Yards
kalshi        49.5%    0.0%   99.0%          0          0 NFL     Mike Evans: 18,000+ Receiving Yards
kalshi        49.5%    0.0%   99.0%          0          0 NFL     Mike Evans: 19,000+ Receiving Yards
kalshi        49.5%    0.0%   99.0%          0          0 NFL     Mike Evans: 20,000+ Receiving Yards
kalshi        49.5%    0.0%   99.0%          0          0 NFL     Mike Evans: 21,000+ Receiving Yards
kalshi        49.5%    0.0%   99.0%          0          0 NFL     Mike Evans: 22,000+ Receiving Yards
kalshi        49.5%    0.0%   99.0%          0          0 NFL     Mike Evans: 22,896+ Receiving Yards
kalshi        96.5%   94.0%   99.0%          0          0 NFL     Patrick Mahomes: 40,000+ Passing Yards
kalshi        87.5%   83.0%   92.0%          0          0 NFL     Patrick Mahomes: 50,000+ Passing Yards
kalshi        63.5%   59.0%   68.0%          0          0 NFL     Patrick Mahomes: 60,000+ Passing Yards
kalshi        38.5%   34.0%   43.0%          0          0 NFL     Patrick Mahomes: 70,000+ Passing Yards
kalshi        16.5%   12.0%   21.0%          0          0 NFL     Patrick Mahomes: 80,000+ Passing Yards
kalshi         5.5%    1.0%   10.0%          0          0 NFL     Patrick Mahomes: 89,215+ Passing Yards
kalshi        49.5%    0.0%   99.0%          0          0 NFL     Josh Allen: 35,000+ Passing Yards
kalshi        49.5%    0.0%   99.0%          0          0 NFL     Josh Allen: 40,000+ Passing Yards
kalshi        49.5%    0.0%   99.0%          0          0 NFL     Josh Allen: 50,000+ Passing Yards
kalshi        49.5%    0.0%   99.0%          0          0 NFL     Josh Allen: 60,000+ Passing Yards
kalshi        49.5%    0.0%   99.0%          0          0 NFL     Josh Allen: 70,000+ Passing Yards
RUNNER LIVE MARKET SCOUT — Kalshi + Polymarket
Updated: 2026-09-29T01:18:04.230Z | persisted market events=39581 price events=39581
kalshi:UP 603ms
------------------------------------------------------------------------------------------------------------------------
PROVIDER       PROB     BID     ASK        LIQ        VOL SPORT   MARKET
kalshi        82.5%   80.0%   85.0%          0        757         Will Kylian Mbappe score at least 30 goals in the World Cup 
kalshi        16.0%   15.0%   17.0%          0      2,800         Will Kylian Mbappe score at least 35 goals in the World Cup 
kalshi         5.0%    4.0%    6.0%          0      3,080         Will Kylian Mbappe score at least 40 goals in the World Cup 
kalshi        49.5%    0.0%   99.0%          0          0 NFL     Derrick Henry: 14,000+ Rushing Yards
kalshi        49.5%    0.0%   99.0%          0          0 NFL     Derrick Henry: 15,000+ Rushing Yards
kalshi        49.5%    0.0%   99.0%          0          0 NFL     Derrick Henry: 16,000+ Rushing Yards
kalshi        49.5%    0.0%   99.0%          0          0 NFL     Derrick Henry: 17,000+ Rushing Yards
kalshi        49.5%    0.0%   99.0%          0          0 NFL     Derrick Henry: 18,000+ Rushing Yards
kalshi        49.5%    0.0%   99.0%          0          0 NFL     Derrick Henry: 18,356+ Rushing Yards
kalshi        49.5%    0.0%   99.0%          0          0 NFL     Mike Evans: 14,000+ Receiving Yards
kalshi        49.5%    0.0%   99.0%          0          0 NFL     Mike Evans: 15,000+ Receiving Yards
kalshi        49.5%    0.0%   99.0%          0          0 NFL     Mike Evans: 16,000+ Receiving Yards
kalshi        49.5%    0.0%   99.0%          0          0 NFL     Mike Evans: 17,000+ Receiving Yards
kalshi        49.5%    0.0%   99.0%          0          0 NFL     Mike Evans: 18,000+ Receiving Yards
kalshi        49.5%    0.0%   99.0%          0          0 NFL     Mike Evans: 19,000+ Receiving Yards
kalshi        49.5%    0.0%   99.0%          0          0 NFL     Mike Evans: 20,000+ Receiving Yards
kalshi        49.5%    0.0%   99.0%          0          0 NFL     Mike Evans: 21,000+ Receiving Yards
kalshi        49.5%    0.0%   99.0%          0          0 NFL     Mike Evans: 22,000+ Receiving Yards
kalshi        49.5%    0.0%   99.0%          0          0 NFL     Mike Evans: 22,896+ Receiving Yards
kalshi        96.5%   94.0%   99.0%          0          0 NFL     Patrick Mahomes: 40,000+ Passing Yards
kalshi        87.5%   83.0%   92.0%          0          0 NFL     Patrick Mahomes: 50,000+ Passing Yards
kalshi        63.5%   59.0%   68.0%          0          0 NFL     Patrick Mahomes: 60,000+ Passing Yards
kalshi        38.5%   34.0%   43.0%          0          0 NFL     Patrick Mahomes: 70,000+ Passing Yards
kalshi        16.5%   12.0%   21.0%          0          0 NFL     Patrick Mahomes: 80,000+ Passing Yards
kalshi         5.5%    1.0%   10.0%          0          0 NFL     Patrick Mahomes: 89,215+ Passing Yards
kalshi        49.5%    0.0%   99.0%          0          0 NFL     Josh Allen: 35,000+ Passing Yards
kalshi        49.5%    0.0%   99.0%          0          0 NFL     Josh Allen: 40,000+ Passing Yards
kalshi        49.5%    0.0%   99.0%          0          0 NFL     Josh Allen: 50,000+ Passing Yards
kalshi        49.5%    0.0%   99.0%          0          0 NFL     Josh Allen: 60,000+ Passing Yards
kalshi        49.5%    0.0%   99.0%          0          0 NFL     Josh Allen: 70,000+ Passing Yards
RUNNER LIVE MARKET SCOUT — Kalshi + Polymarket
Updated: 2026-09-29T01:18:35.193Z | persisted market events=39581 price events=39581
kalshi:UP 581ms
------------------------------------------------------------------------------------------------------------------------
PROVIDER       PROB     BID     ASK        LIQ        VOL SPORT   MARKET
kalshi        82.5%   80.0%   85.0%          0        757         Will Kylian Mbappe score at least 30 goals in the World Cup 
kalshi        16.0%   15.0%   17.0%          0      2,800         Will Kylian Mbappe score at least 35 goals in the World Cup 
kalshi         5.0%    4.0%    6.0%          0      3,080         Will Kylian Mbappe score at least 40 goals in the World Cup 
kalshi        49.5%    0.0%   99.0%          0          0 NFL     Derrick Henry: 14,000+ Rushing Yards
kalshi        49.5%    0.0%   99.0%          0          0 NFL     Derrick Henry: 15,000+ Rushing Yards
kalshi        49.5%    0.0%   99.0%          0          0 NFL     Derrick Henry: 16,000+ Rushing Yards
kalshi        49.5%    0.0%   99.0%          0          0 NFL     Derrick Henry: 17,000+ Rushing Yards
kalshi        49.5%    0.0%   99.0%          0          0 NFL     Derrick Henry: 18,000+ Rushing Yards
kalshi        49.5%    0.0%   99.0%          0          0 NFL     Derrick Henry: 18,356+ Rushing Yards
kalshi        49.5%    0.0%   99.0%          0          0 NFL     Mike Evans: 14,000+ Receiving Yards
kalshi        49.5%    0.0%   99.0%          0          0 NFL     Mike Evans: 15,000+ Receiving Yards
kalshi        49.5%    0.0%   99.0%          0          0 NFL     Mike Evans: 16,000+ Receiving Yards
kalshi        49.5%    0.0%   99.0%          0          0 NFL     Mike Evans: 17,000+ Receiving Yards
kalshi        49.5%    0.0%   99.0%          0          0 NFL     Mike Evans: 18,000+ Receiving Yards
kalshi        49.5%    0.0%   99.0%          0          0 NFL     Mike Evans: 19,000+ Receiving Yards
kalshi        49.5%    0.0%   99.0%          0          0 NFL     Mike Evans: 20,000+ Receiving Yards
kalshi        49.5%    0.0%   99.0%          0          0 NFL     Mike Evans: 21,000+ Receiving Yards
kalshi        49.5%    0.0%   99.0%          0          0 NFL     Mike Evans: 22,000+ Receiving Yards
kalshi        49.5%    0.0%   99.0%          0          0 NFL     Mike Evans: 22,896+ Receiving Yards
kalshi        96.5%   94.0%   99.0%          0          0 NFL     Patrick Mahomes: 40,000+ Passing Yards
kalshi        87.5%   83.0%   92.0%          0          0 NFL     Patrick Mahomes: 50,000+ Passing Yards
kalshi        63.5%   59.0%   68.0%          0          0 NFL     Patrick Mahomes: 60,000+ Passing Yards
kalshi        38.5%   34.0%   43.0%          0          0 NFL     Patrick Mahomes: 70,000+ Passing Yards
kalshi        16.5%   12.0%   21.0%          0          0 NFL     Patrick Mahomes: 80,000+ Passing Yards
kalshi         5.5%    1.0%   10.0%          0          0 NFL     Patrick Mahomes: 89,215+ Passing Yards
kalshi        49.5%    0.0%   99.0%          0          0 NFL     Josh Allen: 35,000+ Passing Yards
kalshi        49.5%    0.0%   99.0%          0          0 NFL     Josh Allen: 40,000+ Passing Yards
kalshi        49.5%    0.0%   99.0%          0          0 NFL     Josh Allen: 50,000+ Passing Yards
kalshi        49.5%    0.0%   99.0%          0          0 NFL     Josh Allen: 60,000+ Passing Yards
kalshi        49.5%    0.0%   99.0%          0          0 NFL     Josh Allen: 70,000+ Passing Yards
RUNNER LIVE MARKET SCOUT — Kalshi + Polymarket
Updated: 2026-09-29T01:19:06.160Z | persisted market events=39581 price events=39581
kalshi:UP 587ms
------------------------------------------------------------------------------------------------------------------------
PROVIDER       PROB     BID     ASK        LIQ        VOL SPORT   MARKET
kalshi        82.5%   80.0%   85.0%          0        757         Will Kylian Mbappe score at least 30 goals in the World Cup 
kalshi        16.0%   15.0%   17.0%          0      2,800         Will Kylian Mbappe score at least 35 goals in the World Cup 
kalshi         5.0%    4.0%    6.0%          0      3,080         Will Kylian Mbappe score at least 40 goals in the World Cup 
kalshi        49.5%    0.0%   99.0%          0          0 NFL     Derrick Henry: 14,000+ Rushing Yards
kalshi        49.5%    0.0%   99.0%          0          0 NFL     Derrick Henry: 15,000+ Rushing Yards
kalshi        49.5%    0.0%   99.0%          0          0 NFL     Derrick Henry: 16,000+ Rushing Yards
kalshi        49.5%    0.0%   99.0%          0          0 NFL     Derrick Henry: 17,000+ Rushing Yards
kalshi        49.5%    0.0%   99.0%          0          0 NFL     Derrick Henry: 18,000+ Rushing Yards
kalshi        49.5%    0.0%   99.0%          0          0 NFL     Derrick Henry: 18,356+ Rushing Yards
kalshi        49.5%    0.0%   99.0%          0          0 NFL     Mike Evans: 14,000+ Receiving Yards
kalshi        49.5%    0.0%   99.0%          0          0 NFL     Mike Evans: 15,000+ Receiving Yards
kalshi        49.5%    0.0%   99.0%          0          0 NFL     Mike Evans: 16,000+ Receiving Yards
kalshi        49.5%    0.0%   99.0%          0          0 NFL     Mike Evans: 17,000+ Receiving Yards
kalshi        49.5%    0.0%   99.0%          0          0 NFL     Mike Evans: 18,000+ Receiving Yards
kalshi        49.5%    0.0%   99.0%          0          0 NFL     Mike Evans: 19,000+ Receiving Yards
kalshi        49.5%    0.0%   99.0%          0          0 NFL     Mike Evans: 20,000+ Receiving Yards
kalshi        49.5%    0.0%   99.0%          0          0 NFL     Mike Evans: 21,000+ Receiving Yards
kalshi        49.5%    0.0%   99.0%          0          0 NFL     Mike Evans: 22,000+ Receiving Yards
kalshi        49.5%    0.0%   99.0%          0          0 NFL     Mike Evans: 22,896+ Receiving Yards
kalshi        96.5%   94.0%   99.0%          0          0 NFL     Patrick Mahomes: 40,000+ Passing Yards
kalshi        87.5%   83.0%   92.0%          0          0 NFL     Patrick Mahomes: 50,000+ Passing Yards
kalshi        63.5%   59.0%   68.0%          0          0 NFL     Patrick Mahomes: 60,000+ Passing Yards
kalshi        38.5%   34.0%   43.0%          0          0 NFL     Patrick Mahomes: 70,000+ Passing Yards
kalshi        16.5%   12.0%   21.0%          0          0 NFL     Patrick Mahomes: 80,000+ Passing Yards
kalshi         5.5%    1.0%   10.0%          0          0 NFL     Patrick Mahomes: 89,215+ Passing Yards
kalshi        49.5%    0.0%   99.0%          0          0 NFL     Josh Allen: 35,000+ Passing Yards
kalshi        49.5%    0.0%   99.0%          0          0 NFL     Josh Allen: 40,000+ Passing Yards
kalshi        49.5%    0.0%   99.0%          0          0 NFL     Josh Allen: 50,000+ Passing Yards
kalshi        49.5%    0.0%   99.0%          0          0 NFL     Josh Allen: 60,000+ Passing Yards
kalshi        49.5%    0.0%   99.0%          0          0 NFL     Josh Allen: 70,000+ Passing Yards
RUNNER LIVE MARKET SCOUT — Kalshi + Polymarket
Updated: 2026-09-29T01:19:37.160Z | persisted market events=39581 price events=39581
kalshi:UP 542ms
------------------------------------------------------------------------------------------------------------------------
PROVIDER       PROB     BID     ASK        LIQ        VOL SPORT   MARKET
kalshi        82.5%   80.0%   85.0%          0        757         Will Kylian Mbappe score at least 30 goals in the World Cup 
kalshi        17.5%   15.0%   20.0%          0      2,800         Will Kylian Mbappe score at least 35 goals in the World Cup 
kalshi         5.0%    4.0%    6.0%          0      3,080         Will Kylian Mbappe score at least 40 goals in the World Cup 
kalshi        49.5%    0.0%   99.0%          0          0 NFL     Derrick Henry: 14,000+ Rushing Yards
kalshi        49.5%    0.0%   99.0%          0          0 NFL     Derrick Henry: 15,000+ Rushing Yards
kalshi        49.5%    0.0%   99.0%          0          0 NFL     Derrick Henry: 16,000+ Rushing Yards
kalshi        49.5%    0.0%   99.0%          0          0 NFL     Derrick Henry: 17,000+ Rushing Yards
kalshi        49.5%    0.0%   99.0%          0          0 NFL     Derrick Henry: 18,000+ Rushing Yards
kalshi        49.5%    0.0%   99.0%          0          0 NFL     Derrick Henry: 18,356+ Rushing Yards
kalshi        49.5%    0.0%   99.0%          0          0 NFL     Mike Evans: 14,000+ Receiving Yards
kalshi        49.5%    0.0%   99.0%          0          0 NFL     Mike Evans: 15,000+ Receiving Yards
kalshi        49.5%    0.0%   99.0%          0          0 NFL     Mike Evans: 16,000+ Receiving Yards
kalshi        49.5%    0.0%   99.0%          0          0 NFL     Mike Evans: 17,000+ Receiving Yards
kalshi        49.5%    0.0%   99.0%          0          0 NFL     Mike Evans: 18,000+ Receiving Yards
kalshi        49.5%    0.0%   99.0%          0          0 NFL     Mike Evans: 19,000+ Receiving Yards
kalshi        49.5%    0.0%   99.0%          0          0 NFL     Mike Evans: 20,000+ Receiving Yards
kalshi        49.5%    0.0%   99.0%          0          0 NFL     Mike Evans: 21,000+ Receiving Yards
kalshi        49.5%    0.0%   99.0%          0          0 NFL     Mike Evans: 22,000+ Receiving Yards
kalshi        49.5%    0.0%   99.0%          0          0 NFL     Mike Evans: 22,896+ Receiving Yards
kalshi        96.5%   94.0%   99.0%          0          0 NFL     Patrick Mahomes: 40,000+ Passing Yards
kalshi        87.5%   83.0%   92.0%          0          0 NFL     Patrick Mahomes: 50,000+ Passing Yards
kalshi        63.5%   59.0%   68.0%          0          0 NFL     Patrick Mahomes: 60,000+ Passing Yards
kalshi        38.5%   34.0%   43.0%          0          0 NFL     Patrick Mahomes: 70,000+ Passing Yards
kalshi        16.5%   12.0%   21.0%          0          0 NFL     Patrick Mahomes: 80,000+ Passing Yards
kalshi         5.5%    1.0%   10.0%          0          0 NFL     Patrick Mahomes: 89,215+ Passing Yards
kalshi        49.5%    0.0%   99.0%          0          0 NFL     Josh Allen: 35,000+ Passing Yards
kalshi        49.5%    0.0%   99.0%          0          0 NFL     Josh Allen: 40,000+ Passing Yards
kalshi        49.5%    0.0%   99.0%          0          0 NFL     Josh Allen: 50,000+ Passing Yards
kalshi        49.5%    0.0%   99.0%          0          0 NFL     Josh Allen: 60,000+ Passing Yards
kalshi        49.5%    0.0%   99.0%          0          0 NFL     Josh Allen: 70,000+ Passing Yards
RUNNER LIVE MARKET SCOUT — Kalshi + Polymarket
Updated: 2026-09-29T01:20:08.099Z | persisted market events=39581 price events=39581
kalshi:UP 518ms
------------------------------------------------------------------------------------------------------------------------
PROVIDER       PROB     BID     ASK        LIQ        VOL SPORT   MARKET
kalshi        82.5%   80.0%   85.0%          0        757         Will Kylian Mbappe score at least 30 goals in the World Cup 
kalshi        16.0%   15.0%   17.0%          0      2,800         Will Kylian Mbappe score at least 35 goals in the World Cup 
kalshi         5.0%    4.0%    6.0%          0      3,080         Will Kylian Mbappe score at least 40 goals in the World Cup 
kalshi        49.5%    0.0%   99.0%          0          0 NFL     Derrick Henry: 14,000+ Rushing Yards
kalshi        49.5%    0.0%   99.0%          0          0 NFL     Derrick Henry: 15,000+ Rushing Yards
kalshi        49.5%    0.0%   99.0%          0          0 NFL     Derrick Henry: 16,000+ Rushing Yards
kalshi        49.5%    0.0%   99.0%          0          0 NFL     Derrick Henry: 17,000+ Rushing Yards
kalshi        49.5%    0.0%   99.0%          0          0 NFL     Derrick Henry: 18,000+ Rushing Yards
kalshi        49.5%    0.0%   99.0%          0          0 NFL     Derrick Henry: 18,356+ Rushing Yards
kalshi        49.5%    0.0%   99.0%          0          0 NFL     Mike Evans: 14,000+ Receiving Yards
kalshi        49.5%    0.0%   99.0%          0          0 NFL     Mike Evans: 15,000+ Receiving Yards
kalshi        49.5%    0.0%   99.0%          0          0 NFL     Mike Evans: 16,000+ Receiving Yards
kalshi        49.5%    0.0%   99.0%          0          0 NFL     Mike Evans: 17,000+ Receiving Yards
kalshi        49.5%    0.0%   99.0%          0          0 NFL     Mike Evans: 18,000+ Receiving Yards
kalshi        49.5%    0.0%   99.0%          0          0 NFL     Mike Evans: 19,000+ Receiving Yards
kalshi        49.5%    0.0%   99.0%          0          0 NFL     Mike Evans: 20,000+ Receiving Yards
kalshi        49.5%    0.0%   99.0%          0          0 NFL     Mike Evans: 21,000+ Receiving Yards
kalshi        49.5%    0.0%   99.0%          0          0 NFL     Mike Evans: 22,000+ Receiving Yards
kalshi        49.5%    0.0%   99.0%          0          0 NFL     Mike Evans: 22,896+ Receiving Yards
kalshi        96.5%   94.0%   99.0%          0          0 NFL     Patrick Mahomes: 40,000+ Passing Yards
kalshi        87.5%   83.0%   92.0%          0          0 NFL     Patrick Mahomes: 50,000+ Passing Yards
kalshi        63.5%   59.0%   68.0%          0          0 NFL     Patrick Mahomes: 60,000+ Passing Yards
kalshi        38.5%   34.0%   43.0%          0          0 NFL     Patrick Mahomes: 70,000+ Passing Yards
kalshi        16.5%   12.0%   21.0%          0          0 NFL     Patrick Mahomes: 80,000+ Passing Yards
kalshi         5.5%    1.0%   10.0%          0          0 NFL     Patrick Mahomes: 89,215+ Passing Yards
kalshi        49.5%    0.0%   99.0%          0          0 NFL     Josh Allen: 35,000+ Passing Yards
kalshi        49.5%    0.0%   99.0%          0          0 NFL     Josh Allen: 40,000+ Passing Yards
kalshi        49.5%    0.0%   99.0%          0          0 NFL     Josh Allen: 50,000+ Passing Yards
kalshi        49.5%    0.0%   99.0%          0          0 NFL     Josh Allen: 60,000+ Passing Yards
kalshi        49.5%    0.0%   99.0%          0          0 NFL     Josh Allen: 70,000+ Passing Yards
RUNNER LIVE MARKET SCOUT — Kalshi + Polymarket
Updated: 2026-09-29T01:20:39.011Z | persisted market events=39581 price events=39581
kalshi:UP 555ms
------------------------------------------------------------------------------------------------------------------------
PROVIDER       PROB     BID     ASK        LIQ        VOL SPORT   MARKET
kalshi        82.5%   80.0%   85.0%          0        757         Will Kylian Mbappe score at least 30 goals in the World Cup 
kalshi        16.0%   15.0%   17.0%          0      2,800         Will Kylian Mbappe score at least 35 goals in the World Cup 
kalshi         5.0%    4.0%    6.0%          0      3,080         Will Kylian Mbappe score at least 40 goals in the World Cup 
kalshi        49.5%    0.0%   99.0%          0          0 NFL     Derrick Henry: 14,000+ Rushing Yards
kalshi        49.5%    0.0%   99.0%          0          0 NFL     Derrick Henry: 15,000+ Rushing Yards
kalshi        49.5%    0.0%   99.0%          0          0 NFL     Derrick Henry: 16,000+ Rushing Yards
kalshi        49.5%    0.0%   99.0%          0          0 NFL     Derrick Henry: 17,000+ Rushing Yards
kalshi        49.5%    0.0%   99.0%          0          0 NFL     Derrick Henry: 18,000+ Rushing Yards
kalshi        49.5%    0.0%   99.0%          0          0 NFL     Derrick Henry: 18,356+ Rushing Yards
kalshi        49.5%    0.0%   99.0%          0          0 NFL     Mike Evans: 14,000+ Receiving Yards
kalshi        49.5%    0.0%   99.0%          0          0 NFL     Mike Evans: 15,000+ Receiving Yards
kalshi        49.5%    0.0%   99.0%          0          0 NFL     Mike Evans: 16,000+ Receiving Yards
kalshi        49.5%    0.0%   99.0%          0          0 NFL     Mike Evans: 17,000+ Receiving Yards
kalshi        49.5%    0.0%   99.0%          0          0 NFL     Mike Evans: 18,000+ Receiving Yards
kalshi        49.5%    0.0%   99.0%          0          0 NFL     Mike Evans: 19,000+ Receiving Yards
kalshi        49.5%    0.0%   99.0%          0          0 NFL     Mike Evans: 20,000+ Receiving Yards
kalshi        49.5%    0.0%   99.0%          0          0 NFL     Mike Evans: 21,000+ Receiving Yards
kalshi        49.5%    0.0%   99.0%          0          0 NFL     Mike Evans: 22,000+ Receiving Yards
kalshi        49.5%    0.0%   99.0%          0          0 NFL     Mike Evans: 22,896+ Receiving Yards
kalshi        96.5%   94.0%   99.0%          0          0 NFL     Patrick Mahomes: 40,000+ Passing Yards
kalshi        87.5%   83.0%   92.0%          0          0 NFL     Patrick Mahomes: 50,000+ Passing Yards
kalshi        63.5%   59.0%   68.0%          0          0 NFL     Patrick Mahomes: 60,000+ Passing Yards
kalshi        38.5%   34.0%   43.0%          0          0 NFL     Patrick Mahomes: 70,000+ Passing Yards
kalshi        16.5%   12.0%   21.0%          0          0 NFL     Patrick Mahomes: 80,000+ Passing Yards
kalshi         5.5%    1.0%   10.0%          0          0 NFL     Patrick Mahomes: 89,215+ Passing Yards
kalshi        49.5%    0.0%   99.0%          0          0 NFL     Josh Allen: 35,000+ Passing Yards
kalshi        49.5%    0.0%   99.0%          0          0 NFL     Josh Allen: 40,000+ Passing Yards
kalshi        49.5%    0.0%   99.0%          0          0 NFL     Josh Allen: 50,000+ Passing Yards
kalshi        49.5%    0.0%   99.0%          0          0 NFL     Josh Allen: 60,000+ Passing Yards
kalshi        49.5%    0.0%   99.0%          0          0 NFL     Josh Allen: 70,000+ Passing Yards
RUNNER LIVE MARKET SCOUT — Kalshi + Polymarket
Updated: 2026-09-29T01:21:09.915Z | persisted market events=39581 price events=39581
kalshi:UP 518ms
------------------------------------------------------------------------------------------------------------------------
PROVIDER       PROB     BID     ASK        LIQ        VOL SPORT   MARKET
kalshi        82.5%   80.0%   85.0%          0        757         Will Kylian Mbappe score at least 30 goals in the World Cup 
kalshi        16.0%   15.0%   17.0%          0      2,800         Will Kylian Mbappe score at least 35 goals in the World Cup 
kalshi         5.0%    4.0%    6.0%          0      3,080         Will Kylian Mbappe score at least 40 goals in the World Cup 
kalshi        49.5%    0.0%   99.0%          0          0 NFL     Derrick Henry: 14,000+ Rushing Yards
kalshi        49.5%    0.0%   99.0%          0          0 NFL     Derrick Henry: 15,000+ Rushing Yards
kalshi        49.5%    0.0%   99.0%          0          0 NFL     Derrick Henry: 16,000+ Rushing Yards
kalshi        49.5%    0.0%   99.0%          0          0 NFL     Derrick Henry: 17,000+ Rushing Yards
kalshi        49.5%    0.0%   99.0%          0          0 NFL     Derrick Henry: 18,000+ Rushing Yards
kalshi        49.5%    0.0%   99.0%          0          0 NFL     Derrick Henry: 18,356+ Rushing Yards
kalshi        49.5%    0.0%   99.0%          0          0 NFL     Mike Evans: 14,000+ Receiving Yards
kalshi        49.5%    0.0%   99.0%          0          0 NFL     Mike Evans: 15,000+ Receiving Yards
kalshi        49.5%    0.0%   99.0%          0          0 NFL     Mike Evans: 16,000+ Receiving Yards
kalshi        49.5%    0.0%   99.0%          0          0 NFL     Mike Evans: 17,000+ Receiving Yards
kalshi        49.5%    0.0%   99.0%          0          0 NFL     Mike Evans: 18,000+ Receiving Yards
kalshi        49.5%    0.0%   99.0%          0          0 NFL     Mike Evans: 19,000+ Receiving Yards
kalshi        49.5%    0.0%   99.0%          0          0 NFL     Mike Evans: 20,000+ Receiving Yards
kalshi        49.5%    0.0%   99.0%          0          0 NFL     Mike Evans: 21,000+ Receiving Yards
kalshi        49.5%    0.0%   99.0%          0          0 NFL     Mike Evans: 22,000+ Receiving Yards
kalshi        49.5%    0.0%   99.0%          0          0 NFL     Mike Evans: 22,896+ Receiving Yards
kalshi        96.5%   94.0%   99.0%          0          0 NFL     Patrick Mahomes: 40,000+ Passing Yards
kalshi        87.5%   83.0%   92.0%          0          0 NFL     Patrick Mahomes: 50,000+ Passing Yards
kalshi        63.5%   59.0%   68.0%          0          0 NFL     Patrick Mahomes: 60,000+ Passing Yards
kalshi        38.5%   34.0%   43.0%          0          0 NFL     Patrick Mahomes: 70,000+ Passing Yards
kalshi        16.5%   12.0%   21.0%          0          0 NFL     Patrick Mahomes: 80,000+ Passing Yards
kalshi         5.5%    1.0%   10.0%          0          0 NFL     Patrick Mahomes: 89,215+ Passing Yards
kalshi        49.5%    0.0%   99.0%          0          0 NFL     Josh Allen: 35,000+ Passing Yards
kalshi        49.5%    0.0%   99.0%          0          0 NFL     Josh Allen: 40,000+ Passing Yards
kalshi        49.5%    0.0%   99.0%          0          0 NFL     Josh Allen: 50,000+ Passing Yards
kalshi        49.5%    0.0%   99.0%          0          0 NFL     Josh Allen: 60,000+ Passing Yards
kalshi        49.5%    0.0%   99.0%          0          0 NFL     Josh Allen: 70,000+ Passing Yards
RUNNER LIVE MARKET SCOUT — Kalshi + Polymarket
Updated: 2026-09-29T01:21:40.921Z | persisted market events=39581 price events=39581
kalshi:UP 584ms
------------------------------------------------------------------------------------------------------------------------
PROVIDER       PROB     BID     ASK        LIQ        VOL SPORT   MARKET
kalshi        82.5%   80.0%   85.0%          0        757         Will Kylian Mbappe score at least 30 goals in the World Cup 
kalshi        16.0%   15.0%   17.0%          0      2,800         Will Kylian Mbappe score at least 35 goals in the World Cup 
kalshi         5.0%    4.0%    6.0%          0      3,080         Will Kylian Mbappe score at least 40 goals in the World Cup 
kalshi        49.5%    0.0%   99.0%          0          0 NFL     Derrick Henry: 14,000+ Rushing Yards
kalshi        49.5%    0.0%   99.0%          0          0 NFL     Derrick Henry: 15,000+ Rushing Yards
kalshi        49.5%    0.0%   99.0%          0          0 NFL     Derrick Henry: 16,000+ Rushing Yards
kalshi        49.5%    0.0%   99.0%          0          0 NFL     Derrick Henry: 17,000+ Rushing Yards
kalshi        49.5%    0.0%   99.0%          0          0 NFL     Derrick Henry: 18,000+ Rushing Yards
kalshi        49.5%    0.0%   99.0%          0          0 NFL     Derrick Henry: 18,356+ Rushing Yards
kalshi        49.5%    0.0%   99.0%          0          0 NFL     Mike Evans: 14,000+ Receiving Yards
kalshi        49.5%    0.0%   99.0%          0          0 NFL     Mike Evans: 15,000+ Receiving Yards
kalshi        49.5%    0.0%   99.0%          0          0 NFL     Mike Evans: 16,000+ Receiving Yards
kalshi        49.5%    0.0%   99.0%          0          0 NFL     Mike Evans: 17,000+ Receiving Yards
kalshi        49.5%    0.0%   99.0%          0          0 NFL     Mike Evans: 18,000+ Receiving Yards
kalshi        49.5%    0.0%   99.0%          0          0 NFL     Mike Evans: 19,000+ Receiving Yards
kalshi        49.5%    0.0%   99.0%          0          0 NFL     Mike Evans: 20,000+ Receiving Yards
kalshi        49.5%    0.0%   99.0%          0          0 NFL     Mike Evans: 21,000+ Receiving Yards
kalshi        49.5%    0.0%   99.0%          0          0 NFL     Mike Evans: 22,000+ Receiving Yards
kalshi        49.5%    0.0%   99.0%          0          0 NFL     Mike Evans: 22,896+ Receiving Yards
kalshi        96.5%   94.0%   99.0%          0          0 NFL     Patrick Mahomes: 40,000+ Passing Yards
kalshi        87.5%   83.0%   92.0%          0          0 NFL     Patrick Mahomes: 50,000+ Passing Yards
kalshi        63.5%   59.0%   68.0%          0          0 NFL     Patrick Mahomes: 60,000+ Passing Yards
kalshi        38.5%   34.0%   43.0%          0          0 NFL     Patrick Mahomes: 70,000+ Passing Yards
kalshi        16.5%   12.0%   21.0%          0          0 NFL     Patrick Mahomes: 80,000+ Passing Yards
kalshi         5.5%    1.0%   10.0%          0          0 NFL     Patrick Mahomes: 89,215+ Passing Yards
kalshi        49.5%    0.0%   99.0%          0          0 NFL     Josh Allen: 35,000+ Passing Yards
kalshi        49.5%    0.0%   99.0%          0          0 NFL     Josh Allen: 40,000+ Passing Yards
kalshi        49.5%    0.0%   99.0%          0          0 NFL     Josh Allen: 50,000+ Passing Yards
kalshi        49.5%    0.0%   99.0%          0          0 NFL     Josh Allen: 60,000+ Passing Yards
kalshi        49.5%    0.0%   99.0%          0          0 NFL     Josh Allen: 70,000+ Passing Yards
RUNNER LIVE MARKET SCOUT — Kalshi + Polymarket
Updated: 2026-09-29T01:22:12.064Z | persisted market events=39581 price events=39581
kalshi:UP 602ms
------------------------------------------------------------------------------------------------------------------------
PROVIDER       PROB     BID     ASK        LIQ        VOL SPORT   MARKET
kalshi        82.5%   80.0%   85.0%          0        757         Will Kylian Mbappe score at least 30 goals in the World Cup 
kalshi        16.0%   15.0%   17.0%          0      2,800         Will Kylian Mbappe score at least 35 goals in the World Cup 
kalshi         5.0%    4.0%    6.0%          0      3,080         Will Kylian Mbappe score at least 40 goals in the World Cup 
kalshi        49.5%    0.0%   99.0%          0          0 NFL     Derrick Henry: 14,000+ Rushing Yards
kalshi        49.5%    0.0%   99.0%          0          0 NFL     Derrick Henry: 15,000+ Rushing Yards
kalshi        49.5%    0.0%   99.0%          0          0 NFL     Derrick Henry: 16,000+ Rushing Yards
kalshi        49.5%    0.0%   99.0%          0          0 NFL     Derrick Henry: 17,000+ Rushing Yards
kalshi        49.5%    0.0%   99.0%          0          0 NFL     Derrick Henry: 18,000+ Rushing Yards
kalshi        49.5%    0.0%   99.0%          0          0 NFL     Derrick Henry: 18,356+ Rushing Yards
kalshi        49.5%    0.0%   99.0%          0          0 NFL     Mike Evans: 14,000+ Receiving Yards
kalshi        49.5%    0.0%   99.0%          0          0 NFL     Mike Evans: 15,000+ Receiving Yards
kalshi        49.5%    0.0%   99.0%          0          0 NFL     Mike Evans: 16,000+ Receiving Yards
kalshi        49.5%    0.0%   99.0%          0          0 NFL     Mike Evans: 17,000+ Receiving Yards
kalshi        49.5%    0.0%   99.0%          0          0 NFL     Mike Evans: 18,000+ Receiving Yards
kalshi        49.5%    0.0%   99.0%          0          0 NFL     Mike Evans: 19,000+ Receiving Yards
kalshi        49.5%    0.0%   99.0%          0          0 NFL     Mike Evans: 20,000+ Receiving Yards
kalshi        49.5%    0.0%   99.0%          0          0 NFL     Mike Evans: 21,000+ Receiving Yards
kalshi        49.5%    0.0%   99.0%          0          0 NFL     Mike Evans: 22,000+ Receiving Yards
kalshi        49.5%    0.0%   99.0%          0          0 NFL     Mike Evans: 22,896+ Receiving Yards
kalshi        96.5%   94.0%   99.0%          0          0 NFL     Patrick Mahomes: 40,000+ Passing Yards
kalshi        87.5%   83.0%   92.0%          0          0 NFL     Patrick Mahomes: 50,000+ Passing Yards
kalshi        63.5%   59.0%   68.0%          0          0 NFL     Patrick Mahomes: 60,000+ Passing Yards
kalshi        38.5%   34.0%   43.0%          0          0 NFL     Patrick Mahomes: 70,000+ Passing Yards
kalshi        16.5%   12.0%   21.0%          0          0 NFL     Patrick Mahomes: 80,000+ Passing Yards
kalshi         5.5%    1.0%   10.0%          0          0 NFL     Patrick Mahomes: 89,215+ Passing Yards
kalshi        49.5%    0.0%   99.0%          0          0 NFL     Josh Allen: 35,000+ Passing Yards
kalshi        49.5%    0.0%   99.0%          0          0 NFL     Josh Allen: 40,000+ Passing Yards
kalshi        49.5%    0.0%   99.0%          0          0 NFL     Josh Allen: 50,000+ Passing Yards
kalshi        49.5%    0.0%   99.0%          0          0 NFL     Josh Allen: 60,000+ Passing Yards
kalshi        49.5%    0.0%   99.0%          0          0 NFL     Josh Allen: 70,000+ Passing Yards
RUNNER LIVE MARKET SCOUT — Kalshi + Polymarket
Updated: 2026-09-29T01:22:43.037Z | persisted market events=39581 price events=39581
kalshi:UP 534ms
------------------------------------------------------------------------------------------------------------------------
PROVIDER       PROB     BID     ASK        LIQ        VOL SPORT   MARKET
kalshi        82.5%   80.0%   85.0%          0        757         Will Kylian Mbappe score at least 30 goals in the World Cup 
kalshi        16.0%   15.0%   17.0%          0      2,800         Will Kylian Mbappe score at least 35 goals in the World Cup 
kalshi         5.0%    4.0%    6.0%          0      3,080         Will Kylian Mbappe score at least 40 goals in the World Cup 
kalshi        49.5%    0.0%   99.0%          0          0 NFL     Derrick Henry: 14,000+ Rushing Yards
kalshi        49.5%    0.0%   99.0%          0          0 NFL     Derrick Henry: 15,000+ Rushing Yards
kalshi        49.5%    0.0%   99.0%          0          0 NFL     Derrick Henry: 16,000+ Rushing Yards
kalshi        49.5%    0.0%   99.0%          0          0 NFL     Derrick Henry: 17,000+ Rushing Yards
kalshi        49.5%    0.0%   99.0%          0          0 NFL     Derrick Henry: 18,000+ Rushing Yards
kalshi        49.5%    0.0%   99.0%          0          0 NFL     Derrick Henry: 18,356+ Rushing Yards
kalshi        49.5%    0.0%   99.0%          0          0 NFL     Mike Evans: 14,000+ Receiving Yards
kalshi        49.5%    0.0%   99.0%          0          0 NFL     Mike Evans: 15,000+ Receiving Yards
kalshi        49.5%    0.0%   99.0%          0          0 NFL     Mike Evans: 16,000+ Receiving Yards
kalshi        49.5%    0.0%   99.0%          0          0 NFL     Mike Evans: 17,000+ Receiving Yards
kalshi        49.5%    0.0%   99.0%          0          0 NFL     Mike Evans: 18,000+ Receiving Yards
kalshi        49.5%    0.0%   99.0%          0          0 NFL     Mike Evans: 19,000+ Receiving Yards
kalshi        49.5%    0.0%   99.0%          0          0 NFL     Mike Evans: 20,000+ Receiving Yards
kalshi        49.5%    0.0%   99.0%          0          0 NFL     Mike Evans: 21,000+ Receiving Yards
kalshi        49.5%    0.0%   99.0%          0          0 NFL     Mike Evans: 22,000+ Receiving Yards
kalshi        49.5%    0.0%   99.0%          0          0 NFL     Mike Evans: 22,896+ Receiving Yards
kalshi        96.5%   94.0%   99.0%          0          0 NFL     Patrick Mahomes: 40,000+ Passing Yards
kalshi        87.5%   83.0%   92.0%          0          0 NFL     Patrick Mahomes: 50,000+ Passing Yards
kalshi        63.5%   59.0%   68.0%          0          0 NFL     Patrick Mahomes: 60,000+ Passing Yards
kalshi        38.5%   34.0%   43.0%          0          0 NFL     Patrick Mahomes: 70,000+ Passing Yards
kalshi        16.5%   12.0%   21.0%          0          0 NFL     Patrick Mahomes: 80,000+ Passing Yards
kalshi         5.5%    1.0%   10.0%          0          0 NFL     Patrick Mahomes: 89,215+ Passing Yards
kalshi        49.5%    0.0%   99.0%          0          0 NFL     Josh Allen: 35,000+ Passing Yards
kalshi        49.5%    0.0%   99.0%          0          0 NFL     Josh Allen: 40,000+ Passing Yards
kalshi        49.5%    0.0%   99.0%          0          0 NFL     Josh Allen: 50,000+ Passing Yards
kalshi        49.5%    0.0%   99.0%          0          0 NFL     Josh Allen: 60,000+ Passing Yards
kalshi        49.5%    0.0%   99.0%          0          0 NFL     Josh Allen: 70,000+ Passing Yards
RUNNER LIVE MARKET SCOUT — Kalshi + Polymarket
Updated: 2026-09-29T01:23:14.131Z | persisted market events=39581 price events=39581
kalshi:UP 591ms
------------------------------------------------------------------------------------------------------------------------
PROVIDER       PROB     BID     ASK        LIQ        VOL SPORT   MARKET
kalshi        82.5%   80.0%   85.0%          0        757         Will Kylian Mbappe score at least 30 goals in the World Cup 
kalshi        16.0%   15.0%   17.0%          0      2,800         Will Kylian Mbappe score at least 35 goals in the World Cup 
kalshi         5.0%    4.0%    6.0%          0      3,080         Will Kylian Mbappe score at least 40 goals in the World Cup 
kalshi        49.5%    0.0%   99.0%          0          0 NFL     Derrick Henry: 14,000+ Rushing Yards
kalshi        49.5%    0.0%   99.0%          0          0 NFL     Derrick Henry: 15,000+ Rushing Yards
kalshi        49.5%    0.0%   99.0%          0          0 NFL     Derrick Henry: 16,000+ Rushing Yards
kalshi        49.5%    0.0%   99.0%          0          0 NFL     Derrick Henry: 17,000+ Rushing Yards
kalshi        49.5%    0.0%   99.0%          0          0 NFL     Derrick Henry: 18,000+ Rushing Yards
kalshi        49.5%    0.0%   99.0%          0          0 NFL     Derrick Henry: 18,356+ Rushing Yards
kalshi        49.5%    0.0%   99.0%          0          0 NFL     Mike Evans: 14,000+ Receiving Yards
kalshi        49.5%    0.0%   99.0%          0          0 NFL     Mike Evans: 15,000+ Receiving Yards
kalshi        49.5%    0.0%   99.0%          0          0 NFL     Mike Evans: 16,000+ Receiving Yards
kalshi        49.5%    0.0%   99.0%          0          0 NFL     Mike Evans: 17,000+ Receiving Yards
kalshi        49.5%    0.0%   99.0%          0          0 NFL     Mike Evans: 18,000+ Receiving Yards
kalshi        49.5%    0.0%   99.0%          0          0 NFL     Mike Evans: 19,000+ Receiving Yards
kalshi        49.5%    0.0%   99.0%          0          0 NFL     Mike Evans: 20,000+ Receiving Yards
kalshi        49.5%    0.0%   99.0%          0          0 NFL     Mike Evans: 21,000+ Receiving Yards
kalshi        49.5%    0.0%   99.0%          0          0 NFL     Mike Evans: 22,000+ Receiving Yards
kalshi        49.5%    0.0%   99.0%          0          0 NFL     Mike Evans: 22,896+ Receiving Yards
kalshi        96.5%   94.0%   99.0%          0          0 NFL     Patrick Mahomes: 40,000+ Passing Yards
kalshi        87.5%   83.0%   92.0%          0          0 NFL     Patrick Mahomes: 50,000+ Passing Yards
kalshi        63.5%   59.0%   68.0%          0          0 NFL     Patrick Mahomes: 60,000+ Passing Yards
kalshi        38.5%   34.0%   43.0%          0          0 NFL     Patrick Mahomes: 70,000+ Passing Yards
kalshi        16.5%   12.0%   21.0%          0          0 NFL     Patrick Mahomes: 80,000+ Passing Yards
kalshi         5.5%    1.0%   10.0%          0          0 NFL     Patrick Mahomes: 89,215+ Passing Yards
kalshi        49.5%    0.0%   99.0%          0          0 NFL     Josh Allen: 35,000+ Passing Yards
kalshi        49.5%    0.0%   99.0%          0          0 NFL     Josh Allen: 40,000+ Passing Yards
kalshi        49.5%    0.0%   99.0%          0          0 NFL     Josh Allen: 50,000+ Passing Yards
kalshi        49.5%    0.0%   99.0%          0          0 NFL     Josh Allen: 60,000+ Passing Yards
kalshi        49.5%    0.0%   99.0%          0          0 NFL     Josh Allen: 70,000+ Passing Yards
RUNNER LIVE MARKET SCOUT — Kalshi + Polymarket
Updated: 2026-09-29T01:23:45.161Z | persisted market events=39581 price events=39581
kalshi:UP 580ms
------------------------------------------------------------------------------------------------------------------------
PROVIDER       PROB     BID     ASK        LIQ        VOL SPORT   MARKET
kalshi        82.5%   80.0%   85.0%          0        757         Will Kylian Mbappe score at least 30 goals in the World Cup 
kalshi        16.0%   15.0%   17.0%          0      2,800         Will Kylian Mbappe score at least 35 goals in the World Cup 
kalshi         5.0%    4.0%    6.0%          0      3,080         Will Kylian Mbappe score at least 40 goals in the World Cup 
kalshi        49.5%    0.0%   99.0%          0          0 NFL     Derrick Henry: 14,000+ Rushing Yards
kalshi        49.5%    0.0%   99.0%          0          0 NFL     Derrick Henry: 15,000+ Rushing Yards
kalshi        49.5%    0.0%   99.0%          0          0 NFL     Derrick Henry: 16,000+ Rushing Yards
kalshi        49.5%    0.0%   99.0%          0          0 NFL     Derrick Henry: 17,000+ Rushing Yards
kalshi        49.5%    0.0%   99.0%          0          0 NFL     Derrick Henry: 18,000+ Rushing Yards
kalshi        49.5%    0.0%   99.0%          0          0 NFL     Derrick Henry: 18,356+ Rushing Yards
kalshi        49.5%    0.0%   99.0%          0          0 NFL     Mike Evans: 14,000+ Receiving Yards
kalshi        49.5%    0.0%   99.0%          0          0 NFL     Mike Evans: 15,000+ Receiving Yards
kalshi        49.5%    0.0%   99.0%          0          0 NFL     Mike Evans: 16,000+ Receiving Yards
kalshi        49.5%    0.0%   99.0%          0          0 NFL     Mike Evans: 17,000+ Receiving Yards
kalshi        49.5%    0.0%   99.0%          0          0 NFL     Mike Evans: 18,000+ Receiving Yards
kalshi        49.5%    0.0%   99.0%          0          0 NFL     Mike Evans: 19,000+ Receiving Yards
kalshi        49.5%    0.0%   99.0%          0          0 NFL     Mike Evans: 20,000+ Receiving Yards
kalshi        49.5%    0.0%   99.0%          0          0 NFL     Mike Evans: 21,000+ Receiving Yards
kalshi        49.5%    0.0%   99.0%          0          0 NFL     Mike Evans: 22,000+ Receiving Yards
kalshi        49.5%    0.0%   99.0%          0          0 NFL     Mike Evans: 22,896+ Receiving Yards
kalshi        96.5%   94.0%   99.0%          0          0 NFL     Patrick Mahomes: 40,000+ Passing Yards
kalshi        87.5%   83.0%   92.0%          0          0 NFL     Patrick Mahomes: 50,000+ Passing Yards
kalshi        63.5%   59.0%   68.0%          0          0 NFL     Patrick Mahomes: 60,000+ Passing Yards
kalshi        38.5%   34.0%   43.0%          0          0 NFL     Patrick Mahomes: 70,000+ Passing Yards
kalshi        16.5%   12.0%   21.0%          0          0 NFL     Patrick Mahomes: 80,000+ Passing Yards
kalshi         5.5%    1.0%   10.0%          0          0 NFL     Patrick Mahomes: 89,215+ Passing Yards
kalshi        49.5%    0.0%   99.0%          0          0 NFL     Josh Allen: 35,000+ Passing Yards
kalshi        49.5%    0.0%   99.0%          0          0 NFL     Josh Allen: 40,000+ Passing Yards
kalshi        49.5%    0.0%   99.0%          0          0 NFL     Josh Allen: 50,000+ Passing Yards
kalshi        49.5%    0.0%   99.0%          0          0 NFL     Josh Allen: 60,000+ Passing Yards
kalshi        49.5%    0.0%   99.0%          0          0 NFL     Josh Allen: 70,000+ Passing Yards
RUNNER LIVE MARKET SCOUT — Kalshi + Polymarket
Updated: 2026-09-29T01:24:16.200Z | persisted market events=39581 price events=39581
kalshi:UP 607ms
------------------------------------------------------------------------------------------------------------------------
PROVIDER       PROB     BID     ASK        LIQ        VOL SPORT   MARKET
kalshi        82.5%   80.0%   85.0%          0        757         Will Kylian Mbappe score at least 30 goals in the World Cup 
kalshi        16.0%   15.0%   17.0%          0      2,800         Will Kylian Mbappe score at least 35 goals in the World Cup 
kalshi         5.0%    4.0%    6.0%          0      3,080         Will Kylian Mbappe score at least 40 goals in the World Cup 
kalshi        49.5%    0.0%   99.0%          0          0 NFL     Derrick Henry: 14,000+ Rushing Yards
kalshi        49.5%    0.0%   99.0%          0          0 NFL     Derrick Henry: 15,000+ Rushing Yards
kalshi        49.5%    0.0%   99.0%          0          0 NFL     Derrick Henry: 16,000+ Rushing Yards
kalshi        49.5%    0.0%   99.0%          0          0 NFL     Derrick Henry: 17,000+ Rushing Yards
kalshi        49.5%    0.0%   99.0%          0          0 NFL     Derrick Henry: 18,000+ Rushing Yards
kalshi        49.5%    0.0%   99.0%          0          0 NFL     Derrick Henry: 18,356+ Rushing Yards
kalshi        49.5%    0.0%   99.0%          0          0 NFL     Mike Evans: 14,000+ Receiving Yards
kalshi        49.5%    0.0%   99.0%          0          0 NFL     Mike Evans: 15,000+ Receiving Yards
kalshi        49.5%    0.0%   99.0%          0          0 NFL     Mike Evans: 16,000+ Receiving Yards
kalshi        49.5%    0.0%   99.0%          0          0 NFL     Mike Evans: 17,000+ Receiving Yards
kalshi        49.5%    0.0%   99.0%          0          0 NFL     Mike Evans: 18,000+ Receiving Yards
kalshi        49.5%    0.0%   99.0%          0          0 NFL     Mike Evans: 19,000+ Receiving Yards
kalshi        49.5%    0.0%   99.0%          0          0 NFL     Mike Evans: 20,000+ Receiving Yards
kalshi        49.5%    0.0%   99.0%          0          0 NFL     Mike Evans: 21,000+ Receiving Yards
kalshi        49.5%    0.0%   99.0%          0          0 NFL     Mike Evans: 22,000+ Receiving Yards
kalshi        49.5%    0.0%   99.0%          0          0 NFL     Mike Evans: 22,896+ Receiving Yards
kalshi        96.5%   94.0%   99.0%          0          0 NFL     Patrick Mahomes: 40,000+ Passing Yards
kalshi        87.5%   83.0%   92.0%          0          0 NFL     Patrick Mahomes: 50,000+ Passing Yards
kalshi        63.5%   59.0%   68.0%          0          0 NFL     Patrick Mahomes: 60,000+ Passing Yards
kalshi        38.5%   34.0%   43.0%          0          0 NFL     Patrick Mahomes: 70,000+ Passing Yards
kalshi        16.5%   12.0%   21.0%          0          0 NFL     Patrick Mahomes: 80,000+ Passing Yards
kalshi         5.5%    1.0%   10.0%          0          0 NFL     Patrick Mahomes: 89,215+ Passing Yards
kalshi        49.5%    0.0%   99.0%          0          0 NFL     Josh Allen: 35,000+ Passing Yards
kalshi        49.5%    0.0%   99.0%          0          0 NFL     Josh Allen: 40,000+ Passing Yards
kalshi        49.5%    0.0%   99.0%          0          0 NFL     Josh Allen: 50,000+ Passing Yards
kalshi        49.5%    0.0%   99.0%          0          0 NFL     Josh Allen: 60,000+ Passing Yards
kalshi        49.5%    0.0%   99.0%          0          0 NFL     Josh Allen: 70,000+ Passing Yards
RUNNER LIVE MARKET SCOUT — Kalshi + Polymarket
Updated: 2026-09-29T01:24:47.115Z | persisted market events=39581 price events=39581
kalshi:UP 602ms
------------------------------------------------------------------------------------------------------------------------
PROVIDER       PROB     BID     ASK        LIQ        VOL SPORT   MARKET
kalshi        82.5%   80.0%   85.0%          0        757         Will Kylian Mbappe score at least 30 goals in the World Cup 
kalshi        16.0%   15.0%   17.0%          0      2,800         Will Kylian Mbappe score at least 35 goals in the World Cup 
kalshi         5.0%    4.0%    6.0%          0      3,080         Will Kylian Mbappe score at least 40 goals in the World Cup 
kalshi        49.5%    0.0%   99.0%          0          0 NFL     Derrick Henry: 14,000+ Rushing Yards
kalshi        49.5%    0.0%   99.0%          0          0 NFL     Derrick Henry: 15,000+ Rushing Yards
kalshi        49.5%    0.0%   99.0%          0          0 NFL     Derrick Henry: 16,000+ Rushing Yards
kalshi        49.5%    0.0%   99.0%          0          0 NFL     Derrick Henry: 17,000+ Rushing Yards
kalshi        49.5%    0.0%   99.0%          0          0 NFL     Derrick Henry: 18,000+ Rushing Yards
kalshi        49.5%    0.0%   99.0%          0          0 NFL     Derrick Henry: 18,356+ Rushing Yards
kalshi        49.5%    0.0%   99.0%          0          0 NFL     Mike Evans: 14,000+ Receiving Yards
kalshi        49.5%    0.0%   99.0%          0          0 NFL     Mike Evans: 15,000+ Receiving Yards
kalshi        49.5%    0.0%   99.0%          0          0 NFL     Mike Evans: 16,000+ Receiving Yards
kalshi        49.5%    0.0%   99.0%          0          0 NFL     Mike Evans: 17,000+ Receiving Yards
kalshi        49.5%    0.0%   99.0%          0          0 NFL     Mike Evans: 18,000+ Receiving Yards
kalshi        49.5%    0.0%   99.0%          0          0 NFL     Mike Evans: 19,000+ Receiving Yards
kalshi        49.5%    0.0%   99.0%          0          0 NFL     Mike Evans: 20,000+ Receiving Yards
kalshi        49.5%    0.0%   99.0%          0          0 NFL     Mike Evans: 21,000+ Receiving Yards
kalshi        49.5%    0.0%   99.0%          0          0 NFL     Mike Evans: 22,000+ Receiving Yards
kalshi        49.5%    0.0%   99.0%          0          0 NFL     Mike Evans: 22,896+ Receiving Yards
kalshi        96.5%   94.0%   99.0%          0          0 NFL     Patrick Mahomes: 40,000+ Passing Yards
kalshi        87.5%   83.0%   92.0%          0          0 NFL     Patrick Mahomes: 50,000+ Passing Yards
kalshi        63.5%   59.0%   68.0%          0          0 NFL     Patrick Mahomes: 60,000+ Passing Yards
kalshi        38.5%   34.0%   43.0%          0          0 NFL     Patrick Mahomes: 70,000+ Passing Yards
kalshi        16.5%   12.0%   21.0%          0          0 NFL     Patrick Mahomes: 80,000+ Passing Yards
kalshi         5.5%    1.0%   10.0%          0          0 NFL     Patrick Mahomes: 89,215+ Passing Yards
kalshi        49.5%    0.0%   99.0%          0          0 NFL     Josh Allen: 35,000+ Passing Yards
kalshi        49.5%    0.0%   99.0%          0          0 NFL     Josh Allen: 40,000+ Passing Yards
kalshi        49.5%    0.0%   99.0%          0          0 NFL     Josh Allen: 50,000+ Passing Yards
kalshi        49.5%    0.0%   99.0%          0          0 NFL     Josh Allen: 60,000+ Passing Yards
kalshi        49.5%    0.0%   99.0%          0          0 NFL     Josh Allen: 70,000+ Passing Yards
RUNNER LIVE MARKET SCOUT — Kalshi + Polymarket
Updated: 2026-09-29T01:25:18.137Z | persisted market events=39581 price events=39581
kalshi:UP 590ms
------------------------------------------------------------------------------------------------------------------------
PROVIDER       PROB     BID     ASK        LIQ        VOL SPORT   MARKET
kalshi        82.5%   80.0%   85.0%          0        757         Will Kylian Mbappe score at least 30 goals in the World Cup 
kalshi        17.5%   15.0%   20.0%          0      2,800         Will Kylian Mbappe score at least 35 goals in the World Cup 
kalshi         5.0%    4.0%    6.0%          0      3,080         Will Kylian Mbappe score at least 40 goals in the World Cup 
kalshi        49.5%    0.0%   99.0%          0          0 NFL     Derrick Henry: 14,000+ Rushing Yards
kalshi        49.5%    0.0%   99.0%          0          0 NFL     Derrick Henry: 15,000+ Rushing Yards
kalshi        49.5%    0.0%   99.0%          0          0 NFL     Derrick Henry: 16,000+ Rushing Yards
kalshi        49.5%    0.0%   99.0%          0          0 NFL     Derrick Henry: 17,000+ Rushing Yards
kalshi        49.5%    0.0%   99.0%          0          0 NFL     Derrick Henry: 18,000+ Rushing Yards
kalshi        49.5%    0.0%   99.0%          0          0 NFL     Derrick Henry: 18,356+ Rushing Yards
kalshi        49.5%    0.0%   99.0%          0          0 NFL     Mike Evans: 14,000+ Receiving Yards
kalshi        49.5%    0.0%   99.0%          0          0 NFL     Mike Evans: 15,000+ Receiving Yards
kalshi        49.5%    0.0%   99.0%          0          0 NFL     Mike Evans: 16,000+ Receiving Yards
kalshi        49.5%    0.0%   99.0%          0          0 NFL     Mike Evans: 17,000+ Receiving Yards
kalshi        49.5%    0.0%   99.0%          0          0 NFL     Mike Evans: 18,000+ Receiving Yards
kalshi        49.5%    0.0%   99.0%          0          0 NFL     Mike Evans: 19,000+ Receiving Yards
kalshi        49.5%    0.0%   99.0%          0          0 NFL     Mike Evans: 20,000+ Receiving Yards
kalshi        49.5%    0.0%   99.0%          0          0 NFL     Mike Evans: 21,000+ Receiving Yards
kalshi        49.5%    0.0%   99.0%          0          0 NFL     Mike Evans: 22,000+ Receiving Yards
kalshi        49.5%    0.0%   99.0%          0          0 NFL     Mike Evans: 22,896+ Receiving Yards
kalshi        96.5%   94.0%   99.0%          0          0 NFL     Patrick Mahomes: 40,000+ Passing Yards
kalshi        87.5%   83.0%   92.0%          0          0 NFL     Patrick Mahomes: 50,000+ Passing Yards
kalshi        63.5%   59.0%   68.0%          0          0 NFL     Patrick Mahomes: 60,000+ Passing Yards
kalshi        38.5%   34.0%   43.0%          0          0 NFL     Patrick Mahomes: 70,000+ Passing Yards
kalshi        16.5%   12.0%   21.0%          0          0 NFL     Patrick Mahomes: 80,000+ Passing Yards
kalshi         5.5%    1.0%   10.0%          0          0 NFL     Patrick Mahomes: 89,215+ Passing Yards
kalshi        49.5%    0.0%   99.0%          0          0 NFL     Josh Allen: 35,000+ Passing Yards
kalshi        49.5%    0.0%   99.0%          0          0 NFL     Josh Allen: 40,000+ Passing Yards
kalshi        49.5%    0.0%   99.0%          0          0 NFL     Josh Allen: 50,000+ Passing Yards
kalshi        49.5%    0.0%   99.0%          0          0 NFL     Josh Allen: 60,000+ Passing Yards
kalshi        49.5%    0.0%   99.0%          0          0 NFL     Josh Allen: 70,000+ Passing Yards
RUNNER LIVE MARKET SCOUT — Kalshi + Polymarket
Updated: 2026-09-29T01:25:49.061Z | persisted market events=39581 price events=39581
kalshi:UP 516ms
------------------------------------------------------------------------------------------------------------------------
PROVIDER       PROB     BID     ASK        LIQ        VOL SPORT   MARKET
kalshi        82.5%   80.0%   85.0%          0        757         Will Kylian Mbappe score at least 30 goals in the World Cup 
kalshi        17.5%   15.0%   20.0%          0      2,800         Will Kylian Mbappe score at least 35 goals in the World Cup 
kalshi         5.0%    4.0%    6.0%          0      3,080         Will Kylian Mbappe score at least 40 goals in the World Cup 
kalshi        49.5%    0.0%   99.0%          0          0 NFL     Derrick Henry: 14,000+ Rushing Yards
kalshi        49.5%    0.0%   99.0%          0          0 NFL     Derrick Henry: 15,000+ Rushing Yards
kalshi        49.5%    0.0%   99.0%          0          0 NFL     Derrick Henry: 16,000+ Rushing Yards
kalshi        49.5%    0.0%   99.0%          0          0 NFL     Derrick Henry: 17,000+ Rushing Yards
kalshi        49.5%    0.0%   99.0%          0          0 NFL     Derrick Henry: 18,000+ Rushing Yards
kalshi        49.5%    0.0%   99.0%          0          0 NFL     Derrick Henry: 18,356+ Rushing Yards
kalshi        49.5%    0.0%   99.0%          0          0 NFL     Mike Evans: 14,000+ Receiving Yards
kalshi        49.5%    0.0%   99.0%          0          0 NFL     Mike Evans: 15,000+ Receiving Yards
kalshi        49.5%    0.0%   99.0%          0          0 NFL     Mike Evans: 16,000+ Receiving Yards
kalshi        49.5%    0.0%   99.0%          0          0 NFL     Mike Evans: 17,000+ Receiving Yards
kalshi        49.5%    0.0%   99.0%          0          0 NFL     Mike Evans: 18,000+ Receiving Yards
kalshi        49.5%    0.0%   99.0%          0          0 NFL     Mike Evans: 19,000+ Receiving Yards
kalshi        49.5%    0.0%   99.0%          0          0 NFL     Mike Evans: 20,000+ Receiving Yards
kalshi        49.5%    0.0%   99.0%          0          0 NFL     Mike Evans: 21,000+ Receiving Yards
kalshi        49.5%    0.0%   99.0%          0          0 NFL     Mike Evans: 22,000+ Receiving Yards
kalshi        49.5%    0.0%   99.0%          0          0 NFL     Mike Evans: 22,896+ Receiving Yards
kalshi        96.5%   94.0%   99.0%          0          0 NFL     Patrick Mahomes: 40,000+ Passing Yards
kalshi        87.5%   83.0%   92.0%          0          0 NFL     Patrick Mahomes: 50,000+ Passing Yards
kalshi        63.5%   59.0%   68.0%          0          0 NFL     Patrick Mahomes: 60,000+ Passing Yards
kalshi        38.5%   34.0%   43.0%          0          0 NFL     Patrick Mahomes: 70,000+ Passing Yards
kalshi        16.5%   12.0%   21.0%          0          0 NFL     Patrick Mahomes: 80,000+ Passing Yards
kalshi         5.5%    1.0%   10.0%          0          0 NFL     Patrick Mahomes: 89,215+ Passing Yards
kalshi        49.5%    0.0%   99.0%          0          0 NFL     Josh Allen: 35,000+ Passing Yards
kalshi        49.5%    0.0%   99.0%          0          0 NFL     Josh Allen: 40,000+ Passing Yards
kalshi        49.5%    0.0%   99.0%          0          0 NFL     Josh Allen: 50,000+ Passing Yards
kalshi        49.5%    0.0%   99.0%          0          0 NFL     Josh Allen: 60,000+ Passing Yards
kalshi        49.5%    0.0%   99.0%          0          0 NFL     Josh Allen: 70,000+ Passing Yards
RUNNER LIVE MARKET SCOUT — Kalshi + Polymarket
Updated: 2026-09-29T01:26:20.154Z | persisted market events=39581 price events=39581
kalshi:UP 565ms
------------------------------------------------------------------------------------------------------------------------
PROVIDER       PROB     BID     ASK        LIQ        VOL SPORT   MARKET
kalshi        82.5%   80.0%   85.0%          0        757         Will Kylian Mbappe score at least 30 goals in the World Cup 
kalshi        17.5%   15.0%   20.0%          0      2,800         Will Kylian Mbappe score at least 35 goals in the World Cup 
kalshi         5.0%    4.0%    6.0%          0      3,080         Will Kylian Mbappe score at least 40 goals in the World Cup 
kalshi        49.5%    0.0%   99.0%          0          0 NFL     Derrick Henry: 14,000+ Rushing Yards
kalshi        49.5%    0.0%   99.0%          0          0 NFL     Derrick Henry: 15,000+ Rushing Yards
kalshi        49.5%    0.0%   99.0%          0          0 NFL     Derrick Henry: 16,000+ Rushing Yards
kalshi        49.5%    0.0%   99.0%          0          0 NFL     Derrick Henry: 17,000+ Rushing Yards
kalshi        49.5%    0.0%   99.0%          0          0 NFL     Derrick Henry: 18,000+ Rushing Yards
kalshi        49.5%    0.0%   99.0%          0          0 NFL     Derrick Henry: 18,356+ Rushing Yards
kalshi        49.5%    0.0%   99.0%          0          0 NFL     Mike Evans: 14,000+ Receiving Yards
kalshi        49.5%    0.0%   99.0%          0          0 NFL     Mike Evans: 15,000+ Receiving Yards
kalshi        49.5%    0.0%   99.0%          0          0 NFL     Mike Evans: 16,000+ Receiving Yards
kalshi        49.5%    0.0%   99.0%          0          0 NFL     Mike Evans: 17,000+ Receiving Yards
kalshi        49.5%    0.0%   99.0%          0          0 NFL     Mike Evans: 18,000+ Receiving Yards
kalshi        49.5%    0.0%   99.0%          0          0 NFL     Mike Evans: 19,000+ Receiving Yards
kalshi        49.5%    0.0%   99.0%          0          0 NFL     Mike Evans: 20,000+ Receiving Yards
kalshi        49.5%    0.0%   99.0%          0          0 NFL     Mike Evans: 21,000+ Receiving Yards
kalshi        49.5%    0.0%   99.0%          0          0 NFL     Mike Evans: 22,000+ Receiving Yards
kalshi        49.5%    0.0%   99.0%          0          0 NFL     Mike Evans: 22,896+ Receiving Yards
kalshi        96.5%   94.0%   99.0%          0          0 NFL     Patrick Mahomes: 40,000+ Passing Yards
kalshi        87.5%   83.0%   92.0%          0          0 NFL     Patrick Mahomes: 50,000+ Passing Yards
kalshi        63.5%   59.0%   68.0%          0          0 NFL     Patrick Mahomes: 60,000+ Passing Yards
kalshi        38.5%   34.0%   43.0%          0          0 NFL     Patrick Mahomes: 70,000+ Passing Yards
kalshi        16.5%   12.0%   21.0%          0          0 NFL     Patrick Mahomes: 80,000+ Passing Yards
kalshi         5.5%    1.0%   10.0%          0          0 NFL     Patrick Mahomes: 89,215+ Passing Yards
kalshi        49.5%    0.0%   99.0%          0          0 NFL     Josh Allen: 35,000+ Passing Yards
kalshi        49.5%    0.0%   99.0%          0          0 NFL     Josh Allen: 40,000+ Passing Yards
kalshi        49.5%    0.0%   99.0%          0          0 NFL     Josh Allen: 50,000+ Passing Yards
kalshi        49.5%    0.0%   99.0%          0          0 NFL     Josh Allen: 60,000+ Passing Yards
kalshi        49.5%    0.0%   99.0%          0          0 NFL     Josh Allen: 70,000+ Passing Yards
RUNNER LIVE MARKET SCOUT — Kalshi + Polymarket
Updated: 2026-09-29T01:26:51.101Z | persisted market events=39581 price events=39581
kalshi:UP 536ms
------------------------------------------------------------------------------------------------------------------------
PROVIDER       PROB     BID     ASK        LIQ        VOL SPORT   MARKET
kalshi        82.5%   80.0%   85.0%          0        757         Will Kylian Mbappe score at least 30 goals in the World Cup 
kalshi        16.0%   15.0%   17.0%          0      2,800         Will Kylian Mbappe score at least 35 goals in the World Cup 
kalshi         5.0%    4.0%    6.0%          0      3,080         Will Kylian Mbappe score at least 40 goals in the World Cup 
kalshi        49.5%    0.0%   99.0%          0          0 NFL     Derrick Henry: 14,000+ Rushing Yards
kalshi        49.5%    0.0%   99.0%          0          0 NFL     Derrick Henry: 15,000+ Rushing Yards
kalshi        49.5%    0.0%   99.0%          0          0 NFL     Derrick Henry: 16,000+ Rushing Yards
kalshi        49.5%    0.0%   99.0%          0          0 NFL     Derrick Henry: 17,000+ Rushing Yards
kalshi        49.5%    0.0%   99.0%          0          0 NFL     Derrick Henry: 18,000+ Rushing Yards
kalshi        49.5%    0.0%   99.0%          0          0 NFL     Derrick Henry: 18,356+ Rushing Yards
kalshi        49.5%    0.0%   99.0%          0          0 NFL     Mike Evans: 14,000+ Receiving Yards
kalshi        49.5%    0.0%   99.0%          0          0 NFL     Mike Evans: 15,000+ Receiving Yards
kalshi        49.5%    0.0%   99.0%          0          0 NFL     Mike Evans: 16,000+ Receiving Yards
kalshi        49.5%    0.0%   99.0%          0          0 NFL     Mike Evans: 17,000+ Receiving Yards
kalshi        49.5%    0.0%   99.0%          0          0 NFL     Mike Evans: 18,000+ Receiving Yards
kalshi        49.5%    0.0%   99.0%          0          0 NFL     Mike Evans: 19,000+ Receiving Yards
kalshi        49.5%    0.0%   99.0%          0          0 NFL     Mike Evans: 20,000+ Receiving Yards
kalshi        49.5%    0.0%   99.0%          0          0 NFL     Mike Evans: 21,000+ Receiving Yards
kalshi        49.5%    0.0%   99.0%          0          0 NFL     Mike Evans: 22,000+ Receiving Yards
kalshi        49.5%    0.0%   99.0%          0          0 NFL     Mike Evans: 22,896+ Receiving Yards
kalshi        96.5%   94.0%   99.0%          0          0 NFL     Patrick Mahomes: 40,000+ Passing Yards
kalshi        87.5%   83.0%   92.0%          0          0 NFL     Patrick Mahomes: 50,000+ Passing Yards
kalshi        63.5%   59.0%   68.0%          0          0 NFL     Patrick Mahomes: 60,000+ Passing Yards
kalshi        38.5%   34.0%   43.0%          0          0 NFL     Patrick Mahomes: 70,000+ Passing Yards
kalshi        16.5%   12.0%   21.0%          0          0 NFL     Patrick Mahomes: 80,000+ Passing Yards
kalshi         5.5%    1.0%   10.0%          0          0 NFL     Patrick Mahomes: 89,215+ Passing Yards
kalshi        49.5%    0.0%   99.0%          0          0 NFL     Josh Allen: 35,000+ Passing Yards
kalshi        49.5%    0.0%   99.0%          0          0 NFL     Josh Allen: 40,000+ Passing Yards
kalshi        49.5%    0.0%   99.0%          0          0 NFL     Josh Allen: 50,000+ Passing Yards
kalshi        49.5%    0.0%   99.0%          0          0 NFL     Josh Allen: 60,000+ Passing Yards
kalshi        49.5%    0.0%   99.0%          0          0 NFL     Josh Allen: 70,000+ Passing Yards
RUNNER LIVE MARKET SCOUT — Kalshi + Polymarket
Updated: 2026-09-29T01:27:21.918Z | persisted market events=39581 price events=39581
kalshi:UP 516ms
------------------------------------------------------------------------------------------------------------------------
PROVIDER       PROB     BID     ASK        LIQ        VOL SPORT   MARKET
kalshi        82.5%   80.0%   85.0%          0        757         Will Kylian Mbappe score at least 30 goals in the World Cup 
kalshi        16.0%   15.0%   17.0%          0      2,800         Will Kylian Mbappe score at least 35 goals in the World Cup 
kalshi         5.0%    4.0%    6.0%          0      3,080         Will Kylian Mbappe score at least 40 goals in the World Cup 
kalshi        49.5%    0.0%   99.0%          0          0 NFL     Derrick Henry: 14,000+ Rushing Yards
kalshi        49.5%    0.0%   99.0%          0          0 NFL     Derrick Henry: 15,000+ Rushing Yards
kalshi        49.5%    0.0%   99.0%          0          0 NFL     Derrick Henry: 16,000+ Rushing Yards
kalshi        49.5%    0.0%   99.0%          0          0 NFL     Derrick Henry: 17,000+ Rushing Yards
kalshi        49.5%    0.0%   99.0%          0          0 NFL     Derrick Henry: 18,000+ Rushing Yards
kalshi        49.5%    0.0%   99.0%          0          0 NFL     Derrick Henry: 18,356+ Rushing Yards
kalshi        49.5%    0.0%   99.0%          0          0 NFL     Mike Evans: 14,000+ Receiving Yards
kalshi        49.5%    0.0%   99.0%          0          0 NFL     Mike Evans: 15,000+ Receiving Yards
kalshi        49.5%    0.0%   99.0%          0          0 NFL     Mike Evans: 16,000+ Receiving Yards
kalshi        49.5%    0.0%   99.0%          0          0 NFL     Mike Evans: 17,000+ Receiving Yards
kalshi        49.5%    0.0%   99.0%          0          0 NFL     Mike Evans: 18,000+ Receiving Yards
kalshi        49.5%    0.0%   99.0%          0          0 NFL     Mike Evans: 19,000+ Receiving Yards
kalshi        49.5%    0.0%   99.0%          0          0 NFL     Mike Evans: 20,000+ Receiving Yards
kalshi        49.5%    0.0%   99.0%          0          0 NFL     Mike Evans: 21,000+ Receiving Yards
kalshi        49.5%    0.0%   99.0%          0          0 NFL     Mike Evans: 22,000+ Receiving Yards
kalshi        49.5%    0.0%   99.0%          0          0 NFL     Mike Evans: 22,896+ Receiving Yards
kalshi        96.5%   94.0%   99.0%          0          0 NFL     Patrick Mahomes: 40,000+ Passing Yards
kalshi        87.5%   83.0%   92.0%          0          0 NFL     Patrick Mahomes: 50,000+ Passing Yards
kalshi        63.5%   59.0%   68.0%          0          0 NFL     Patrick Mahomes: 60,000+ Passing Yards
kalshi        38.5%   34.0%   43.0%          0          0 NFL     Patrick Mahomes: 70,000+ Passing Yards
kalshi        16.5%   12.0%   21.0%          0          0 NFL     Patrick Mahomes: 80,000+ Passing Yards
kalshi         5.5%    1.0%   10.0%          0          0 NFL     Patrick Mahomes: 89,215+ Passing Yards
kalshi        49.5%    0.0%   99.0%          0          0 NFL     Josh Allen: 35,000+ Passing Yards
kalshi        49.5%    0.0%   99.0%          0          0 NFL     Josh Allen: 40,000+ Passing Yards
kalshi        49.5%    0.0%   99.0%          0          0 NFL     Josh Allen: 50,000+ Passing Yards
kalshi        49.5%    0.0%   99.0%          0          0 NFL     Josh Allen: 60,000+ Passing Yards
kalshi        49.5%    0.0%   99.0%          0          0 NFL     Josh Allen: 70,000+ Passing Yards
RUNNER LIVE MARKET SCOUT — Kalshi + Polymarket
Updated: 2026-09-29T01:27:52.893Z | persisted market events=39582 price events=39582
kalshi:UP 556ms
------------------------------------------------------------------------------------------------------------------------
PROVIDER       PROB     BID     ASK        LIQ        VOL SPORT   MARKET
kalshi        82.5%   80.0%   85.0%          0        757         Will Kylian Mbappe score at least 30 goals in the World Cup 
kalshi        17.5%   15.0%   20.0%          0      2,800         Will Kylian Mbappe score at least 35 goals in the World Cup 
kalshi         5.0%    4.0%    6.0%          0      3,080         Will Kylian Mbappe score at least 40 goals in the World Cup 
kalshi        49.5%    0.0%   99.0%          0          0 NFL     Derrick Henry: 14,000+ Rushing Yards
kalshi        49.5%    0.0%   99.0%          0          0 NFL     Derrick Henry: 15,000+ Rushing Yards
kalshi        49.5%    0.0%   99.0%          0          0 NFL     Derrick Henry: 16,000+ Rushing Yards
kalshi        49.5%    0.0%   99.0%          0          0 NFL     Derrick Henry: 17,000+ Rushing Yards
kalshi        49.5%    0.0%   99.0%          0          0 NFL     Derrick Henry: 18,000+ Rushing Yards
kalshi        49.5%    0.0%   99.0%          0          0 NFL     Derrick Henry: 18,356+ Rushing Yards
kalshi        49.5%    0.0%   99.0%          0          0 NFL     Mike Evans: 14,000+ Receiving Yards
kalshi        49.5%    0.0%   99.0%          0          0 NFL     Mike Evans: 15,000+ Receiving Yards
kalshi        49.5%    0.0%   99.0%          0          0 NFL     Mike Evans: 16,000+ Receiving Yards
kalshi        49.5%    0.0%   99.0%          0          0 NFL     Mike Evans: 17,000+ Receiving Yards
kalshi        49.5%    0.0%   99.0%          0          0 NFL     Mike Evans: 18,000+ Receiving Yards
kalshi        49.5%    0.0%   99.0%          0          0 NFL     Mike Evans: 19,000+ Receiving Yards
kalshi        49.5%    0.0%   99.0%          0          0 NFL     Mike Evans: 20,000+ Receiving Yards
kalshi        49.5%    0.0%   99.0%          0          0 NFL     Mike Evans: 21,000+ Receiving Yards
kalshi        49.5%    0.0%   99.0%          0          0 NFL     Mike Evans: 22,000+ Receiving Yards
kalshi        49.5%    0.0%   99.0%          0          0 NFL     Mike Evans: 22,896+ Receiving Yards
kalshi        96.5%   94.0%   99.0%          0          0 NFL     Patrick Mahomes: 40,000+ Passing Yards
kalshi        87.5%   83.0%   92.0%          0          0 NFL     Patrick Mahomes: 50,000+ Passing Yards
kalshi        63.5%   59.0%   68.0%          0          0 NFL     Patrick Mahomes: 60,000+ Passing Yards
kalshi        38.5%   34.0%   43.0%          0          0 NFL     Patrick Mahomes: 70,000+ Passing Yards
kalshi        16.5%   12.0%   21.0%          0          0 NFL     Patrick Mahomes: 80,000+ Passing Yards
kalshi         5.5%    1.0%   10.0%          0          0 NFL     Patrick Mahomes: 89,215+ Passing Yards
kalshi        49.5%    0.0%   99.0%          0          0 NFL     Josh Allen: 35,000+ Passing Yards
kalshi        49.5%    0.0%   99.0%          0          0 NFL     Josh Allen: 40,000+ Passing Yards
kalshi        49.5%    0.0%   99.0%          0          0 NFL     Josh Allen: 50,000+ Passing Yards
kalshi        49.5%    0.0%   99.0%          0          0 NFL     Josh Allen: 60,000+ Passing Yards
kalshi        49.5%    0.0%   99.0%          0          0 NFL     Josh Allen: 70,000+ Passing Yards
RUNNER LIVE MARKET SCOUT — Kalshi + Polymarket
Updated: 2026-09-29T01:28:23.774Z | persisted market events=39582 price events=39582
kalshi:UP 604ms
------------------------------------------------------------------------------------------------------------------------
PROVIDER       PROB     BID     ASK        LIQ        VOL SPORT   MARKET
kalshi        82.5%   80.0%   85.0%          0        757         Will Kylian Mbappe score at least 30 goals in the World Cup 
kalshi        17.5%   15.0%   20.0%          0      2,800         Will Kylian Mbappe score at least 35 goals in the World Cup 
kalshi         5.0%    4.0%    6.0%          0      3,080         Will Kylian Mbappe score at least 40 goals in the World Cup 
kalshi        49.5%    0.0%   99.0%          0          0 NFL     Derrick Henry: 14,000+ Rushing Yards
kalshi        49.5%    0.0%   99.0%          0          0 NFL     Derrick Henry: 15,000+ Rushing Yards
kalshi        49.5%    0.0%   99.0%          0          0 NFL     Derrick Henry: 16,000+ Rushing Yards
kalshi        49.5%    0.0%   99.0%          0          0 NFL     Derrick Henry: 17,000+ Rushing Yards
kalshi        49.5%    0.0%   99.0%          0          0 NFL     Derrick Henry: 18,000+ Rushing Yards
kalshi        49.5%    0.0%   99.0%          0          0 NFL     Derrick Henry: 18,356+ Rushing Yards
kalshi        49.5%    0.0%   99.0%          0          0 NFL     Mike Evans: 14,000+ Receiving Yards
kalshi        49.5%    0.0%   99.0%          0          0 NFL     Mike Evans: 15,000+ Receiving Yards
kalshi        49.5%    0.0%   99.0%          0          0 NFL     Mike Evans: 16,000+ Receiving Yards
kalshi        49.5%    0.0%   99.0%          0          0 NFL     Mike Evans: 17,000+ Receiving Yards
kalshi        49.5%    0.0%   99.0%          0          0 NFL     Mike Evans: 18,000+ Receiving Yards
kalshi        49.5%    0.0%   99.0%          0          0 NFL     Mike Evans: 19,000+ Receiving Yards
kalshi        49.5%    0.0%   99.0%          0          0 NFL     Mike Evans: 20,000+ Receiving Yards
kalshi        49.5%    0.0%   99.0%          0          0 NFL     Mike Evans: 21,000+ Receiving Yards
kalshi        49.5%    0.0%   99.0%          0          0 NFL     Mike Evans: 22,000+ Receiving Yards
kalshi        49.5%    0.0%   99.0%          0          0 NFL     Mike Evans: 22,896+ Receiving Yards
kalshi        96.5%   94.0%   99.0%          0          0 NFL     Patrick Mahomes: 40,000+ Passing Yards
kalshi        87.5%   83.0%   92.0%          0          0 NFL     Patrick Mahomes: 50,000+ Passing Yards
kalshi        63.5%   59.0%   68.0%          0          0 NFL     Patrick Mahomes: 60,000+ Passing Yards
kalshi        38.5%   34.0%   43.0%          0          0 NFL     Patrick Mahomes: 70,000+ Passing Yards
kalshi        16.5%   12.0%   21.0%          0          0 NFL     Patrick Mahomes: 80,000+ Passing Yards
kalshi         5.5%    1.0%   10.0%          0          0 NFL     Patrick Mahomes: 89,215+ Passing Yards
kalshi        49.5%    0.0%   99.0%          0          0 NFL     Josh Allen: 35,000+ Passing Yards
kalshi        49.5%    0.0%   99.0%          0          0 NFL     Josh Allen: 40,000+ Passing Yards
kalshi        49.5%    0.0%   99.0%          0          0 NFL     Josh Allen: 50,000+ Passing Yards
kalshi        49.5%    0.0%   99.0%          0          0 NFL     Josh Allen: 60,000+ Passing Yards
kalshi        49.5%    0.0%   99.0%          0          0 NFL     Josh Allen: 70,000+ Passing Yards
RUNNER LIVE MARKET SCOUT — Kalshi + Polymarket
Updated: 2026-09-29T01:28:54.742Z | persisted market events=39582 price events=39582
kalshi:UP 574ms
------------------------------------------------------------------------------------------------------------------------
PROVIDER       PROB     BID     ASK        LIQ        VOL SPORT   MARKET
kalshi        82.5%   80.0%   85.0%          0        757         Will Kylian Mbappe score at least 30 goals in the World Cup 
kalshi        17.5%   15.0%   20.0%          0      2,800         Will Kylian Mbappe score at least 35 goals in the World Cup 
kalshi         5.0%    4.0%    6.0%          0      3,080         Will Kylian Mbappe score at least 40 goals in the World Cup 
kalshi        49.5%    0.0%   99.0%          0          0 NFL     Derrick Henry: 14,000+ Rushing Yards
kalshi        49.5%    0.0%   99.0%          0          0 NFL     Derrick Henry: 15,000+ Rushing Yards
kalshi        49.5%    0.0%   99.0%          0          0 NFL     Derrick Henry: 16,000+ Rushing Yards
kalshi        49.5%    0.0%   99.0%          0          0 NFL     Derrick Henry: 17,000+ Rushing Yards
kalshi        49.5%    0.0%   99.0%          0          0 NFL     Derrick Henry: 18,000+ Rushing Yards
kalshi        49.5%    0.0%   99.0%          0          0 NFL     Derrick Henry: 18,356+ Rushing Yards
kalshi        49.5%    0.0%   99.0%          0          0 NFL     Mike Evans: 14,000+ Receiving Yards
kalshi        49.5%    0.0%   99.0%          0          0 NFL     Mike Evans: 15,000+ Receiving Yards
kalshi        49.5%    0.0%   99.0%          0          0 NFL     Mike Evans: 16,000+ Receiving Yards
kalshi        49.5%    0.0%   99.0%          0          0 NFL     Mike Evans: 17,000+ Receiving Yards
kalshi        49.5%    0.0%   99.0%          0          0 NFL     Mike Evans: 18,000+ Receiving Yards
kalshi        49.5%    0.0%   99.0%          0          0 NFL     Mike Evans: 19,000+ Receiving Yards
kalshi        49.5%    0.0%   99.0%          0          0 NFL     Mike Evans: 20,000+ Receiving Yards
kalshi        49.5%    0.0%   99.0%          0          0 NFL     Mike Evans: 21,000+ Receiving Yards
kalshi        49.5%    0.0%   99.0%          0          0 NFL     Mike Evans: 22,000+ Receiving Yards
kalshi        49.5%    0.0%   99.0%          0          0 NFL     Mike Evans: 22,896+ Receiving Yards
kalshi        96.5%   94.0%   99.0%          0          0 NFL     Patrick Mahomes: 40,000+ Passing Yards
kalshi        87.5%   83.0%   92.0%          0          0 NFL     Patrick Mahomes: 50,000+ Passing Yards
kalshi        63.5%   59.0%   68.0%          0          0 NFL     Patrick Mahomes: 60,000+ Passing Yards
kalshi        38.5%   34.0%   43.0%          0          0 NFL     Patrick Mahomes: 70,000+ Passing Yards
kalshi        16.5%   12.0%   21.0%          0          0 NFL     Patrick Mahomes: 80,000+ Passing Yards
kalshi         5.5%    1.0%   10.0%          0          0 NFL     Patrick Mahomes: 89,215+ Passing Yards
kalshi        49.5%    0.0%   99.0%          0          0 NFL     Josh Allen: 35,000+ Passing Yards
kalshi        49.5%    0.0%   99.0%          0          0 NFL     Josh Allen: 40,000+ Passing Yards
kalshi        49.5%    0.0%   99.0%          0          0 NFL     Josh Allen: 50,000+ Passing Yards
kalshi        49.5%    0.0%   99.0%          0          0 NFL     Josh Allen: 60,000+ Passing Yards
kalshi        49.5%    0.0%   99.0%          0          0 NFL     Josh Allen: 70,000+ Passing Yards
RUNNER LIVE MARKET SCOUT — Kalshi + Polymarket
Updated: 2026-09-29T01:29:26.284Z | persisted market events=39582 price events=39582
kalshi:UP 1013ms
------------------------------------------------------------------------------------------------------------------------
PROVIDER       PROB     BID     ASK        LIQ        VOL SPORT   MARKET
kalshi        82.5%   80.0%   85.0%          0        757         Will Kylian Mbappe score at least 30 goals in the World Cup 
kalshi        17.5%   15.0%   20.0%          0      2,800         Will Kylian Mbappe score at least 35 goals in the World Cup 
kalshi         5.0%    4.0%    6.0%          0      3,080         Will Kylian Mbappe score at least 40 goals in the World Cup 
kalshi        49.5%    0.0%   99.0%          0          0 NFL     Derrick Henry: 14,000+ Rushing Yards
kalshi        49.5%    0.0%   99.0%          0          0 NFL     Derrick Henry: 15,000+ Rushing Yards
kalshi        49.5%    0.0%   99.0%          0          0 NFL     Derrick Henry: 16,000+ Rushing Yards
kalshi        49.5%    0.0%   99.0%          0          0 NFL     Derrick Henry: 17,000+ Rushing Yards
kalshi        49.5%    0.0%   99.0%          0          0 NFL     Derrick Henry: 18,000+ Rushing Yards
kalshi        49.5%    0.0%   99.0%          0          0 NFL     Derrick Henry: 18,356+ Rushing Yards
kalshi        49.5%    0.0%   99.0%          0          0 NFL     Mike Evans: 14,000+ Receiving Yards
kalshi        49.5%    0.0%   99.0%          0          0 NFL     Mike Evans: 15,000+ Receiving Yards
kalshi        49.5%    0.0%   99.0%          0          0 NFL     Mike Evans: 16,000+ Receiving Yards
kalshi        49.5%    0.0%   99.0%          0          0 NFL     Mike Evans: 17,000+ Receiving Yards
kalshi        49.5%    0.0%   99.0%          0          0 NFL     Mike Evans: 18,000+ Receiving Yards
kalshi        49.5%    0.0%   99.0%          0          0 NFL     Mike Evans: 19,000+ Receiving Yards
kalshi        49.5%    0.0%   99.0%          0          0 NFL     Mike Evans: 20,000+ Receiving Yards
kalshi        49.5%    0.0%   99.0%          0          0 NFL     Mike Evans: 21,000+ Receiving Yards
kalshi        49.5%    0.0%   99.0%          0          0 NFL     Mike Evans: 22,000+ Receiving Yards
kalshi        49.5%    0.0%   99.0%          0          0 NFL     Mike Evans: 22,896+ Receiving Yards
kalshi        96.5%   94.0%   99.0%          0          0 NFL     Patrick Mahomes: 40,000+ Passing Yards
kalshi        87.5%   83.0%   92.0%          0          0 NFL     Patrick Mahomes: 50,000+ Passing Yards
kalshi        63.5%   59.0%   68.0%          0          0 NFL     Patrick Mahomes: 60,000+ Passing Yards
kalshi        38.5%   34.0%   43.0%          0          0 NFL     Patrick Mahomes: 70,000+ Passing Yards
kalshi        16.5%   12.0%   21.0%          0          0 NFL     Patrick Mahomes: 80,000+ Passing Yards
kalshi         5.5%    1.0%   10.0%          0          0 NFL     Patrick Mahomes: 89,215+ Passing Yards
kalshi        49.5%    0.0%   99.0%          0          0 NFL     Josh Allen: 35,000+ Passing Yards
kalshi        49.5%    0.0%   99.0%          0          0 NFL     Josh Allen: 40,000+ Passing Yards
kalshi        49.5%    0.0%   99.0%          0          0 NFL     Josh Allen: 50,000+ Passing Yards
kalshi        49.5%    0.0%   99.0%          0          0 NFL     Josh Allen: 60,000+ Passing Yards
kalshi        49.5%    0.0%   99.0%          0          0 NFL     Josh Allen: 70,000+ Passing Yards
RUNNER LIVE MARKET SCOUT — Kalshi + Polymarket
Updated: 2026-09-29T01:29:57.386Z | persisted market events=39582 price events=39582
kalshi:UP 585ms
------------------------------------------------------------------------------------------------------------------------
PROVIDER       PROB     BID     ASK        LIQ        VOL SPORT   MARKET
kalshi        82.5%   80.0%   85.0%          0        757         Will Kylian Mbappe score at least 30 goals in the World Cup 
kalshi        17.5%   15.0%   20.0%          0      2,800         Will Kylian Mbappe score at least 35 goals in the World Cup 
kalshi         5.0%    4.0%    6.0%          0      3,080         Will Kylian Mbappe score at least 40 goals in the World Cup 
kalshi        49.5%    0.0%   99.0%          0          0 NFL     Derrick Henry: 14,000+ Rushing Yards
kalshi        49.5%    0.0%   99.0%          0          0 NFL     Derrick Henry: 15,000+ Rushing Yards
kalshi        49.5%    0.0%   99.0%          0          0 NFL     Derrick Henry: 16,000+ Rushing Yards
kalshi        49.5%    0.0%   99.0%          0          0 NFL     Derrick Henry: 17,000+ Rushing Yards
kalshi        49.5%    0.0%   99.0%          0          0 NFL     Derrick Henry: 18,000+ Rushing Yards
kalshi        49.5%    0.0%   99.0%          0          0 NFL     Derrick Henry: 18,356+ Rushing Yards
kalshi        49.5%    0.0%   99.0%          0          0 NFL     Mike Evans: 14,000+ Receiving Yards
kalshi        49.5%    0.0%   99.0%          0          0 NFL     Mike Evans: 15,000+ Receiving Yards
kalshi        49.5%    0.0%   99.0%          0          0 NFL     Mike Evans: 16,000+ Receiving Yards
kalshi        49.5%    0.0%   99.0%          0          0 NFL     Mike Evans: 17,000+ Receiving Yards
kalshi        49.5%    0.0%   99.0%          0          0 NFL     Mike Evans: 18,000+ Receiving Yards
kalshi        49.5%    0.0%   99.0%          0          0 NFL     Mike Evans: 19,000+ Receiving Yards
kalshi        49.5%    0.0%   99.0%          0          0 NFL     Mike Evans: 20,000+ Receiving Yards
kalshi        49.5%    0.0%   99.0%          0          0 NFL     Mike Evans: 21,000+ Receiving Yards
kalshi        49.5%    0.0%   99.0%          0          0 NFL     Mike Evans: 22,000+ Receiving Yards
kalshi        49.5%    0.0%   99.0%          0          0 NFL     Mike Evans: 22,896+ Receiving Yards
kalshi        96.5%   94.0%   99.0%          0          0 NFL     Patrick Mahomes: 40,000+ Passing Yards
kalshi        87.5%   83.0%   92.0%          0          0 NFL     Patrick Mahomes: 50,000+ Passing Yards
kalshi        63.5%   59.0%   68.0%          0          0 NFL     Patrick Mahomes: 60,000+ Passing Yards
kalshi        38.5%   34.0%   43.0%          0          0 NFL     Patrick Mahomes: 70,000+ Passing Yards
kalshi        16.5%   12.0%   21.0%          0          0 NFL     Patrick Mahomes: 80,000+ Passing Yards
kalshi         5.5%    1.0%   10.0%          0          0 NFL     Patrick Mahomes: 89,215+ Passing Yards
kalshi        49.5%    0.0%   99.0%          0          0 NFL     Josh Allen: 35,000+ Passing Yards
kalshi        49.5%    0.0%   99.0%          0          0 NFL     Josh Allen: 40,000+ Passing Yards
kalshi        49.5%    0.0%   99.0%          0          0 NFL     Josh Allen: 50,000+ Passing Yards
kalshi        49.5%    0.0%   99.0%          0          0 NFL     Josh Allen: 60,000+ Passing Yards
kalshi        49.5%    0.0%   99.0%          0          0 NFL     Josh Allen: 70,000+ Passing Yards
RUNNER LIVE MARKET SCOUT — Kalshi + Polymarket
Updated: 2026-09-29T01:30:28.929Z | persisted market events=39582 price events=39582
kalshi:UP 864ms
------------------------------------------------------------------------------------------------------------------------
PROVIDER       PROB     BID     ASK        LIQ        VOL SPORT   MARKET
kalshi        82.5%   80.0%   85.0%          0        757         Will Kylian Mbappe score at least 30 goals in the World Cup 
kalshi        16.0%   15.0%   17.0%          0      2,800         Will Kylian Mbappe score at least 35 goals in the World Cup 
kalshi         5.0%    4.0%    6.0%          0      3,080         Will Kylian Mbappe score at least 40 goals in the World Cup 
kalshi        49.5%    0.0%   99.0%          0          0 NFL     Derrick Henry: 14,000+ Rushing Yards
kalshi        49.5%    0.0%   99.0%          0          0 NFL     Derrick Henry: 15,000+ Rushing Yards
kalshi        49.5%    0.0%   99.0%          0          0 NFL     Derrick Henry: 16,000+ Rushing Yards
kalshi        49.5%    0.0%   99.0%          0          0 NFL     Derrick Henry: 17,000+ Rushing Yards
kalshi        49.5%    0.0%   99.0%          0          0 NFL     Derrick Henry: 18,000+ Rushing Yards
kalshi        49.5%    0.0%   99.0%          0          0 NFL     Derrick Henry: 18,356+ Rushing Yards
kalshi        49.5%    0.0%   99.0%          0          0 NFL     Mike Evans: 14,000+ Receiving Yards
kalshi        49.5%    0.0%   99.0%          0          0 NFL     Mike Evans: 15,000+ Receiving Yards
kalshi        49.5%    0.0%   99.0%          0          0 NFL     Mike Evans: 16,000+ Receiving Yards
kalshi        49.5%    0.0%   99.0%          0          0 NFL     Mike Evans: 17,000+ Receiving Yards
kalshi        49.5%    0.0%   99.0%          0          0 NFL     Mike Evans: 18,000+ Receiving Yards
kalshi        49.5%    0.0%   99.0%          0          0 NFL     Mike Evans: 19,000+ Receiving Yards
kalshi        49.5%    0.0%   99.0%          0          0 NFL     Mike Evans: 20,000+ Receiving Yards
kalshi        49.5%    0.0%   99.0%          0          0 NFL     Mike Evans: 21,000+ Receiving Yards
kalshi        49.5%    0.0%   99.0%          0          0 NFL     Mike Evans: 22,000+ Receiving Yards
kalshi        49.5%    0.0%   99.0%          0          0 NFL     Mike Evans: 22,896+ Receiving Yards
kalshi        96.5%   94.0%   99.0%          0          0 NFL     Patrick Mahomes: 40,000+ Passing Yards
kalshi        87.5%   83.0%   92.0%          0          0 NFL     Patrick Mahomes: 50,000+ Passing Yards
kalshi        63.5%   59.0%   68.0%          0          0 NFL     Patrick Mahomes: 60,000+ Passing Yards
kalshi        38.5%   34.0%   43.0%          0          0 NFL     Patrick Mahomes: 70,000+ Passing Yards
kalshi        16.5%   12.0%   21.0%          0          0 NFL     Patrick Mahomes: 80,000+ Passing Yards
kalshi         5.5%    1.0%   10.0%          0          0 NFL     Patrick Mahomes: 89,215+ Passing Yards
kalshi        49.5%    0.0%   99.0%          0          0 NFL     Josh Allen: 35,000+ Passing Yards
kalshi        49.5%    0.0%   99.0%          0          0 NFL     Josh Allen: 40,000+ Passing Yards
kalshi        49.5%    0.0%   99.0%          0          0 NFL     Josh Allen: 50,000+ Passing Yards
kalshi        49.5%    0.0%   99.0%          0          0 NFL     Josh Allen: 60,000+ Passing Yards
kalshi        49.5%    0.0%   99.0%          0          0 NFL     Josh Allen: 70,000+ Passing Yards
RUNNER LIVE MARKET SCOUT — Kalshi + Polymarket
Updated: 2026-09-29T01:30:59.862Z | persisted market events=39582 price events=39582
kalshi:UP 582ms
------------------------------------------------------------------------------------------------------------------------
PROVIDER       PROB     BID     ASK        LIQ        VOL SPORT   MARKET
kalshi        82.5%   80.0%   85.0%          0        757         Will Kylian Mbappe score at least 30 goals in the World Cup 
kalshi        16.0%   15.0%   17.0%          0      2,800         Will Kylian Mbappe score at least 35 goals in the World Cup 
kalshi         5.0%    4.0%    6.0%          0      3,080         Will Kylian Mbappe score at least 40 goals in the World Cup 
kalshi        49.5%    0.0%   99.0%          0          0 NFL     Derrick Henry: 14,000+ Rushing Yards
kalshi        49.5%    0.0%   99.0%          0          0 NFL     Derrick Henry: 15,000+ Rushing Yards
kalshi        49.5%    0.0%   99.0%          0          0 NFL     Derrick Henry: 16,000+ Rushing Yards
kalshi        49.5%    0.0%   99.0%          0          0 NFL     Derrick Henry: 17,000+ Rushing Yards
kalshi        49.5%    0.0%   99.0%          0          0 NFL     Derrick Henry: 18,000+ Rushing Yards
kalshi        49.5%    0.0%   99.0%          0          0 NFL     Derrick Henry: 18,356+ Rushing Yards
kalshi        49.5%    0.0%   99.0%          0          0 NFL     Mike Evans: 14,000+ Receiving Yards
kalshi        49.5%    0.0%   99.0%          0          0 NFL     Mike Evans: 15,000+ Receiving Yards
kalshi        49.5%    0.0%   99.0%          0          0 NFL     Mike Evans: 16,000+ Receiving Yards
kalshi        49.5%    0.0%   99.0%          0          0 NFL     Mike Evans: 17,000+ Receiving Yards
kalshi        49.5%    0.0%   99.0%          0          0 NFL     Mike Evans: 18,000+ Receiving Yards
kalshi        49.5%    0.0%   99.0%          0          0 NFL     Mike Evans: 19,000+ Receiving Yards
kalshi        49.5%    0.0%   99.0%          0          0 NFL     Mike Evans: 20,000+ Receiving Yards
kalshi        49.5%    0.0%   99.0%          0          0 NFL     Mike Evans: 21,000+ Receiving Yards
kalshi        49.5%    0.0%   99.0%          0          0 NFL     Mike Evans: 22,000+ Receiving Yards
kalshi        49.5%    0.0%   99.0%          0          0 NFL     Mike Evans: 22,896+ Receiving Yards
kalshi        96.5%   94.0%   99.0%          0          0 NFL     Patrick Mahomes: 40,000+ Passing Yards
kalshi        87.5%   83.0%   92.0%          0          0 NFL     Patrick Mahomes: 50,000+ Passing Yards
kalshi        63.5%   59.0%   68.0%          0          0 NFL     Patrick Mahomes: 60,000+ Passing Yards
kalshi        38.5%   34.0%   43.0%          0          0 NFL     Patrick Mahomes: 70,000+ Passing Yards
kalshi        16.5%   12.0%   21.0%          0          0 NFL     Patrick Mahomes: 80,000+ Passing Yards
kalshi         5.5%    1.0%   10.0%          0          0 NFL     Patrick Mahomes: 89,215+ Passing Yards
kalshi        49.5%    0.0%   99.0%          0          0 NFL     Josh Allen: 35,000+ Passing Yards
kalshi        49.5%    0.0%   99.0%          0          0 NFL     Josh Allen: 40,000+ Passing Yards
kalshi        49.5%    0.0%   99.0%          0          0 NFL     Josh Allen: 50,000+ Passing Yards
kalshi        49.5%    0.0%   99.0%          0          0 NFL     Josh Allen: 60,000+ Passing Yards
kalshi        49.5%    0.0%   99.0%          0          0 NFL     Josh Allen: 70,000+ Passing Yards
RUNNER LIVE MARKET SCOUT — Kalshi + Polymarket
Updated: 2026-09-29T01:31:31.102Z | persisted market events=39583 price events=39583
kalshi:UP 663ms
------------------------------------------------------------------------------------------------------------------------
PROVIDER       PROB     BID     ASK        LIQ        VOL SPORT   MARKET
kalshi        82.5%   80.0%   85.0%          0        757         Will Kylian Mbappe score at least 30 goals in the World Cup 
kalshi        17.5%   15.0%   20.0%          0      2,800         Will Kylian Mbappe score at least 35 goals in the World Cup 
kalshi         5.0%    4.0%    6.0%          0      3,080         Will Kylian Mbappe score at least 40 goals in the World Cup 
kalshi        49.5%    0.0%   99.0%          0          0 NFL     Derrick Henry: 14,000+ Rushing Yards
kalshi        49.5%    0.0%   99.0%          0          0 NFL     Derrick Henry: 15,000+ Rushing Yards
kalshi        49.5%    0.0%   99.0%          0          0 NFL     Derrick Henry: 16,000+ Rushing Yards
kalshi        49.5%    0.0%   99.0%          0          0 NFL     Derrick Henry: 17,000+ Rushing Yards
kalshi        49.5%    0.0%   99.0%          0          0 NFL     Derrick Henry: 18,000+ Rushing Yards
kalshi        49.5%    0.0%   99.0%          0          0 NFL     Derrick Henry: 18,356+ Rushing Yards
kalshi        49.5%    0.0%   99.0%          0          0 NFL     Mike Evans: 14,000+ Receiving Yards
kalshi        49.5%    0.0%   99.0%          0          0 NFL     Mike Evans: 15,000+ Receiving Yards
kalshi        49.5%    0.0%   99.0%          0          0 NFL     Mike Evans: 16,000+ Receiving Yards
kalshi        49.5%    0.0%   99.0%          0          0 NFL     Mike Evans: 17,000+ Receiving Yards
kalshi        49.5%    0.0%   99.0%          0          0 NFL     Mike Evans: 18,000+ Receiving Yards
kalshi        49.5%    0.0%   99.0%          0          0 NFL     Mike Evans: 19,000+ Receiving Yards
kalshi        49.5%    0.0%   99.0%          0          0 NFL     Mike Evans: 20,000+ Receiving Yards
kalshi        49.5%    0.0%   99.0%          0          0 NFL     Mike Evans: 21,000+ Receiving Yards
kalshi        49.5%    0.0%   99.0%          0          0 NFL     Mike Evans: 22,000+ Receiving Yards
kalshi        49.5%    0.0%   99.0%          0          0 NFL     Mike Evans: 22,896+ Receiving Yards
kalshi        96.5%   94.0%   99.0%          0          0 NFL     Patrick Mahomes: 40,000+ Passing Yards
kalshi        87.5%   83.0%   92.0%          0          0 NFL     Patrick Mahomes: 50,000+ Passing Yards
kalshi        63.5%   59.0%   68.0%          0          0 NFL     Patrick Mahomes: 60,000+ Passing Yards
kalshi        38.5%   34.0%   43.0%          0          0 NFL     Patrick Mahomes: 70,000+ Passing Yards
kalshi        16.5%   12.0%   21.0%          0          0 NFL     Patrick Mahomes: 80,000+ Passing Yards
kalshi         5.5%    1.0%   10.0%          0          0 NFL     Patrick Mahomes: 89,215+ Passing Yards
kalshi        49.5%    0.0%   99.0%          0          0 NFL     Josh Allen: 35,000+ Passing Yards
kalshi        49.5%    0.0%   99.0%          0          0 NFL     Josh Allen: 40,000+ Passing Yards
kalshi        49.5%    0.0%   99.0%          0          0 NFL     Josh Allen: 50,000+ Passing Yards
kalshi        49.5%    0.0%   99.0%          0          0 NFL     Josh Allen: 60,000+ Passing Yards
kalshi        49.5%    0.0%   99.0%          0          0 NFL     Josh Allen: 70,000+ Passing Yards
RUNNER LIVE MARKET SCOUT — Kalshi + Polymarket
Updated: 2026-09-29T01:32:02.663Z | persisted market events=39583 price events=39583
kalshi:UP 978ms
------------------------------------------------------------------------------------------------------------------------
PROVIDER       PROB     BID     ASK        LIQ        VOL SPORT   MARKET
kalshi        82.5%   80.0%   85.0%          0        757         Will Kylian Mbappe score at least 30 goals in the World Cup 
kalshi        17.5%   15.0%   20.0%          0      2,800         Will Kylian Mbappe score at least 35 goals in the World Cup 
kalshi         5.0%    4.0%    6.0%          0      3,080         Will Kylian Mbappe score at least 40 goals in the World Cup 
kalshi        49.5%    0.0%   99.0%          0          0 NFL     Derrick Henry: 14,000+ Rushing Yards
kalshi        49.5%    0.0%   99.0%          0          0 NFL     Derrick Henry: 15,000+ Rushing Yards
kalshi        49.5%    0.0%   99.0%          0          0 NFL     Derrick Henry: 16,000+ Rushing Yards
kalshi        49.5%    0.0%   99.0%          0          0 NFL     Derrick Henry: 17,000+ Rushing Yards
kalshi        49.5%    0.0%   99.0%          0          0 NFL     Derrick Henry: 18,000+ Rushing Yards
kalshi        49.5%    0.0%   99.0%          0          0 NFL     Derrick Henry: 18,356+ Rushing Yards
kalshi        49.5%    0.0%   99.0%          0          0 NFL     Mike Evans: 14,000+ Receiving Yards
kalshi        49.5%    0.0%   99.0%          0          0 NFL     Mike Evans: 15,000+ Receiving Yards
kalshi        49.5%    0.0%   99.0%          0          0 NFL     Mike Evans: 16,000+ Receiving Yards
kalshi        49.5%    0.0%   99.0%          0          0 NFL     Mike Evans: 17,000+ Receiving Yards
kalshi        49.5%    0.0%   99.0%          0          0 NFL     Mike Evans: 18,000+ Receiving Yards
kalshi        49.5%    0.0%   99.0%          0          0 NFL     Mike Evans: 19,000+ Receiving Yards
kalshi        49.5%    0.0%   99.0%          0          0 NFL     Mike Evans: 20,000+ Receiving Yards
kalshi        49.5%    0.0%   99.0%          0          0 NFL     Mike Evans: 21,000+ Receiving Yards
kalshi        49.5%    0.0%   99.0%          0          0 NFL     Mike Evans: 22,000+ Receiving Yards
kalshi        49.5%    0.0%   99.0%          0          0 NFL     Mike Evans: 22,896+ Receiving Yards
kalshi        96.5%   94.0%   99.0%          0          0 NFL     Patrick Mahomes: 40,000+ Passing Yards
kalshi        87.5%   83.0%   92.0%          0          0 NFL     Patrick Mahomes: 50,000+ Passing Yards
kalshi        63.5%   59.0%   68.0%          0          0 NFL     Patrick Mahomes: 60,000+ Passing Yards
kalshi        38.5%   34.0%   43.0%          0          0 NFL     Patrick Mahomes: 70,000+ Passing Yards
kalshi        16.5%   12.0%   21.0%          0          0 NFL     Patrick Mahomes: 80,000+ Passing Yards
kalshi         5.5%    1.0%   10.0%          0          0 NFL     Patrick Mahomes: 89,215+ Passing Yards
kalshi        49.5%    0.0%   99.0%          0          0 NFL     Josh Allen: 35,000+ Passing Yards
kalshi        49.5%    0.0%   99.0%          0          0 NFL     Josh Allen: 40,000+ Passing Yards
kalshi        49.5%    0.0%   99.0%          0          0 NFL     Josh Allen: 50,000+ Passing Yards
kalshi        49.5%    0.0%   99.0%          0          0 NFL     Josh Allen: 60,000+ Passing Yards
kalshi        49.5%    0.0%   99.0%          0          0 NFL     Josh Allen: 70,000+ Passing Yards
RUNNER LIVE MARKET SCOUT — Kalshi + Polymarket
Updated: 2026-09-29T01:32:33.815Z | persisted market events=39583 price events=39583
kalshi:UP 566ms
------------------------------------------------------------------------------------------------------------------------
PROVIDER       PROB     BID     ASK        LIQ        VOL SPORT   MARKET
kalshi        82.5%   80.0%   85.0%          0        757         Will Kylian Mbappe score at least 30 goals in the World Cup 
kalshi        17.5%   15.0%   20.0%          0      2,800         Will Kylian Mbappe score at least 35 goals in the World Cup 
kalshi         5.0%    4.0%    6.0%          0      3,080         Will Kylian Mbappe score at least 40 goals in the World Cup 
kalshi        49.5%    0.0%   99.0%          0          0 NFL     Derrick Henry: 14,000+ Rushing Yards
kalshi        49.5%    0.0%   99.0%          0          0 NFL     Derrick Henry: 15,000+ Rushing Yards
kalshi        49.5%    0.0%   99.0%          0          0 NFL     Derrick Henry: 16,000+ Rushing Yards
kalshi        49.5%    0.0%   99.0%          0          0 NFL     Derrick Henry: 17,000+ Rushing Yards
kalshi        49.5%    0.0%   99.0%          0          0 NFL     Derrick Henry: 18,000+ Rushing Yards
kalshi        49.5%    0.0%   99.0%          0          0 NFL     Derrick Henry: 18,356+ Rushing Yards
kalshi        49.5%    0.0%   99.0%          0          0 NFL     Mike Evans: 14,000+ Receiving Yards
kalshi        49.5%    0.0%   99.0%          0          0 NFL     Mike Evans: 15,000+ Receiving Yards
kalshi        49.5%    0.0%   99.0%          0          0 NFL     Mike Evans: 16,000+ Receiving Yards
kalshi        49.5%    0.0%   99.0%          0          0 NFL     Mike Evans: 17,000+ Receiving Yards
kalshi        49.5%    0.0%   99.0%          0          0 NFL     Mike Evans: 18,000+ Receiving Yards
kalshi        49.5%    0.0%   99.0%          0          0 NFL     Mike Evans: 19,000+ Receiving Yards
kalshi        49.5%    0.0%   99.0%          0          0 NFL     Mike Evans: 20,000+ Receiving Yards
kalshi        49.5%    0.0%   99.0%          0          0 NFL     Mike Evans: 21,000+ Receiving Yards
kalshi        49.5%    0.0%   99.0%          0          0 NFL     Mike Evans: 22,000+ Receiving Yards
kalshi        49.5%    0.0%   99.0%          0          0 NFL     Mike Evans: 22,896+ Receiving Yards
kalshi        96.5%   94.0%   99.0%          0          0 NFL     Patrick Mahomes: 40,000+ Passing Yards
kalshi        87.5%   83.0%   92.0%          0          0 NFL     Patrick Mahomes: 50,000+ Passing Yards
kalshi        63.5%   59.0%   68.0%          0          0 NFL     Patrick Mahomes: 60,000+ Passing Yards
kalshi        38.5%   34.0%   43.0%          0          0 NFL     Patrick Mahomes: 70,000+ Passing Yards
kalshi        16.5%   12.0%   21.0%          0          0 NFL     Patrick Mahomes: 80,000+ Passing Yards
kalshi         5.5%    1.0%   10.0%          0          0 NFL     Patrick Mahomes: 89,215+ Passing Yards
kalshi        49.5%    0.0%   99.0%          0          0 NFL     Josh Allen: 35,000+ Passing Yards
kalshi        49.5%    0.0%   99.0%          0          0 NFL     Josh Allen: 40,000+ Passing Yards
kalshi        49.5%    0.0%   99.0%          0          0 NFL     Josh Allen: 50,000+ Passing Yards
kalshi        49.5%    0.0%   99.0%          0          0 NFL     Josh Allen: 60,000+ Passing Yards
kalshi        49.5%    0.0%   99.0%          0          0 NFL     Josh Allen: 70,000+ Passing Yards
RUNNER LIVE MARKET SCOUT — Kalshi + Polymarket
Updated: 2026-09-29T01:33:05.249Z | persisted market events=39583 price events=39583
kalshi:UP 570ms
------------------------------------------------------------------------------------------------------------------------
PROVIDER       PROB     BID     ASK        LIQ        VOL SPORT   MARKET
kalshi        82.5%   80.0%   85.0%          0        757         Will Kylian Mbappe score at least 30 goals in the World Cup 
kalshi        16.0%   15.0%   17.0%          0      2,800         Will Kylian Mbappe score at least 35 goals in the World Cup 
kalshi         5.0%    4.0%    6.0%          0      3,080         Will Kylian Mbappe score at least 40 goals in the World Cup 
kalshi        49.5%    0.0%   99.0%          0          0 NFL     Derrick Henry: 14,000+ Rushing Yards
kalshi        49.5%    0.0%   99.0%          0          0 NFL     Derrick Henry: 15,000+ Rushing Yards
kalshi        49.5%    0.0%   99.0%          0          0 NFL     Derrick Henry: 16,000+ Rushing Yards
kalshi        49.5%    0.0%   99.0%          0          0 NFL     Derrick Henry: 17,000+ Rushing Yards
kalshi        49.5%    0.0%   99.0%          0          0 NFL     Derrick Henry: 18,000+ Rushing Yards
kalshi        49.5%    0.0%   99.0%          0          0 NFL     Derrick Henry: 18,356+ Rushing Yards
kalshi        49.5%    0.0%   99.0%          0          0 NFL     Mike Evans: 14,000+ Receiving Yards
kalshi        49.5%    0.0%   99.0%          0          0 NFL     Mike Evans: 15,000+ Receiving Yards
kalshi        49.5%    0.0%   99.0%          0          0 NFL     Mike Evans: 16,000+ Receiving Yards
kalshi        49.5%    0.0%   99.0%          0          0 NFL     Mike Evans: 17,000+ Receiving Yards
kalshi        49.5%    0.0%   99.0%          0          0 NFL     Mike Evans: 18,000+ Receiving Yards
kalshi        49.5%    0.0%   99.0%          0          0 NFL     Mike Evans: 19,000+ Receiving Yards
kalshi        49.5%    0.0%   99.0%          0          0 NFL     Mike Evans: 20,000+ Receiving Yards
kalshi        49.5%    0.0%   99.0%          0          0 NFL     Mike Evans: 21,000+ Receiving Yards
kalshi        49.5%    0.0%   99.0%          0          0 NFL     Mike Evans: 22,000+ Receiving Yards
kalshi        49.5%    0.0%   99.0%          0          0 NFL     Mike Evans: 22,896+ Receiving Yards
kalshi        96.5%   94.0%   99.0%          0          0 NFL     Patrick Mahomes: 40,000+ Passing Yards
kalshi        87.5%   83.0%   92.0%          0          0 NFL     Patrick Mahomes: 50,000+ Passing Yards
kalshi        63.5%   59.0%   68.0%          0          0 NFL     Patrick Mahomes: 60,000+ Passing Yards
kalshi        38.5%   34.0%   43.0%          0          0 NFL     Patrick Mahomes: 70,000+ Passing Yards
kalshi        16.5%   12.0%   21.0%          0          0 NFL     Patrick Mahomes: 80,000+ Passing Yards
kalshi         5.5%    1.0%   10.0%          0          0 NFL     Patrick Mahomes: 89,215+ Passing Yards
kalshi        49.5%    0.0%   99.0%          0          0 NFL     Josh Allen: 35,000+ Passing Yards
kalshi        49.5%    0.0%   99.0%          0          0 NFL     Josh Allen: 40,000+ Passing Yards
kalshi        49.5%    0.0%   99.0%          0          0 NFL     Josh Allen: 50,000+ Passing Yards
kalshi        49.5%    0.0%   99.0%          0          0 NFL     Josh Allen: 60,000+ Passing Yards
kalshi        49.5%    0.0%   99.0%          0          0 NFL     Josh Allen: 70,000+ Passing Yards
RUNNER LIVE MARKET SCOUT — Kalshi + Polymarket
Updated: 2026-09-29T01:33:36.341Z | persisted market events=39583 price events=39583
kalshi:UP 661ms
------------------------------------------------------------------------------------------------------------------------
PROVIDER       PROB     BID     ASK        LIQ        VOL SPORT   MARKET
kalshi        82.5%   80.0%   85.0%          0        757         Will Kylian Mbappe score at least 30 goals in the World Cup 
kalshi        16.0%   15.0%   17.0%          0      2,800         Will Kylian Mbappe score at least 35 goals in the World Cup 
kalshi         5.0%    4.0%    6.0%          0      3,080         Will Kylian Mbappe score at least 40 goals in the World Cup 
kalshi        49.5%    0.0%   99.0%          0          0 NFL     Derrick Henry: 14,000+ Rushing Yards
kalshi        49.5%    0.0%   99.0%          0          0 NFL     Derrick Henry: 15,000+ Rushing Yards
kalshi        49.5%    0.0%   99.0%          0          0 NFL     Derrick Henry: 16,000+ Rushing Yards
kalshi        49.5%    0.0%   99.0%          0          0 NFL     Derrick Henry: 17,000+ Rushing Yards
kalshi        49.5%    0.0%   99.0%          0          0 NFL     Derrick Henry: 18,000+ Rushing Yards
kalshi        49.5%    0.0%   99.0%          0          0 NFL     Derrick Henry: 18,356+ Rushing Yards
kalshi        49.5%    0.0%   99.0%          0          0 NFL     Mike Evans: 14,000+ Receiving Yards
kalshi        49.5%    0.0%   99.0%          0          0 NFL     Mike Evans: 15,000+ Receiving Yards
kalshi        49.5%    0.0%   99.0%          0          0 NFL     Mike Evans: 16,000+ Receiving Yards
kalshi        49.5%    0.0%   99.0%          0          0 NFL     Mike Evans: 17,000+ Receiving Yards
kalshi        49.5%    0.0%   99.0%          0          0 NFL     Mike Evans: 18,000+ Receiving Yards
kalshi        49.5%    0.0%   99.0%          0          0 NFL     Mike Evans: 19,000+ Receiving Yards
kalshi        49.5%    0.0%   99.0%          0          0 NFL     Mike Evans: 20,000+ Receiving Yards
kalshi        49.5%    0.0%   99.0%          0          0 NFL     Mike Evans: 21,000+ Receiving Yards
kalshi        49.5%    0.0%   99.0%          0          0 NFL     Mike Evans: 22,000+ Receiving Yards
kalshi        49.5%    0.0%   99.0%          0          0 NFL     Mike Evans: 22,896+ Receiving Yards
kalshi        96.5%   94.0%   99.0%          0          0 NFL     Patrick Mahomes: 40,000+ Passing Yards
kalshi        87.5%   83.0%   92.0%          0          0 NFL     Patrick Mahomes: 50,000+ Passing Yards
kalshi        63.5%   59.0%   68.0%          0          0 NFL     Patrick Mahomes: 60,000+ Passing Yards
kalshi        38.5%   34.0%   43.0%          0          0 NFL     Patrick Mahomes: 70,000+ Passing Yards
kalshi        16.5%   12.0%   21.0%          0          0 NFL     Patrick Mahomes: 80,000+ Passing Yards
kalshi         5.5%    1.0%   10.0%          0          0 NFL     Patrick Mahomes: 89,215+ Passing Yards
kalshi        49.5%    0.0%   99.0%          0          0 NFL     Josh Allen: 35,000+ Passing Yards
kalshi        49.5%    0.0%   99.0%          0          0 NFL     Josh Allen: 40,000+ Passing Yards
kalshi        49.5%    0.0%   99.0%          0          0 NFL     Josh Allen: 50,000+ Passing Yards
kalshi        49.5%    0.0%   99.0%          0          0 NFL     Josh Allen: 60,000+ Passing Yards
kalshi        49.5%    0.0%   99.0%          0          0 NFL     Josh Allen: 70,000+ Passing Yards
RUNNER LIVE MARKET SCOUT — Kalshi + Polymarket
Updated: 2026-09-29T01:34:07.341Z | persisted market events=39583 price events=39583
kalshi:UP 567ms
------------------------------------------------------------------------------------------------------------------------
PROVIDER       PROB     BID     ASK        LIQ        VOL SPORT   MARKET
kalshi        82.5%   80.0%   85.0%          0        757         Will Kylian Mbappe score at least 30 goals in the World Cup 
kalshi        17.5%   15.0%   20.0%          0      2,800         Will Kylian Mbappe score at least 35 goals in the World Cup 
kalshi         5.0%    4.0%    6.0%          0      3,080         Will Kylian Mbappe score at least 40 goals in the World Cup 
kalshi        49.5%    0.0%   99.0%          0          0 NFL     Derrick Henry: 14,000+ Rushing Yards
kalshi        49.5%    0.0%   99.0%          0          0 NFL     Derrick Henry: 15,000+ Rushing Yards
kalshi        49.5%    0.0%   99.0%          0          0 NFL     Derrick Henry: 16,000+ Rushing Yards
kalshi        49.5%    0.0%   99.0%          0          0 NFL     Derrick Henry: 17,000+ Rushing Yards
kalshi        49.5%    0.0%   99.0%          0          0 NFL     Derrick Henry: 18,000+ Rushing Yards
kalshi        49.5%    0.0%   99.0%          0          0 NFL     Derrick Henry: 18,356+ Rushing Yards
kalshi        49.5%    0.0%   99.0%          0          0 NFL     Mike Evans: 14,000+ Receiving Yards
kalshi        49.5%    0.0%   99.0%          0          0 NFL     Mike Evans: 15,000+ Receiving Yards
kalshi        49.5%    0.0%   99.0%          0          0 NFL     Mike Evans: 16,000+ Receiving Yards
kalshi        49.5%    0.0%   99.0%          0          0 NFL     Mike Evans: 17,000+ Receiving Yards
kalshi        49.5%    0.0%   99.0%          0          0 NFL     Mike Evans: 18,000+ Receiving Yards
kalshi        49.5%    0.0%   99.0%          0          0 NFL     Mike Evans: 19,000+ Receiving Yards
kalshi        49.5%    0.0%   99.0%          0          0 NFL     Mike Evans: 20,000+ Receiving Yards
kalshi        49.5%    0.0%   99.0%          0          0 NFL     Mike Evans: 21,000+ Receiving Yards
kalshi        49.5%    0.0%   99.0%          0          0 NFL     Mike Evans: 22,000+ Receiving Yards
kalshi        49.5%    0.0%   99.0%          0          0 NFL     Mike Evans: 22,896+ Receiving Yards
kalshi        96.5%   94.0%   99.0%          0          0 NFL     Patrick Mahomes: 40,000+ Passing Yards
kalshi        87.5%   83.0%   92.0%          0          0 NFL     Patrick Mahomes: 50,000+ Passing Yards
kalshi        63.5%   59.0%   68.0%          0          0 NFL     Patrick Mahomes: 60,000+ Passing Yards
kalshi        38.5%   34.0%   43.0%          0          0 NFL     Patrick Mahomes: 70,000+ Passing Yards
kalshi        16.5%   12.0%   21.0%          0          0 NFL     Patrick Mahomes: 80,000+ Passing Yards
kalshi         5.5%    1.0%   10.0%          0          0 NFL     Patrick Mahomes: 89,215+ Passing Yards
kalshi        49.5%    0.0%   99.0%          0          0 NFL     Josh Allen: 35,000+ Passing Yards
kalshi        49.5%    0.0%   99.0%          0          0 NFL     Josh Allen: 40,000+ Passing Yards
kalshi        49.5%    0.0%   99.0%          0          0 NFL     Josh Allen: 50,000+ Passing Yards
kalshi        49.5%    0.0%   99.0%          0          0 NFL     Josh Allen: 60,000+ Passing Yards
kalshi        49.5%    0.0%   99.0%          0          0 NFL     Josh Allen: 70,000+ Passing Yards
RUNNER LIVE MARKET SCOUT — Kalshi + Polymarket
Updated: 2026-09-29T01:34:38.391Z | persisted market events=39583 price events=39583
kalshi:UP 643ms
------------------------------------------------------------------------------------------------------------------------
PROVIDER       PROB     BID     ASK        LIQ        VOL SPORT   MARKET
kalshi        82.5%   80.0%   85.0%          0        757         Will Kylian Mbappe score at least 30 goals in the World Cup 
kalshi        17.5%   15.0%   20.0%          0      2,800         Will Kylian Mbappe score at least 35 goals in the World Cup 
kalshi         5.0%    4.0%    6.0%          0      3,080         Will Kylian Mbappe score at least 40 goals in the World Cup 
kalshi        49.5%    0.0%   99.0%          0          0 NFL     Derrick Henry: 14,000+ Rushing Yards
kalshi        49.5%    0.0%   99.0%          0          0 NFL     Derrick Henry: 15,000+ Rushing Yards
kalshi        49.5%    0.0%   99.0%          0          0 NFL     Derrick Henry: 16,000+ Rushing Yards
kalshi        49.5%    0.0%   99.0%          0          0 NFL     Derrick Henry: 17,000+ Rushing Yards
kalshi        49.5%    0.0%   99.0%          0          0 NFL     Derrick Henry: 18,000+ Rushing Yards
kalshi        49.5%    0.0%   99.0%          0          0 NFL     Derrick Henry: 18,356+ Rushing Yards
kalshi        49.5%    0.0%   99.0%          0          0 NFL     Mike Evans: 14,000+ Receiving Yards
kalshi        49.5%    0.0%   99.0%          0          0 NFL     Mike Evans: 15,000+ Receiving Yards
kalshi        49.5%    0.0%   99.0%          0          0 NFL     Mike Evans: 16,000+ Receiving Yards
kalshi        49.5%    0.0%   99.0%          0          0 NFL     Mike Evans: 17,000+ Receiving Yards
kalshi        49.5%    0.0%   99.0%          0          0 NFL     Mike Evans: 18,000+ Receiving Yards
kalshi        49.5%    0.0%   99.0%          0          0 NFL     Mike Evans: 19,000+ Receiving Yards
kalshi        49.5%    0.0%   99.0%          0          0 NFL     Mike Evans: 20,000+ Receiving Yards
kalshi        49.5%    0.0%   99.0%          0          0 NFL     Mike Evans: 21,000+ Receiving Yards
kalshi        49.5%    0.0%   99.0%          0          0 NFL     Mike Evans: 22,000+ Receiving Yards
kalshi        49.5%    0.0%   99.0%          0          0 NFL     Mike Evans: 22,896+ Receiving Yards
kalshi        96.5%   94.0%   99.0%          0          0 NFL     Patrick Mahomes: 40,000+ Passing Yards
kalshi        87.5%   83.0%   92.0%          0          0 NFL     Patrick Mahomes: 50,000+ Passing Yards
kalshi        63.5%   59.0%   68.0%          0          0 NFL     Patrick Mahomes: 60,000+ Passing Yards
kalshi        38.5%   34.0%   43.0%          0          0 NFL     Patrick Mahomes: 70,000+ Passing Yards
kalshi        16.5%   12.0%   21.0%          0          0 NFL     Patrick Mahomes: 80,000+ Passing Yards
kalshi         5.5%    1.0%   10.0%          0          0 NFL     Patrick Mahomes: 89,215+ Passing Yards
kalshi        49.5%    0.0%   99.0%          0          0 NFL     Josh Allen: 35,000+ Passing Yards
kalshi        49.5%    0.0%   99.0%          0          0 NFL     Josh Allen: 40,000+ Passing Yards
kalshi        49.5%    0.0%   99.0%          0          0 NFL     Josh Allen: 50,000+ Passing Yards
kalshi        49.5%    0.0%   99.0%          0          0 NFL     Josh Allen: 60,000+ Passing Yards
kalshi        49.5%    0.0%   99.0%          0          0 NFL     Josh Allen: 70,000+ Passing Yards
RUNNER LIVE MARKET SCOUT — Kalshi + Polymarket
Updated: 2026-09-29T01:35:09.549Z | persisted market events=39583 price events=39583
kalshi:UP 639ms
------------------------------------------------------------------------------------------------------------------------
PROVIDER       PROB     BID     ASK        LIQ        VOL SPORT   MARKET
kalshi        82.5%   80.0%   85.0%          0        757         Will Kylian Mbappe score at least 30 goals in the World Cup 
kalshi        17.5%   15.0%   20.0%          0      2,800         Will Kylian Mbappe score at least 35 goals in the World Cup 
kalshi         5.0%    4.0%    6.0%          0      3,080         Will Kylian Mbappe score at least 40 goals in the World Cup 
kalshi        49.5%    0.0%   99.0%          0          0 NFL     Derrick Henry: 14,000+ Rushing Yards
kalshi        49.5%    0.0%   99.0%          0          0 NFL     Derrick Henry: 15,000+ Rushing Yards
kalshi        49.5%    0.0%   99.0%          0          0 NFL     Derrick Henry: 16,000+ Rushing Yards
kalshi        49.5%    0.0%   99.0%          0          0 NFL     Derrick Henry: 17,000+ Rushing Yards
kalshi        49.5%    0.0%   99.0%          0          0 NFL     Derrick Henry: 18,000+ Rushing Yards
kalshi        49.5%    0.0%   99.0%          0          0 NFL     Derrick Henry: 18,356+ Rushing Yards
kalshi        49.5%    0.0%   99.0%          0          0 NFL     Mike Evans: 14,000+ Receiving Yards
kalshi        49.5%    0.0%   99.0%          0          0 NFL     Mike Evans: 15,000+ Receiving Yards
kalshi        49.5%    0.0%   99.0%          0          0 NFL     Mike Evans: 16,000+ Receiving Yards
kalshi        49.5%    0.0%   99.0%          0          0 NFL     Mike Evans: 17,000+ Receiving Yards
kalshi        49.5%    0.0%   99.0%          0          0 NFL     Mike Evans: 18,000+ Receiving Yards
kalshi        49.5%    0.0%   99.0%          0          0 NFL     Mike Evans: 19,000+ Receiving Yards
kalshi        49.5%    0.0%   99.0%          0          0 NFL     Mike Evans: 20,000+ Receiving Yards
kalshi        49.5%    0.0%   99.0%          0          0 NFL     Mike Evans: 21,000+ Receiving Yards
kalshi        49.5%    0.0%   99.0%          0          0 NFL     Mike Evans: 22,000+ Receiving Yards
kalshi        49.5%    0.0%   99.0%          0          0 NFL     Mike Evans: 22,896+ Receiving Yards
kalshi        96.5%   94.0%   99.0%          0          0 NFL     Patrick Mahomes: 40,000+ Passing Yards
kalshi        87.5%   83.0%   92.0%          0          0 NFL     Patrick Mahomes: 50,000+ Passing Yards
kalshi        63.5%   59.0%   68.0%          0          0 NFL     Patrick Mahomes: 60,000+ Passing Yards
kalshi        38.5%   34.0%   43.0%          0          0 NFL     Patrick Mahomes: 70,000+ Passing Yards
kalshi        16.5%   12.0%   21.0%          0          0 NFL     Patrick Mahomes: 80,000+ Passing Yards
kalshi         5.5%    1.0%   10.0%          0          0 NFL     Patrick Mahomes: 89,215+ Passing Yards
kalshi        49.5%    0.0%   99.0%          0          0 NFL     Josh Allen: 35,000+ Passing Yards
kalshi        49.5%    0.0%   99.0%          0          0 NFL     Josh Allen: 40,000+ Passing Yards
kalshi        49.5%    0.0%   99.0%          0          0 NFL     Josh Allen: 50,000+ Passing Yards
kalshi        49.5%    0.0%   99.0%          0          0 NFL     Josh Allen: 60,000+ Passing Yards
kalshi        49.5%    0.0%   99.0%          0          0 NFL     Josh Allen: 70,000+ Passing Yards
RUNNER LIVE MARKET SCOUT — Kalshi + Polymarket
Updated: 2026-09-29T01:35:41.088Z | persisted market events=39583 price events=39583
kalshi:UP 812ms
------------------------------------------------------------------------------------------------------------------------
PROVIDER       PROB     BID     ASK        LIQ        VOL SPORT   MARKET
kalshi        82.5%   80.0%   85.0%          0        757         Will Kylian Mbappe score at least 30 goals in the World Cup 
kalshi        16.0%   15.0%   17.0%          0      2,800         Will Kylian Mbappe score at least 35 goals in the World Cup 
kalshi         5.0%    4.0%    6.0%          0      3,080         Will Kylian Mbappe score at least 40 goals in the World Cup 
kalshi        49.5%    0.0%   99.0%          0          0 NFL     Derrick Henry: 14,000+ Rushing Yards
kalshi        49.5%    0.0%   99.0%          0          0 NFL     Derrick Henry: 15,000+ Rushing Yards
kalshi        49.5%    0.0%   99.0%          0          0 NFL     Derrick Henry: 16,000+ Rushing Yards
kalshi        49.5%    0.0%   99.0%          0          0 NFL     Derrick Henry: 17,000+ Rushing Yards
kalshi        49.5%    0.0%   99.0%          0          0 NFL     Derrick Henry: 18,000+ Rushing Yards
kalshi        49.5%    0.0%   99.0%          0          0 NFL     Derrick Henry: 18,356+ Rushing Yards
kalshi        49.5%    0.0%   99.0%          0          0 NFL     Mike Evans: 14,000+ Receiving Yards
kalshi        49.5%    0.0%   99.0%          0          0 NFL     Mike Evans: 15,000+ Receiving Yards
kalshi        49.5%    0.0%   99.0%          0          0 NFL     Mike Evans: 16,000+ Receiving Yards
kalshi        49.5%    0.0%   99.0%          0          0 NFL     Mike Evans: 17,000+ Receiving Yards
kalshi        49.5%    0.0%   99.0%          0          0 NFL     Mike Evans: 18,000+ Receiving Yards
kalshi        49.5%    0.0%   99.0%          0          0 NFL     Mike Evans: 19,000+ Receiving Yards
kalshi        49.5%    0.0%   99.0%          0          0 NFL     Mike Evans: 20,000+ Receiving Yards
kalshi        49.5%    0.0%   99.0%          0          0 NFL     Mike Evans: 21,000+ Receiving Yards
kalshi        49.5%    0.0%   99.0%          0          0 NFL     Mike Evans: 22,000+ Receiving Yards
kalshi        49.5%    0.0%   99.0%          0          0 NFL     Mike Evans: 22,896+ Receiving Yards
kalshi        96.5%   94.0%   99.0%          0          0 NFL     Patrick Mahomes: 40,000+ Passing Yards
kalshi        87.5%   83.0%   92.0%          0          0 NFL     Patrick Mahomes: 50,000+ Passing Yards
kalshi        63.5%   59.0%   68.0%          0          0 NFL     Patrick Mahomes: 60,000+ Passing Yards
kalshi        38.5%   34.0%   43.0%          0          0 NFL     Patrick Mahomes: 70,000+ Passing Yards
kalshi        16.5%   12.0%   21.0%          0          0 NFL     Patrick Mahomes: 80,000+ Passing Yards
kalshi         5.5%    1.0%   10.0%          0          0 NFL     Patrick Mahomes: 89,215+ Passing Yards
kalshi        49.5%    0.0%   99.0%          0          0 NFL     Josh Allen: 35,000+ Passing Yards
kalshi        49.5%    0.0%   99.0%          0          0 NFL     Josh Allen: 40,000+ Passing Yards
kalshi        49.5%    0.0%   99.0%          0          0 NFL     Josh Allen: 50,000+ Passing Yards
kalshi        49.5%    0.0%   99.0%          0          0 NFL     Josh Allen: 60,000+ Passing Yards
kalshi        49.5%    0.0%   99.0%          0          0 NFL     Josh Allen: 70,000+ Passing Yards
RUNNER LIVE MARKET SCOUT — Kalshi + Polymarket
Updated: 2026-09-29T01:36:13.000Z | persisted market events=39583 price events=39583
kalshi:UP 1062ms
------------------------------------------------------------------------------------------------------------------------
PROVIDER       PROB     BID     ASK        LIQ        VOL SPORT   MARKET
kalshi        82.5%   80.0%   85.0%          0        757         Will Kylian Mbappe score at least 30 goals in the World Cup 
kalshi        16.0%   15.0%   17.0%          0      2,800         Will Kylian Mbappe score at least 35 goals in the World Cup 
kalshi         5.0%    4.0%    6.0%          0      3,080         Will Kylian Mbappe score at least 40 goals in the World Cup 
kalshi        49.5%    0.0%   99.0%          0          0 NFL     Derrick Henry: 14,000+ Rushing Yards
kalshi        49.5%    0.0%   99.0%          0          0 NFL     Derrick Henry: 15,000+ Rushing Yards
kalshi        49.5%    0.0%   99.0%          0          0 NFL     Derrick Henry: 16,000+ Rushing Yards
kalshi        49.5%    0.0%   99.0%          0          0 NFL     Derrick Henry: 17,000+ Rushing Yards
kalshi        49.5%    0.0%   99.0%          0          0 NFL     Derrick Henry: 18,000+ Rushing Yards
kalshi        49.5%    0.0%   99.0%          0          0 NFL     Derrick Henry: 18,356+ Rushing Yards
kalshi        49.5%    0.0%   99.0%          0          0 NFL     Mike Evans: 14,000+ Receiving Yards
kalshi        49.5%    0.0%   99.0%          0          0 NFL     Mike Evans: 15,000+ Receiving Yards
kalshi        49.5%    0.0%   99.0%          0          0 NFL     Mike Evans: 16,000+ Receiving Yards
kalshi        49.5%    0.0%   99.0%          0          0 NFL     Mike Evans: 17,000+ Receiving Yards
kalshi        49.5%    0.0%   99.0%          0          0 NFL     Mike Evans: 18,000+ Receiving Yards
kalshi        49.5%    0.0%   99.0%          0          0 NFL     Mike Evans: 19,000+ Receiving Yards
kalshi        49.5%    0.0%   99.0%          0          0 NFL     Mike Evans: 20,000+ Receiving Yards
kalshi        49.5%    0.0%   99.0%          0          0 NFL     Mike Evans: 21,000+ Receiving Yards
kalshi        49.5%    0.0%   99.0%          0          0 NFL     Mike Evans: 22,000+ Receiving Yards
kalshi        49.5%    0.0%   99.0%          0          0 NFL     Mike Evans: 22,896+ Receiving Yards
kalshi        96.5%   94.0%   99.0%          0          0 NFL     Patrick Mahomes: 40,000+ Passing Yards
kalshi        87.5%   83.0%   92.0%          0          0 NFL     Patrick Mahomes: 50,000+ Passing Yards
kalshi        63.5%   59.0%   68.0%          0          0 NFL     Patrick Mahomes: 60,000+ Passing Yards
kalshi        38.5%   34.0%   43.0%          0          0 NFL     Patrick Mahomes: 70,000+ Passing Yards
kalshi        16.5%   12.0%   21.0%          0          0 NFL     Patrick Mahomes: 80,000+ Passing Yards
kalshi         5.5%    1.0%   10.0%          0          0 NFL     Patrick Mahomes: 89,215+ Passing Yards
kalshi        49.5%    0.0%   99.0%          0          0 NFL     Josh Allen: 35,000+ Passing Yards
kalshi        49.5%    0.0%   99.0%          0          0 NFL     Josh Allen: 40,000+ Passing Yards
kalshi        49.5%    0.0%   99.0%          0          0 NFL     Josh Allen: 50,000+ Passing Yards
kalshi        49.5%    0.0%   99.0%          0          0 NFL     Josh Allen: 60,000+ Passing Yards
kalshi        49.5%    0.0%   99.0%          0          0 NFL     Josh Allen: 70,000+ Passing Yards
RUNNER LIVE MARKET SCOUT — Kalshi + Polymarket
Updated: 2026-09-29T01:36:43.877Z | persisted market events=39583 price events=39583
kalshi:UP 578ms
------------------------------------------------------------------------------------------------------------------------
PROVIDER       PROB     BID     ASK        LIQ        VOL SPORT   MARKET
kalshi        82.5%   80.0%   85.0%          0        757         Will Kylian Mbappe score at least 30 goals in the World Cup 
kalshi        16.0%   15.0%   17.0%          0      2,800         Will Kylian Mbappe score at least 35 goals in the World Cup 
kalshi         5.0%    4.0%    6.0%          0      3,080         Will Kylian Mbappe score at least 40 goals in the World Cup 
kalshi        49.5%    0.0%   99.0%          0          0 NFL     Derrick Henry: 14,000+ Rushing Yards
kalshi        49.5%    0.0%   99.0%          0          0 NFL     Derrick Henry: 15,000+ Rushing Yards
kalshi        49.5%    0.0%   99.0%          0          0 NFL     Derrick Henry: 16,000+ Rushing Yards
kalshi        49.5%    0.0%   99.0%          0          0 NFL     Derrick Henry: 17,000+ Rushing Yards
kalshi        49.5%    0.0%   99.0%          0          0 NFL     Derrick Henry: 18,000+ Rushing Yards
kalshi        49.5%    0.0%   99.0%          0          0 NFL     Derrick Henry: 18,356+ Rushing Yards
kalshi        49.5%    0.0%   99.0%          0          0 NFL     Mike Evans: 14,000+ Receiving Yards
kalshi        49.5%    0.0%   99.0%          0          0 NFL     Mike Evans: 15,000+ Receiving Yards
kalshi        49.5%    0.0%   99.0%          0          0 NFL     Mike Evans: 16,000+ Receiving Yards
kalshi        49.5%    0.0%   99.0%          0          0 NFL     Mike Evans: 17,000+ Receiving Yards
kalshi        49.5%    0.0%   99.0%          0          0 NFL     Mike Evans: 18,000+ Receiving Yards
kalshi        49.5%    0.0%   99.0%          0          0 NFL     Mike Evans: 19,000+ Receiving Yards
kalshi        49.5%    0.0%   99.0%          0          0 NFL     Mike Evans: 20,000+ Receiving Yards
kalshi        49.5%    0.0%   99.0%          0          0 NFL     Mike Evans: 21,000+ Receiving Yards
kalshi        49.5%    0.0%   99.0%          0          0 NFL     Mike Evans: 22,000+ Receiving Yards
kalshi        49.5%    0.0%   99.0%          0          0 NFL     Mike Evans: 22,896+ Receiving Yards
kalshi        96.5%   94.0%   99.0%          0          0 NFL     Patrick Mahomes: 40,000+ Passing Yards
kalshi        87.5%   83.0%   92.0%          0          0 NFL     Patrick Mahomes: 50,000+ Passing Yards
kalshi        63.5%   59.0%   68.0%          0          0 NFL     Patrick Mahomes: 60,000+ Passing Yards
kalshi        38.5%   34.0%   43.0%          0          0 NFL     Patrick Mahomes: 70,000+ Passing Yards
kalshi        16.5%   12.0%   21.0%          0          0 NFL     Patrick Mahomes: 80,000+ Passing Yards
kalshi         5.5%    1.0%   10.0%          0          0 NFL     Patrick Mahomes: 89,215+ Passing Yards
kalshi        49.5%    0.0%   99.0%          0          0 NFL     Josh Allen: 35,000+ Passing Yards
kalshi        49.5%    0.0%   99.0%          0          0 NFL     Josh Allen: 40,000+ Passing Yards
kalshi        49.5%    0.0%   99.0%          0          0 NFL     Josh Allen: 50,000+ Passing Yards
kalshi        49.5%    0.0%   99.0%          0          0 NFL     Josh Allen: 60,000+ Passing Yards
kalshi        49.5%    0.0%   99.0%          0          0 NFL     Josh Allen: 70,000+ Passing Yards
RUNNER LIVE MARKET SCOUT — Kalshi + Polymarket
Updated: 2026-09-29T01:37:14.693Z | persisted market events=39583 price events=39583
kalshi:UP 540ms
------------------------------------------------------------------------------------------------------------------------
PROVIDER       PROB     BID     ASK        LIQ        VOL SPORT   MARKET
kalshi        82.5%   80.0%   85.0%          0        757         Will Kylian Mbappe score at least 30 goals in the World Cup 
kalshi        17.5%   15.0%   20.0%          0      2,800         Will Kylian Mbappe score at least 35 goals in the World Cup 
kalshi         5.0%    4.0%    6.0%          0      3,080         Will Kylian Mbappe score at least 40 goals in the World Cup 
kalshi        49.5%    0.0%   99.0%          0          0 NFL     Derrick Henry: 14,000+ Rushing Yards
kalshi        49.5%    0.0%   99.0%          0          0 NFL     Derrick Henry: 15,000+ Rushing Yards
kalshi        49.5%    0.0%   99.0%          0          0 NFL     Derrick Henry: 16,000+ Rushing Yards
kalshi        49.5%    0.0%   99.0%          0          0 NFL     Derrick Henry: 17,000+ Rushing Yards
kalshi        49.5%    0.0%   99.0%          0          0 NFL     Derrick Henry: 18,000+ Rushing Yards
kalshi        49.5%    0.0%   99.0%          0          0 NFL     Derrick Henry: 18,356+ Rushing Yards
kalshi        49.5%    0.0%   99.0%          0          0 NFL     Mike Evans: 14,000+ Receiving Yards
kalshi        49.5%    0.0%   99.0%          0          0 NFL     Mike Evans: 15,000+ Receiving Yards
kalshi        49.5%    0.0%   99.0%          0          0 NFL     Mike Evans: 16,000+ Receiving Yards
kalshi        49.5%    0.0%   99.0%          0          0 NFL     Mike Evans: 17,000+ Receiving Yards
kalshi        49.5%    0.0%   99.0%          0          0 NFL     Mike Evans: 18,000+ Receiving Yards
kalshi        49.5%    0.0%   99.0%          0          0 NFL     Mike Evans: 19,000+ Receiving Yards
kalshi        49.5%    0.0%   99.0%          0          0 NFL     Mike Evans: 20,000+ Receiving Yards
kalshi        49.5%    0.0%   99.0%          0          0 NFL     Mike Evans: 21,000+ Receiving Yards
kalshi        49.5%    0.0%   99.0%          0          0 NFL     Mike Evans: 22,000+ Receiving Yards
kalshi        49.5%    0.0%   99.0%          0          0 NFL     Mike Evans: 22,896+ Receiving Yards
kalshi        96.5%   94.0%   99.0%          0          0 NFL     Patrick Mahomes: 40,000+ Passing Yards
kalshi        87.5%   83.0%   92.0%          0          0 NFL     Patrick Mahomes: 50,000+ Passing Yards
kalshi        63.5%   59.0%   68.0%          0          0 NFL     Patrick Mahomes: 60,000+ Passing Yards
kalshi        38.5%   34.0%   43.0%          0          0 NFL     Patrick Mahomes: 70,000+ Passing Yards
kalshi        16.5%   12.0%   21.0%          0          0 NFL     Patrick Mahomes: 80,000+ Passing Yards
kalshi         5.5%    1.0%   10.0%          0          0 NFL     Patrick Mahomes: 89,215+ Passing Yards
kalshi        49.5%    0.0%   99.0%          0          0 NFL     Josh Allen: 35,000+ Passing Yards
kalshi        49.5%    0.0%   99.0%          0          0 NFL     Josh Allen: 40,000+ Passing Yards
kalshi        49.5%    0.0%   99.0%          0          0 NFL     Josh Allen: 50,000+ Passing Yards
kalshi        49.5%    0.0%   99.0%          0          0 NFL     Josh Allen: 60,000+ Passing Yards
kalshi        49.5%    0.0%   99.0%          0          0 NFL     Josh Allen: 70,000+ Passing Yards
RUNNER LIVE MARKET SCOUT — Kalshi + Polymarket
Updated: 2026-09-29T01:37:45.656Z | persisted market events=39583 price events=39583
kalshi:UP 523ms
------------------------------------------------------------------------------------------------------------------------
PROVIDER       PROB     BID     ASK        LIQ        VOL SPORT   MARKET
kalshi        82.5%   80.0%   85.0%          0        757         Will Kylian Mbappe score at least 30 goals in the World Cup 
kalshi        17.5%   15.0%   20.0%          0      2,800         Will Kylian Mbappe score at least 35 goals in the World Cup 
kalshi         5.0%    4.0%    6.0%          0      3,080         Will Kylian Mbappe score at least 40 goals in the World Cup 
kalshi        49.5%    0.0%   99.0%          0          0 NFL     Derrick Henry: 14,000+ Rushing Yards
kalshi        49.5%    0.0%   99.0%          0          0 NFL     Derrick Henry: 15,000+ Rushing Yards
kalshi        49.5%    0.0%   99.0%          0          0 NFL     Derrick Henry: 16,000+ Rushing Yards
kalshi        49.5%    0.0%   99.0%          0          0 NFL     Derrick Henry: 17,000+ Rushing Yards
kalshi        49.5%    0.0%   99.0%          0          0 NFL     Derrick Henry: 18,000+ Rushing Yards
kalshi        49.5%    0.0%   99.0%          0          0 NFL     Derrick Henry: 18,356+ Rushing Yards
kalshi        49.5%    0.0%   99.0%          0          0 NFL     Mike Evans: 14,000+ Receiving Yards
kalshi        49.5%    0.0%   99.0%          0          0 NFL     Mike Evans: 15,000+ Receiving Yards
kalshi        49.5%    0.0%   99.0%          0          0 NFL     Mike Evans: 16,000+ Receiving Yards
kalshi        49.5%    0.0%   99.0%          0          0 NFL     Mike Evans: 17,000+ Receiving Yards
kalshi        49.5%    0.0%   99.0%          0          0 NFL     Mike Evans: 18,000+ Receiving Yards
kalshi        49.5%    0.0%   99.0%          0          0 NFL     Mike Evans: 19,000+ Receiving Yards
kalshi        49.5%    0.0%   99.0%          0          0 NFL     Mike Evans: 20,000+ Receiving Yards
kalshi        49.5%    0.0%   99.0%          0          0 NFL     Mike Evans: 21,000+ Receiving Yards
kalshi        49.5%    0.0%   99.0%          0          0 NFL     Mike Evans: 22,000+ Receiving Yards
kalshi        49.5%    0.0%   99.0%          0          0 NFL     Mike Evans: 22,896+ Receiving Yards
kalshi        96.5%   94.0%   99.0%          0          0 NFL     Patrick Mahomes: 40,000+ Passing Yards
kalshi        87.5%   83.0%   92.0%          0          0 NFL     Patrick Mahomes: 50,000+ Passing Yards
kalshi        63.5%   59.0%   68.0%          0          0 NFL     Patrick Mahomes: 60,000+ Passing Yards
kalshi        38.5%   34.0%   43.0%          0          0 NFL     Patrick Mahomes: 70,000+ Passing Yards
kalshi        16.5%   12.0%   21.0%          0          0 NFL     Patrick Mahomes: 80,000+ Passing Yards
kalshi         5.5%    1.0%   10.0%          0          0 NFL     Patrick Mahomes: 89,215+ Passing Yards
kalshi        49.5%    0.0%   99.0%          0          0 NFL     Josh Allen: 35,000+ Passing Yards
kalshi        49.5%    0.0%   99.0%          0          0 NFL     Josh Allen: 40,000+ Passing Yards
kalshi        49.5%    0.0%   99.0%          0          0 NFL     Josh Allen: 50,000+ Passing Yards
kalshi        49.5%    0.0%   99.0%          0          0 NFL     Josh Allen: 60,000+ Passing Yards
kalshi        49.5%    0.0%   99.0%          0          0 NFL     Josh Allen: 70,000+ Passing Yards
RUNNER LIVE MARKET SCOUT — Kalshi + Polymarket
Updated: 2026-09-29T01:38:16.713Z | persisted market events=39583 price events=39583
kalshi:UP 636ms
------------------------------------------------------------------------------------------------------------------------
PROVIDER       PROB     BID     ASK        LIQ        VOL SPORT   MARKET
kalshi        82.5%   80.0%   85.0%          0        757         Will Kylian Mbappe score at least 30 goals in the World Cup 
kalshi        17.5%   15.0%   20.0%          0      2,800         Will Kylian Mbappe score at least 35 goals in the World Cup 
kalshi         5.0%    4.0%    6.0%          0      3,080         Will Kylian Mbappe score at least 40 goals in the World Cup 
kalshi        49.5%    0.0%   99.0%          0          0 NFL     Derrick Henry: 14,000+ Rushing Yards
kalshi        49.5%    0.0%   99.0%          0          0 NFL     Derrick Henry: 15,000+ Rushing Yards
kalshi        49.5%    0.0%   99.0%          0          0 NFL     Derrick Henry: 16,000+ Rushing Yards
kalshi        49.5%    0.0%   99.0%          0          0 NFL     Derrick Henry: 17,000+ Rushing Yards
kalshi        49.5%    0.0%   99.0%          0          0 NFL     Derrick Henry: 18,000+ Rushing Yards
kalshi        49.5%    0.0%   99.0%          0          0 NFL     Derrick Henry: 18,356+ Rushing Yards
kalshi        49.5%    0.0%   99.0%          0          0 NFL     Mike Evans: 14,000+ Receiving Yards
kalshi        49.5%    0.0%   99.0%          0          0 NFL     Mike Evans: 15,000+ Receiving Yards
kalshi        49.5%    0.0%   99.0%          0          0 NFL     Mike Evans: 16,000+ Receiving Yards
kalshi        49.5%    0.0%   99.0%          0          0 NFL     Mike Evans: 17,000+ Receiving Yards
kalshi        49.5%    0.0%   99.0%          0          0 NFL     Mike Evans: 18,000+ Receiving Yards
kalshi        49.5%    0.0%   99.0%          0          0 NFL     Mike Evans: 19,000+ Receiving Yards
kalshi        49.5%    0.0%   99.0%          0          0 NFL     Mike Evans: 20,000+ Receiving Yards
kalshi        49.5%    0.0%   99.0%          0          0 NFL     Mike Evans: 21,000+ Receiving Yards
kalshi        49.5%    0.0%   99.0%          0          0 NFL     Mike Evans: 22,000+ Receiving Yards
kalshi        49.5%    0.0%   99.0%          0          0 NFL     Mike Evans: 22,896+ Receiving Yards
kalshi        96.5%   94.0%   99.0%          0          0 NFL     Patrick Mahomes: 40,000+ Passing Yards
kalshi        87.5%   83.0%   92.0%          0          0 NFL     Patrick Mahomes: 50,000+ Passing Yards
kalshi        63.5%   59.0%   68.0%          0          0 NFL     Patrick Mahomes: 60,000+ Passing Yards
kalshi        38.5%   34.0%   43.0%          0          0 NFL     Patrick Mahomes: 70,000+ Passing Yards
kalshi        16.5%   12.0%   21.0%          0          0 NFL     Patrick Mahomes: 80,000+ Passing Yards
kalshi         5.5%    1.0%   10.0%          0          0 NFL     Patrick Mahomes: 89,215+ Passing Yards
kalshi        49.5%    0.0%   99.0%          0          0 NFL     Josh Allen: 35,000+ Passing Yards
kalshi        49.5%    0.0%   99.0%          0          0 NFL     Josh Allen: 40,000+ Passing Yards
kalshi        49.5%    0.0%   99.0%          0          0 NFL     Josh Allen: 50,000+ Passing Yards
kalshi        49.5%    0.0%   99.0%          0          0 NFL     Josh Allen: 60,000+ Passing Yards
kalshi        49.5%    0.0%   99.0%          0          0 NFL     Josh Allen: 70,000+ Passing Yards
RUNNER LIVE MARKET SCOUT — Kalshi + Polymarket
Updated: 2026-09-29T01:38:47.726Z | persisted market events=39583 price events=39583
kalshi:UP 592ms
------------------------------------------------------------------------------------------------------------------------
PROVIDER       PROB     BID     ASK        LIQ        VOL SPORT   MARKET
kalshi        82.5%   80.0%   85.0%          0        757         Will Kylian Mbappe score at least 30 goals in the World Cup 
kalshi        16.0%   15.0%   17.0%          0      2,800         Will Kylian Mbappe score at least 35 goals in the World Cup 
kalshi         5.0%    4.0%    6.0%          0      3,080         Will Kylian Mbappe score at least 40 goals in the World Cup 
kalshi        49.5%    0.0%   99.0%          0          0 NFL     Derrick Henry: 14,000+ Rushing Yards
kalshi        49.5%    0.0%   99.0%          0          0 NFL     Derrick Henry: 15,000+ Rushing Yards
kalshi        49.5%    0.0%   99.0%          0          0 NFL     Derrick Henry: 16,000+ Rushing Yards
kalshi        49.5%    0.0%   99.0%          0          0 NFL     Derrick Henry: 17,000+ Rushing Yards
kalshi        49.5%    0.0%   99.0%          0          0 NFL     Derrick Henry: 18,000+ Rushing Yards
kalshi        49.5%    0.0%   99.0%          0          0 NFL     Derrick Henry: 18,356+ Rushing Yards
kalshi        49.5%    0.0%   99.0%          0          0 NFL     Mike Evans: 14,000+ Receiving Yards
kalshi        49.5%    0.0%   99.0%          0          0 NFL     Mike Evans: 15,000+ Receiving Yards
kalshi        49.5%    0.0%   99.0%          0          0 NFL     Mike Evans: 16,000+ Receiving Yards
kalshi        49.5%    0.0%   99.0%          0          0 NFL     Mike Evans: 17,000+ Receiving Yards
kalshi        49.5%    0.0%   99.0%          0          0 NFL     Mike Evans: 18,000+ Receiving Yards
kalshi        49.5%    0.0%   99.0%          0          0 NFL     Mike Evans: 19,000+ Receiving Yards
kalshi        49.5%    0.0%   99.0%          0          0 NFL     Mike Evans: 20,000+ Receiving Yards
kalshi        49.5%    0.0%   99.0%          0          0 NFL     Mike Evans: 21,000+ Receiving Yards
kalshi        49.5%    0.0%   99.0%          0          0 NFL     Mike Evans: 22,000+ Receiving Yards
kalshi        49.5%    0.0%   99.0%          0          0 NFL     Mike Evans: 22,896+ Receiving Yards
kalshi        96.5%   94.0%   99.0%          0          0 NFL     Patrick Mahomes: 40,000+ Passing Yards
kalshi        87.5%   83.0%   92.0%          0          0 NFL     Patrick Mahomes: 50,000+ Passing Yards
kalshi        63.5%   59.0%   68.0%          0          0 NFL     Patrick Mahomes: 60,000+ Passing Yards
kalshi        38.5%   34.0%   43.0%          0          0 NFL     Patrick Mahomes: 70,000+ Passing Yards
kalshi        16.5%   12.0%   21.0%          0          0 NFL     Patrick Mahomes: 80,000+ Passing Yards
kalshi         5.5%    1.0%   10.0%          0          0 NFL     Patrick Mahomes: 89,215+ Passing Yards
kalshi        49.5%    0.0%   99.0%          0          0 NFL     Josh Allen: 35,000+ Passing Yards
kalshi        49.5%    0.0%   99.0%          0          0 NFL     Josh Allen: 40,000+ Passing Yards
kalshi        49.5%    0.0%   99.0%          0          0 NFL     Josh Allen: 50,000+ Passing Yards
kalshi        49.5%    0.0%   99.0%          0          0 NFL     Josh Allen: 60,000+ Passing Yards
kalshi        49.5%    0.0%   99.0%          0          0 NFL     Josh Allen: 70,000+ Passing Yards
RUNNER LIVE MARKET SCOUT — Kalshi + Polymarket
Updated: 2026-09-29T01:39:18.926Z | persisted market events=39583 price events=39583
kalshi:UP 691ms
------------------------------------------------------------------------------------------------------------------------
PROVIDER       PROB     BID     ASK        LIQ        VOL SPORT   MARKET
kalshi        82.5%   80.0%   85.0%          0        757         Will Kylian Mbappe score at least 30 goals in the World Cup 
kalshi        16.0%   15.0%   17.0%          0      2,800         Will Kylian Mbappe score at least 35 goals in the World Cup 
kalshi         5.0%    4.0%    6.0%          0      3,080         Will Kylian Mbappe score at least 40 goals in the World Cup 
kalshi        49.5%    0.0%   99.0%          0          0 NFL     Derrick Henry: 14,000+ Rushing Yards
kalshi        49.5%    0.0%   99.0%          0          0 NFL     Derrick Henry: 15,000+ Rushing Yards
kalshi        49.5%    0.0%   99.0%          0          0 NFL     Derrick Henry: 16,000+ Rushing Yards
kalshi        49.5%    0.0%   99.0%          0          0 NFL     Derrick Henry: 17,000+ Rushing Yards
kalshi        49.5%    0.0%   99.0%          0          0 NFL     Derrick Henry: 18,000+ Rushing Yards
kalshi        49.5%    0.0%   99.0%          0          0 NFL     Derrick Henry: 18,356+ Rushing Yards
kalshi        49.5%    0.0%   99.0%          0          0 NFL     Mike Evans: 14,000+ Receiving Yards
kalshi        49.5%    0.0%   99.0%          0          0 NFL     Mike Evans: 15,000+ Receiving Yards
kalshi        49.5%    0.0%   99.0%          0          0 NFL     Mike Evans: 16,000+ Receiving Yards
kalshi        49.5%    0.0%   99.0%          0          0 NFL     Mike Evans: 17,000+ Receiving Yards
kalshi        49.5%    0.0%   99.0%          0          0 NFL     Mike Evans: 18,000+ Receiving Yards
kalshi        49.5%    0.0%   99.0%          0          0 NFL     Mike Evans: 19,000+ Receiving Yards
kalshi        49.5%    0.0%   99.0%          0          0 NFL     Mike Evans: 20,000+ Receiving Yards
kalshi        49.5%    0.0%   99.0%          0          0 NFL     Mike Evans: 21,000+ Receiving Yards
kalshi        49.5%    0.0%   99.0%          0          0 NFL     Mike Evans: 22,000+ Receiving Yards
kalshi        49.5%    0.0%   99.0%          0          0 NFL     Mike Evans: 22,896+ Receiving Yards
kalshi        96.5%   94.0%   99.0%          0          0 NFL     Patrick Mahomes: 40,000+ Passing Yards
kalshi        87.5%   83.0%   92.0%          0          0 NFL     Patrick Mahomes: 50,000+ Passing Yards
kalshi        63.5%   59.0%   68.0%          0          0 NFL     Patrick Mahomes: 60,000+ Passing Yards
kalshi        38.5%   34.0%   43.0%          0          0 NFL     Patrick Mahomes: 70,000+ Passing Yards
kalshi        16.5%   12.0%   21.0%          0          0 NFL     Patrick Mahomes: 80,000+ Passing Yards
kalshi         5.5%    1.0%   10.0%          0          0 NFL     Patrick Mahomes: 89,215+ Passing Yards
kalshi        49.5%    0.0%   99.0%          0          0 NFL     Josh Allen: 35,000+ Passing Yards
kalshi        49.5%    0.0%   99.0%          0          0 NFL     Josh Allen: 40,000+ Passing Yards
kalshi        49.5%    0.0%   99.0%          0          0 NFL     Josh Allen: 50,000+ Passing Yards
kalshi        49.5%    0.0%   99.0%          0          0 NFL     Josh Allen: 60,000+ Passing Yards
kalshi        49.5%    0.0%   99.0%          0          0 NFL     Josh Allen: 70,000+ Passing Yards
RUNNER LIVE MARKET SCOUT — Kalshi + Polymarket
Updated: 2026-09-29T01:39:49.996Z | persisted market events=39583 price events=39583
kalshi:UP 647ms
------------------------------------------------------------------------------------------------------------------------
PROVIDER       PROB     BID     ASK        LIQ        VOL SPORT   MARKET
kalshi        82.5%   80.0%   85.0%          0        757         Will Kylian Mbappe score at least 30 goals in the World Cup 
kalshi        17.5%   15.0%   20.0%          0      2,800         Will Kylian Mbappe score at least 35 goals in the World Cup 
kalshi         5.0%    4.0%    6.0%          0      3,080         Will Kylian Mbappe score at least 40 goals in the World Cup 
kalshi        49.5%    0.0%   99.0%          0          0 NFL     Derrick Henry: 14,000+ Rushing Yards
kalshi        49.5%    0.0%   99.0%          0          0 NFL     Derrick Henry: 15,000+ Rushing Yards
kalshi        49.5%    0.0%   99.0%          0          0 NFL     Derrick Henry: 16,000+ Rushing Yards
kalshi        49.5%    0.0%   99.0%          0          0 NFL     Derrick Henry: 17,000+ Rushing Yards
kalshi        49.5%    0.0%   99.0%          0          0 NFL     Derrick Henry: 18,000+ Rushing Yards
kalshi        49.5%    0.0%   99.0%          0          0 NFL     Derrick Henry: 18,356+ Rushing Yards
kalshi        49.5%    0.0%   99.0%          0          0 NFL     Mike Evans: 14,000+ Receiving Yards
kalshi        49.5%    0.0%   99.0%          0          0 NFL     Mike Evans: 15,000+ Receiving Yards
kalshi        49.5%    0.0%   99.0%          0          0 NFL     Mike Evans: 16,000+ Receiving Yards
kalshi        49.5%    0.0%   99.0%          0          0 NFL     Mike Evans: 17,000+ Receiving Yards
kalshi        49.5%    0.0%   99.0%          0          0 NFL     Mike Evans: 18,000+ Receiving Yards
kalshi        49.5%    0.0%   99.0%          0          0 NFL     Mike Evans: 19,000+ Receiving Yards
kalshi        49.5%    0.0%   99.0%          0          0 NFL     Mike Evans: 20,000+ Receiving Yards
kalshi        49.5%    0.0%   99.0%          0          0 NFL     Mike Evans: 21,000+ Receiving Yards
kalshi        49.5%    0.0%   99.0%          0          0 NFL     Mike Evans: 22,000+ Receiving Yards
kalshi        49.5%    0.0%   99.0%          0          0 NFL     Mike Evans: 22,896+ Receiving Yards
kalshi        96.5%   94.0%   99.0%          0          0 NFL     Patrick Mahomes: 40,000+ Passing Yards
kalshi        87.5%   83.0%   92.0%          0          0 NFL     Patrick Mahomes: 50,000+ Passing Yards
kalshi        63.5%   59.0%   68.0%          0          0 NFL     Patrick Mahomes: 60,000+ Passing Yards
kalshi        38.5%   34.0%   43.0%          0          0 NFL     Patrick Mahomes: 70,000+ Passing Yards
kalshi        16.5%   12.0%   21.0%          0          0 NFL     Patrick Mahomes: 80,000+ Passing Yards
kalshi         5.5%    1.0%   10.0%          0          0 NFL     Patrick Mahomes: 89,215+ Passing Yards
kalshi        49.5%    0.0%   99.0%          0          0 NFL     Josh Allen: 35,000+ Passing Yards
kalshi        49.5%    0.0%   99.0%          0          0 NFL     Josh Allen: 40,000+ Passing Yards
kalshi        49.5%    0.0%   99.0%          0          0 NFL     Josh Allen: 50,000+ Passing Yards
kalshi        49.5%    0.0%   99.0%          0          0 NFL     Josh Allen: 60,000+ Passing Yards
kalshi        49.5%    0.0%   99.0%          0          0 NFL     Josh Allen: 70,000+ Passing Yards
RUNNER LIVE MARKET SCOUT — Kalshi + Polymarket
Updated: 2026-09-29T01:40:20.975Z | persisted market events=39583 price events=39583
kalshi:UP 577ms
------------------------------------------------------------------------------------------------------------------------
PROVIDER       PROB     BID     ASK        LIQ        VOL SPORT   MARKET
kalshi        82.5%   80.0%   85.0%          0        757         Will Kylian Mbappe score at least 30 goals in the World Cup 
kalshi        17.5%   15.0%   20.0%          0      2,800         Will Kylian Mbappe score at least 35 goals in the World Cup 
kalshi         5.0%    4.0%    6.0%          0      3,080         Will Kylian Mbappe score at least 40 goals in the World Cup 
kalshi        49.5%    0.0%   99.0%          0          0 NFL     Derrick Henry: 14,000+ Rushing Yards
kalshi        49.5%    0.0%   99.0%          0          0 NFL     Derrick Henry: 15,000+ Rushing Yards
kalshi        49.5%    0.0%   99.0%          0          0 NFL     Derrick Henry: 16,000+ Rushing Yards
kalshi        49.5%    0.0%   99.0%          0          0 NFL     Derrick Henry: 17,000+ Rushing Yards
kalshi        49.5%    0.0%   99.0%          0          0 NFL     Derrick Henry: 18,000+ Rushing Yards
kalshi        49.5%    0.0%   99.0%          0          0 NFL     Derrick Henry: 18,356+ Rushing Yards
kalshi        49.5%    0.0%   99.0%          0          0 NFL     Mike Evans: 14,000+ Receiving Yards
kalshi        49.5%    0.0%   99.0%          0          0 NFL     Mike Evans: 15,000+ Receiving Yards
kalshi        49.5%    0.0%   99.0%          0          0 NFL     Mike Evans: 16,000+ Receiving Yards
kalshi        49.5%    0.0%   99.0%          0          0 NFL     Mike Evans: 17,000+ Receiving Yards
kalshi        49.5%    0.0%   99.0%          0          0 NFL     Mike Evans: 18,000+ Receiving Yards
kalshi        49.5%    0.0%   99.0%          0          0 NFL     Mike Evans: 19,000+ Receiving Yards
kalshi        49.5%    0.0%   99.0%          0          0 NFL     Mike Evans: 20,000+ Receiving Yards
kalshi        49.5%    0.0%   99.0%          0          0 NFL     Mike Evans: 21,000+ Receiving Yards
kalshi        49.5%    0.0%   99.0%          0          0 NFL     Mike Evans: 22,000+ Receiving Yards
kalshi        49.5%    0.0%   99.0%          0          0 NFL     Mike Evans: 22,896+ Receiving Yards
kalshi        96.5%   94.0%   99.0%          0          0 NFL     Patrick Mahomes: 40,000+ Passing Yards
kalshi        87.5%   83.0%   92.0%          0          0 NFL     Patrick Mahomes: 50,000+ Passing Yards
kalshi        63.5%   59.0%   68.0%          0          0 NFL     Patrick Mahomes: 60,000+ Passing Yards
kalshi        38.5%   34.0%   43.0%          0          0 NFL     Patrick Mahomes: 70,000+ Passing Yards
kalshi        16.5%   12.0%   21.0%          0          0 NFL     Patrick Mahomes: 80,000+ Passing Yards
kalshi         5.5%    1.0%   10.0%          0          0 NFL     Patrick Mahomes: 89,215+ Passing Yards
kalshi        49.5%    0.0%   99.0%          0          0 NFL     Josh Allen: 35,000+ Passing Yards
kalshi        49.5%    0.0%   99.0%          0          0 NFL     Josh Allen: 40,000+ Passing Yards
kalshi        49.5%    0.0%   99.0%          0          0 NFL     Josh Allen: 50,000+ Passing Yards
kalshi        49.5%    0.0%   99.0%          0          0 NFL     Josh Allen: 60,000+ Passing Yards
kalshi        49.5%    0.0%   99.0%          0          0 NFL     Josh Allen: 70,000+ Passing Yards
RUNNER LIVE MARKET SCOUT — Kalshi + Polymarket
Updated: 2026-09-29T01:40:51.997Z | persisted market events=39583 price events=39583
kalshi:UP 617ms
------------------------------------------------------------------------------------------------------------------------
PROVIDER       PROB     BID     ASK        LIQ        VOL SPORT   MARKET
kalshi        82.5%   80.0%   85.0%          0        757         Will Kylian Mbappe score at least 30 goals in the World Cup 
kalshi        17.5%   15.0%   20.0%          0      2,800         Will Kylian Mbappe score at least 35 goals in the World Cup 
kalshi         5.0%    4.0%    6.0%          0      3,080         Will Kylian Mbappe score at least 40 goals in the World Cup 
kalshi        49.5%    0.0%   99.0%          0          0 NFL     Derrick Henry: 14,000+ Rushing Yards
kalshi        49.5%    0.0%   99.0%          0          0 NFL     Derrick Henry: 15,000+ Rushing Yards
kalshi        49.5%    0.0%   99.0%          0          0 NFL     Derrick Henry: 16,000+ Rushing Yards
kalshi        49.5%    0.0%   99.0%          0          0 NFL     Derrick Henry: 17,000+ Rushing Yards
kalshi        49.5%    0.0%   99.0%          0          0 NFL     Derrick Henry: 18,000+ Rushing Yards
kalshi        49.5%    0.0%   99.0%          0          0 NFL     Derrick Henry: 18,356+ Rushing Yards
kalshi        49.5%    0.0%   99.0%          0          0 NFL     Mike Evans: 14,000+ Receiving Yards
kalshi        49.5%    0.0%   99.0%          0          0 NFL     Mike Evans: 15,000+ Receiving Yards
kalshi        49.5%    0.0%   99.0%          0          0 NFL     Mike Evans: 16,000+ Receiving Yards
kalshi        49.5%    0.0%   99.0%          0          0 NFL     Mike Evans: 17,000+ Receiving Yards
kalshi        49.5%    0.0%   99.0%          0          0 NFL     Mike Evans: 18,000+ Receiving Yards
kalshi        49.5%    0.0%   99.0%          0          0 NFL     Mike Evans: 19,000+ Receiving Yards
kalshi        49.5%    0.0%   99.0%          0          0 NFL     Mike Evans: 20,000+ Receiving Yards
kalshi        49.5%    0.0%   99.0%          0          0 NFL     Mike Evans: 21,000+ Receiving Yards
kalshi        49.5%    0.0%   99.0%          0          0 NFL     Mike Evans: 22,000+ Receiving Yards
kalshi        49.5%    0.0%   99.0%          0          0 NFL     Mike Evans: 22,896+ Receiving Yards
kalshi        96.5%   94.0%   99.0%          0          0 NFL     Patrick Mahomes: 40,000+ Passing Yards
kalshi        87.5%   83.0%   92.0%          0          0 NFL     Patrick Mahomes: 50,000+ Passing Yards
kalshi        63.5%   59.0%   68.0%          0          0 NFL     Patrick Mahomes: 60,000+ Passing Yards
kalshi        38.5%   34.0%   43.0%          0          0 NFL     Patrick Mahomes: 70,000+ Passing Yards
kalshi        16.5%   12.0%   21.0%          0          0 NFL     Patrick Mahomes: 80,000+ Passing Yards
kalshi         5.5%    1.0%   10.0%          0          0 NFL     Patrick Mahomes: 89,215+ Passing Yards
kalshi        49.5%    0.0%   99.0%          0          0 NFL     Josh Allen: 35,000+ Passing Yards
kalshi        49.5%    0.0%   99.0%          0          0 NFL     Josh Allen: 40,000+ Passing Yards
kalshi        49.5%    0.0%   99.0%          0          0 NFL     Josh Allen: 50,000+ Passing Yards
kalshi        49.5%    0.0%   99.0%          0          0 NFL     Josh Allen: 60,000+ Passing Yards
kalshi        49.5%    0.0%   99.0%          0          0 NFL     Josh Allen: 70,000+ Passing Yards
RUNNER LIVE MARKET SCOUT — Kalshi + Polymarket
Updated: 2026-09-29T01:41:22.931Z | persisted market events=39583 price events=39583
kalshi:UP 536ms
------------------------------------------------------------------------------------------------------------------------
PROVIDER       PROB     BID     ASK        LIQ        VOL SPORT   MARKET
kalshi        82.5%   80.0%   85.0%          0        757         Will Kylian Mbappe score at least 30 goals in the World Cup 
kalshi        16.0%   15.0%   17.0%          0      2,800         Will Kylian Mbappe score at least 35 goals in the World Cup 
kalshi         5.0%    4.0%    6.0%          0      3,080         Will Kylian Mbappe score at least 40 goals in the World Cup 
kalshi        49.5%    0.0%   99.0%          0          0 NFL     Derrick Henry: 14,000+ Rushing Yards
kalshi        49.5%    0.0%   99.0%          0          0 NFL     Derrick Henry: 15,000+ Rushing Yards
kalshi        49.5%    0.0%   99.0%          0          0 NFL     Derrick Henry: 16,000+ Rushing Yards
kalshi        49.5%    0.0%   99.0%          0          0 NFL     Derrick Henry: 17,000+ Rushing Yards
kalshi        49.5%    0.0%   99.0%          0          0 NFL     Derrick Henry: 18,000+ Rushing Yards
kalshi        49.5%    0.0%   99.0%          0          0 NFL     Derrick Henry: 18,356+ Rushing Yards
kalshi        49.5%    0.0%   99.0%          0          0 NFL     Mike Evans: 14,000+ Receiving Yards
kalshi        49.5%    0.0%   99.0%          0          0 NFL     Mike Evans: 15,000+ Receiving Yards
kalshi        49.5%    0.0%   99.0%          0          0 NFL     Mike Evans: 16,000+ Receiving Yards
kalshi        49.5%    0.0%   99.0%          0          0 NFL     Mike Evans: 17,000+ Receiving Yards
kalshi        49.5%    0.0%   99.0%          0          0 NFL     Mike Evans: 18,000+ Receiving Yards
kalshi        49.5%    0.0%   99.0%          0          0 NFL     Mike Evans: 19,000+ Receiving Yards
kalshi        49.5%    0.0%   99.0%          0          0 NFL     Mike Evans: 20,000+ Receiving Yards
kalshi        49.5%    0.0%   99.0%          0          0 NFL     Mike Evans: 21,000+ Receiving Yards
kalshi        49.5%    0.0%   99.0%          0          0 NFL     Mike Evans: 22,000+ Receiving Yards
kalshi        49.5%    0.0%   99.0%          0          0 NFL     Mike Evans: 22,896+ Receiving Yards
kalshi        96.5%   94.0%   99.0%          0          0 NFL     Patrick Mahomes: 40,000+ Passing Yards
kalshi        87.5%   83.0%   92.0%          0          0 NFL     Patrick Mahomes: 50,000+ Passing Yards
kalshi        63.5%   59.0%   68.0%          0          0 NFL     Patrick Mahomes: 60,000+ Passing Yards
kalshi        38.5%   34.0%   43.0%          0          0 NFL     Patrick Mahomes: 70,000+ Passing Yards
kalshi        16.5%   12.0%   21.0%          0          0 NFL     Patrick Mahomes: 80,000+ Passing Yards
kalshi         5.5%    1.0%   10.0%          0          0 NFL     Patrick Mahomes: 89,215+ Passing Yards
kalshi        49.5%    0.0%   99.0%          0          0 NFL     Josh Allen: 35,000+ Passing Yards
kalshi        49.5%    0.0%   99.0%          0          0 NFL     Josh Allen: 40,000+ Passing Yards
kalshi        49.5%    0.0%   99.0%          0          0 NFL     Josh Allen: 50,000+ Passing Yards
kalshi        49.5%    0.0%   99.0%          0          0 NFL     Josh Allen: 60,000+ Passing Yards
kalshi        49.5%    0.0%   99.0%          0          0 NFL     Josh Allen: 70,000+ Passing Yards
RUNNER LIVE MARKET SCOUT — Kalshi + Polymarket
Updated: 2026-09-29T01:41:53.850Z | persisted market events=39583 price events=39583
kalshi:UP 614ms
------------------------------------------------------------------------------------------------------------------------
PROVIDER       PROB     BID     ASK        LIQ        VOL SPORT   MARKET
kalshi        82.5%   80.0%   85.0%          0        757         Will Kylian Mbappe score at least 30 goals in the World Cup 
kalshi        16.0%   15.0%   17.0%          0      2,800         Will Kylian Mbappe score at least 35 goals in the World Cup 
kalshi         5.0%    4.0%    6.0%          0      3,080         Will Kylian Mbappe score at least 40 goals in the World Cup 
kalshi        49.5%    0.0%   99.0%          0          0 NFL     Derrick Henry: 14,000+ Rushing Yards
kalshi        49.5%    0.0%   99.0%          0          0 NFL     Derrick Henry: 15,000+ Rushing Yards
kalshi        49.5%    0.0%   99.0%          0          0 NFL     Derrick Henry: 16,000+ Rushing Yards
kalshi        49.5%    0.0%   99.0%          0          0 NFL     Derrick Henry: 17,000+ Rushing Yards
kalshi        49.5%    0.0%   99.0%          0          0 NFL     Derrick Henry: 18,000+ Rushing Yards
kalshi        49.5%    0.0%   99.0%          0          0 NFL     Derrick Henry: 18,356+ Rushing Yards
kalshi        49.5%    0.0%   99.0%          0          0 NFL     Mike Evans: 14,000+ Receiving Yards
kalshi        49.5%    0.0%   99.0%          0          0 NFL     Mike Evans: 15,000+ Receiving Yards
kalshi        49.5%    0.0%   99.0%          0          0 NFL     Mike Evans: 16,000+ Receiving Yards
kalshi        49.5%    0.0%   99.0%          0          0 NFL     Mike Evans: 17,000+ Receiving Yards
kalshi        49.5%    0.0%   99.0%          0          0 NFL     Mike Evans: 18,000+ Receiving Yards
kalshi        49.5%    0.0%   99.0%          0          0 NFL     Mike Evans: 19,000+ Receiving Yards
kalshi        49.5%    0.0%   99.0%          0          0 NFL     Mike Evans: 20,000+ Receiving Yards
kalshi        49.5%    0.0%   99.0%          0          0 NFL     Mike Evans: 21,000+ Receiving Yards
kalshi        49.5%    0.0%   99.0%          0          0 NFL     Mike Evans: 22,000+ Receiving Yards
kalshi        49.5%    0.0%   99.0%          0          0 NFL     Mike Evans: 22,896+ Receiving Yards
kalshi        96.5%   94.0%   99.0%          0          0 NFL     Patrick Mahomes: 40,000+ Passing Yards
kalshi        87.5%   83.0%   92.0%          0          0 NFL     Patrick Mahomes: 50,000+ Passing Yards
kalshi        63.5%   59.0%   68.0%          0          0 NFL     Patrick Mahomes: 60,000+ Passing Yards
kalshi        38.5%   34.0%   43.0%          0          0 NFL     Patrick Mahomes: 70,000+ Passing Yards
kalshi        16.5%   12.0%   21.0%          0          0 NFL     Patrick Mahomes: 80,000+ Passing Yards
kalshi         5.5%    1.0%   10.0%          0          0 NFL     Patrick Mahomes: 89,215+ Passing Yards
kalshi        49.5%    0.0%   99.0%          0          0 NFL     Josh Allen: 35,000+ Passing Yards
kalshi        49.5%    0.0%   99.0%          0          0 NFL     Josh Allen: 40,000+ Passing Yards
kalshi        49.5%    0.0%   99.0%          0          0 NFL     Josh Allen: 50,000+ Passing Yards
kalshi        49.5%    0.0%   99.0%          0          0 NFL     Josh Allen: 60,000+ Passing Yards
kalshi        49.5%    0.0%   99.0%          0          0 NFL     Josh Allen: 70,000+ Passing Yards
RUNNER LIVE MARKET SCOUT — Kalshi + Polymarket
Updated: 2026-09-29T01:42:24.778Z | persisted market events=39583 price events=39583
kalshi:UP 624ms
------------------------------------------------------------------------------------------------------------------------
PROVIDER       PROB     BID     ASK        LIQ        VOL SPORT   MARKET
kalshi        82.5%   80.0%   85.0%          0        757         Will Kylian Mbappe score at least 30 goals in the World Cup 
kalshi        16.0%   15.0%   17.0%          0      2,800         Will Kylian Mbappe score at least 35 goals in the World Cup 
kalshi         5.0%    4.0%    6.0%          0      3,080         Will Kylian Mbappe score at least 40 goals in the World Cup 
kalshi        49.5%    0.0%   99.0%          0          0 NFL     Derrick Henry: 14,000+ Rushing Yards
kalshi        49.5%    0.0%   99.0%          0          0 NFL     Derrick Henry: 15,000+ Rushing Yards
kalshi        49.5%    0.0%   99.0%          0          0 NFL     Derrick Henry: 16,000+ Rushing Yards
kalshi        49.5%    0.0%   99.0%          0          0 NFL     Derrick Henry: 17,000+ Rushing Yards
kalshi        49.5%    0.0%   99.0%          0          0 NFL     Derrick Henry: 18,000+ Rushing Yards
kalshi        49.5%    0.0%   99.0%          0          0 NFL     Derrick Henry: 18,356+ Rushing Yards
kalshi        49.5%    0.0%   99.0%          0          0 NFL     Mike Evans: 14,000+ Receiving Yards
kalshi        49.5%    0.0%   99.0%          0          0 NFL     Mike Evans: 15,000+ Receiving Yards
kalshi        49.5%    0.0%   99.0%          0          0 NFL     Mike Evans: 16,000+ Receiving Yards
kalshi        49.5%    0.0%   99.0%          0          0 NFL     Mike Evans: 17,000+ Receiving Yards
kalshi        49.5%    0.0%   99.0%          0          0 NFL     Mike Evans: 18,000+ Receiving Yards
kalshi        49.5%    0.0%   99.0%          0          0 NFL     Mike Evans: 19,000+ Receiving Yards
kalshi        49.5%    0.0%   99.0%          0          0 NFL     Mike Evans: 20,000+ Receiving Yards
kalshi        49.5%    0.0%   99.0%          0          0 NFL     Mike Evans: 21,000+ Receiving Yards
kalshi        49.5%    0.0%   99.0%          0          0 NFL     Mike Evans: 22,000+ Receiving Yards
kalshi        49.5%    0.0%   99.0%          0          0 NFL     Mike Evans: 22,896+ Receiving Yards
kalshi        96.5%   94.0%   99.0%          0          0 NFL     Patrick Mahomes: 40,000+ Passing Yards
kalshi        87.5%   83.0%   92.0%          0          0 NFL     Patrick Mahomes: 50,000+ Passing Yards
kalshi        63.5%   59.0%   68.0%          0          0 NFL     Patrick Mahomes: 60,000+ Passing Yards
kalshi        38.5%   34.0%   43.0%          0          0 NFL     Patrick Mahomes: 70,000+ Passing Yards
kalshi        16.5%   12.0%   21.0%          0          0 NFL     Patrick Mahomes: 80,000+ Passing Yards
kalshi         5.5%    1.0%   10.0%          0          0 NFL     Patrick Mahomes: 89,215+ Passing Yards
kalshi        49.5%    0.0%   99.0%          0          0 NFL     Josh Allen: 35,000+ Passing Yards
kalshi        49.5%    0.0%   99.0%          0          0 NFL     Josh Allen: 40,000+ Passing Yards
kalshi        49.5%    0.0%   99.0%          0          0 NFL     Josh Allen: 50,000+ Passing Yards
kalshi        49.5%    0.0%   99.0%          0          0 NFL     Josh Allen: 60,000+ Passing Yards
kalshi        49.5%    0.0%   99.0%          0          0 NFL     Josh Allen: 70,000+ Passing Yards
RUNNER LIVE MARKET SCOUT — Kalshi + Polymarket
Updated: 2026-09-29T01:42:55.720Z | persisted market events=39583 price events=39583
kalshi:UP 551ms
------------------------------------------------------------------------------------------------------------------------
PROVIDER       PROB     BID     ASK        LIQ        VOL SPORT   MARKET
kalshi        82.5%   80.0%   85.0%          0        757         Will Kylian Mbappe score at least 30 goals in the World Cup 
kalshi        17.5%   15.0%   20.0%          0      2,800         Will Kylian Mbappe score at least 35 goals in the World Cup 
kalshi         5.0%    4.0%    6.0%          0      3,080         Will Kylian Mbappe score at least 40 goals in the World Cup 
kalshi        49.5%    0.0%   99.0%          0          0 NFL     Derrick Henry: 14,000+ Rushing Yards
kalshi        49.5%    0.0%   99.0%          0          0 NFL     Derrick Henry: 15,000+ Rushing Yards
kalshi        49.5%    0.0%   99.0%          0          0 NFL     Derrick Henry: 16,000+ Rushing Yards
kalshi        49.5%    0.0%   99.0%          0          0 NFL     Derrick Henry: 17,000+ Rushing Yards
kalshi        49.5%    0.0%   99.0%          0          0 NFL     Derrick Henry: 18,000+ Rushing Yards
kalshi        49.5%    0.0%   99.0%          0          0 NFL     Derrick Henry: 18,356+ Rushing Yards
kalshi        49.5%    0.0%   99.0%          0          0 NFL     Mike Evans: 14,000+ Receiving Yards
kalshi        49.5%    0.0%   99.0%          0          0 NFL     Mike Evans: 15,000+ Receiving Yards
kalshi        49.5%    0.0%   99.0%          0          0 NFL     Mike Evans: 16,000+ Receiving Yards
kalshi        49.5%    0.0%   99.0%          0          0 NFL     Mike Evans: 17,000+ Receiving Yards
kalshi        49.5%    0.0%   99.0%          0          0 NFL     Mike Evans: 18,000+ Receiving Yards
kalshi        49.5%    0.0%   99.0%          0          0 NFL     Mike Evans: 19,000+ Receiving Yards
kalshi        49.5%    0.0%   99.0%          0          0 NFL     Mike Evans: 20,000+ Receiving Yards
kalshi        49.5%    0.0%   99.0%          0          0 NFL     Mike Evans: 21,000+ Receiving Yards
kalshi        49.5%    0.0%   99.0%          0          0 NFL     Mike Evans: 22,000+ Receiving Yards
kalshi        49.5%    0.0%   99.0%          0          0 NFL     Mike Evans: 22,896+ Receiving Yards
kalshi        96.5%   94.0%   99.0%          0          0 NFL     Patrick Mahomes: 40,000+ Passing Yards
kalshi        87.5%   83.0%   92.0%          0          0 NFL     Patrick Mahomes: 50,000+ Passing Yards
kalshi        63.5%   59.0%   68.0%          0          0 NFL     Patrick Mahomes: 60,000+ Passing Yards
kalshi        38.5%   34.0%   43.0%          0          0 NFL     Patrick Mahomes: 70,000+ Passing Yards
kalshi        16.5%   12.0%   21.0%          0          0 NFL     Patrick Mahomes: 80,000+ Passing Yards
kalshi         5.5%    1.0%   10.0%          0          0 NFL     Patrick Mahomes: 89,215+ Passing Yards
kalshi        49.5%    0.0%   99.0%          0          0 NFL     Josh Allen: 35,000+ Passing Yards
kalshi        49.5%    0.0%   99.0%          0          0 NFL     Josh Allen: 40,000+ Passing Yards
kalshi        49.5%    0.0%   99.0%          0          0 NFL     Josh Allen: 50,000+ Passing Yards
kalshi        49.5%    0.0%   99.0%          0          0 NFL     Josh Allen: 60,000+ Passing Yards
kalshi        49.5%    0.0%   99.0%          0          0 NFL     Josh Allen: 70,000+ Passing Yards
RUNNER LIVE MARKET SCOUT — Kalshi + Polymarket
Updated: 2026-09-29T01:43:26.805Z | persisted market events=39583 price events=39583
kalshi:UP 608ms
------------------------------------------------------------------------------------------------------------------------
PROVIDER       PROB     BID     ASK        LIQ        VOL SPORT   MARKET
kalshi        82.5%   80.0%   85.0%          0        757         Will Kylian Mbappe score at least 30 goals in the World Cup 
kalshi        17.5%   15.0%   20.0%          0      2,800         Will Kylian Mbappe score at least 35 goals in the World Cup 
kalshi         5.0%    4.0%    6.0%          0      3,080         Will Kylian Mbappe score at least 40 goals in the World Cup 
kalshi        49.5%    0.0%   99.0%          0          0 NFL     Derrick Henry: 14,000+ Rushing Yards
kalshi        49.5%    0.0%   99.0%          0          0 NFL     Derrick Henry: 15,000+ Rushing Yards
kalshi        49.5%    0.0%   99.0%          0          0 NFL     Derrick Henry: 16,000+ Rushing Yards
kalshi        49.5%    0.0%   99.0%          0          0 NFL     Derrick Henry: 17,000+ Rushing Yards
kalshi        49.5%    0.0%   99.0%          0          0 NFL     Derrick Henry: 18,000+ Rushing Yards
kalshi        49.5%    0.0%   99.0%          0          0 NFL     Derrick Henry: 18,356+ Rushing Yards
kalshi        49.5%    0.0%   99.0%          0          0 NFL     Mike Evans: 14,000+ Receiving Yards
kalshi        49.5%    0.0%   99.0%          0          0 NFL     Mike Evans: 15,000+ Receiving Yards
kalshi        49.5%    0.0%   99.0%          0          0 NFL     Mike Evans: 16,000+ Receiving Yards
kalshi        49.5%    0.0%   99.0%          0          0 NFL     Mike Evans: 17,000+ Receiving Yards
kalshi        49.5%    0.0%   99.0%          0          0 NFL     Mike Evans: 18,000+ Receiving Yards
kalshi        49.5%    0.0%   99.0%          0          0 NFL     Mike Evans: 19,000+ Receiving Yards
kalshi        49.5%    0.0%   99.0%          0          0 NFL     Mike Evans: 20,000+ Receiving Yards
kalshi        49.5%    0.0%   99.0%          0          0 NFL     Mike Evans: 21,000+ Receiving Yards
kalshi        49.5%    0.0%   99.0%          0          0 NFL     Mike Evans: 22,000+ Receiving Yards
kalshi        49.5%    0.0%   99.0%          0          0 NFL     Mike Evans: 22,896+ Receiving Yards
kalshi        96.5%   94.0%   99.0%          0          0 NFL     Patrick Mahomes: 40,000+ Passing Yards
kalshi        87.5%   83.0%   92.0%          0          0 NFL     Patrick Mahomes: 50,000+ Passing Yards
kalshi        63.5%   59.0%   68.0%          0          0 NFL     Patrick Mahomes: 60,000+ Passing Yards
kalshi        38.5%   34.0%   43.0%          0          0 NFL     Patrick Mahomes: 70,000+ Passing Yards
kalshi        16.5%   12.0%   21.0%          0          0 NFL     Patrick Mahomes: 80,000+ Passing Yards
kalshi         5.5%    1.0%   10.0%          0          0 NFL     Patrick Mahomes: 89,215+ Passing Yards
kalshi        49.5%    0.0%   99.0%          0          0 NFL     Josh Allen: 35,000+ Passing Yards
kalshi        49.5%    0.0%   99.0%          0          0 NFL     Josh Allen: 40,000+ Passing Yards
kalshi        49.5%    0.0%   99.0%          0          0 NFL     Josh Allen: 50,000+ Passing Yards
kalshi        49.5%    0.0%   99.0%          0          0 NFL     Josh Allen: 60,000+ Passing Yards
kalshi        49.5%    0.0%   99.0%          0          0 NFL     Josh Allen: 70,000+ Passing Yards
RUNNER LIVE MARKET SCOUT — Kalshi + Polymarket
Updated: 2026-09-29T01:43:57.796Z | persisted market events=39583 price events=39583
kalshi:UP 565ms
------------------------------------------------------------------------------------------------------------------------
PROVIDER       PROB     BID     ASK        LIQ        VOL SPORT   MARKET
kalshi        82.5%   80.0%   85.0%          0        757         Will Kylian Mbappe score at least 30 goals in the World Cup 
kalshi        17.5%   15.0%   20.0%          0      2,800         Will Kylian Mbappe score at least 35 goals in the World Cup 
kalshi         5.0%    4.0%    6.0%          0      3,080         Will Kylian Mbappe score at least 40 goals in the World Cup 
kalshi        49.5%    0.0%   99.0%          0          0 NFL     Derrick Henry: 14,000+ Rushing Yards
kalshi        49.5%    0.0%   99.0%          0          0 NFL     Derrick Henry: 15,000+ Rushing Yards
kalshi        49.5%    0.0%   99.0%          0          0 NFL     Derrick Henry: 16,000+ Rushing Yards
kalshi        49.5%    0.0%   99.0%          0          0 NFL     Derrick Henry: 17,000+ Rushing Yards
kalshi        49.5%    0.0%   99.0%          0          0 NFL     Derrick Henry: 18,000+ Rushing Yards
kalshi        49.5%    0.0%   99.0%          0          0 NFL     Derrick Henry: 18,356+ Rushing Yards
kalshi        49.5%    0.0%   99.0%          0          0 NFL     Mike Evans: 14,000+ Receiving Yards
kalshi        49.5%    0.0%   99.0%          0          0 NFL     Mike Evans: 15,000+ Receiving Yards
kalshi        49.5%    0.0%   99.0%          0          0 NFL     Mike Evans: 16,000+ Receiving Yards
kalshi        49.5%    0.0%   99.0%          0          0 NFL     Mike Evans: 17,000+ Receiving Yards
kalshi        49.5%    0.0%   99.0%          0          0 NFL     Mike Evans: 18,000+ Receiving Yards
kalshi        49.5%    0.0%   99.0%          0          0 NFL     Mike Evans: 19,000+ Receiving Yards
kalshi        49.5%    0.0%   99.0%          0          0 NFL     Mike Evans: 20,000+ Receiving Yards
kalshi        49.5%    0.0%   99.0%          0          0 NFL     Mike Evans: 21,000+ Receiving Yards
kalshi        49.5%    0.0%   99.0%          0          0 NFL     Mike Evans: 22,000+ Receiving Yards
kalshi        49.5%    0.0%   99.0%          0          0 NFL     Mike Evans: 22,896+ Receiving Yards
kalshi        96.5%   94.0%   99.0%          0          0 NFL     Patrick Mahomes: 40,000+ Passing Yards
kalshi        87.5%   83.0%   92.0%          0          0 NFL     Patrick Mahomes: 50,000+ Passing Yards
kalshi        63.5%   59.0%   68.0%          0          0 NFL     Patrick Mahomes: 60,000+ Passing Yards
kalshi        38.5%   34.0%   43.0%          0          0 NFL     Patrick Mahomes: 70,000+ Passing Yards
kalshi        16.5%   12.0%   21.0%          0          0 NFL     Patrick Mahomes: 80,000+ Passing Yards
kalshi         5.5%    1.0%   10.0%          0          0 NFL     Patrick Mahomes: 89,215+ Passing Yards
kalshi        49.5%    0.0%   99.0%          0          0 NFL     Josh Allen: 35,000+ Passing Yards
kalshi        49.5%    0.0%   99.0%          0          0 NFL     Josh Allen: 40,000+ Passing Yards
kalshi        49.5%    0.0%   99.0%          0          0 NFL     Josh Allen: 50,000+ Passing Yards
kalshi        49.5%    0.0%   99.0%          0          0 NFL     Josh Allen: 60,000+ Passing Yards
kalshi        49.5%    0.0%   99.0%          0          0 NFL     Josh Allen: 70,000+ Passing Yards
RUNNER LIVE MARKET SCOUT — Kalshi + Polymarket
Updated: 2026-09-29T01:44:28.738Z | persisted market events=39583 price events=39583
kalshi:UP 530ms
------------------------------------------------------------------------------------------------------------------------
PROVIDER       PROB     BID     ASK        LIQ        VOL SPORT   MARKET
kalshi        82.5%   80.0%   85.0%          0        757         Will Kylian Mbappe score at least 30 goals in the World Cup 
kalshi        16.0%   15.0%   17.0%          0      2,800         Will Kylian Mbappe score at least 35 goals in the World Cup 
kalshi         5.0%    4.0%    6.0%          0      3,080         Will Kylian Mbappe score at least 40 goals in the World Cup 
kalshi        49.5%    0.0%   99.0%          0          0 NFL     Derrick Henry: 14,000+ Rushing Yards
kalshi        49.5%    0.0%   99.0%          0          0 NFL     Derrick Henry: 15,000+ Rushing Yards
kalshi        49.5%    0.0%   99.0%          0          0 NFL     Derrick Henry: 16,000+ Rushing Yards
kalshi        49.5%    0.0%   99.0%          0          0 NFL     Derrick Henry: 17,000+ Rushing Yards
kalshi        49.5%    0.0%   99.0%          0          0 NFL     Derrick Henry: 18,000+ Rushing Yards
kalshi        49.5%    0.0%   99.0%          0          0 NFL     Derrick Henry: 18,356+ Rushing Yards
kalshi        49.5%    0.0%   99.0%          0          0 NFL     Mike Evans: 14,000+ Receiving Yards
kalshi        49.5%    0.0%   99.0%          0          0 NFL     Mike Evans: 15,000+ Receiving Yards
kalshi        49.5%    0.0%   99.0%          0          0 NFL     Mike Evans: 16,000+ Receiving Yards
kalshi        49.5%    0.0%   99.0%          0          0 NFL     Mike Evans: 17,000+ Receiving Yards
kalshi        49.5%    0.0%   99.0%          0          0 NFL     Mike Evans: 18,000+ Receiving Yards
kalshi        49.5%    0.0%   99.0%          0          0 NFL     Mike Evans: 19,000+ Receiving Yards
kalshi        49.5%    0.0%   99.0%          0          0 NFL     Mike Evans: 20,000+ Receiving Yards
kalshi        49.5%    0.0%   99.0%          0          0 NFL     Mike Evans: 21,000+ Receiving Yards
kalshi        49.5%    0.0%   99.0%          0          0 NFL     Mike Evans: 22,000+ Receiving Yards
kalshi        49.5%    0.0%   99.0%          0          0 NFL     Mike Evans: 22,896+ Receiving Yards
kalshi        96.5%   94.0%   99.0%          0          0 NFL     Patrick Mahomes: 40,000+ Passing Yards
kalshi        87.5%   83.0%   92.0%          0          0 NFL     Patrick Mahomes: 50,000+ Passing Yards
kalshi        63.5%   59.0%   68.0%          0          0 NFL     Patrick Mahomes: 60,000+ Passing Yards
kalshi        38.5%   34.0%   43.0%          0          0 NFL     Patrick Mahomes: 70,000+ Passing Yards
kalshi        16.5%   12.0%   21.0%          0          0 NFL     Patrick Mahomes: 80,000+ Passing Yards
kalshi         5.5%    1.0%   10.0%          0          0 NFL     Patrick Mahomes: 89,215+ Passing Yards
kalshi        49.5%    0.0%   99.0%          0          0 NFL     Josh Allen: 35,000+ Passing Yards
kalshi        49.5%    0.0%   99.0%          0          0 NFL     Josh Allen: 40,000+ Passing Yards
kalshi        49.5%    0.0%   99.0%          0          0 NFL     Josh Allen: 50,000+ Passing Yards
kalshi        49.5%    0.0%   99.0%          0          0 NFL     Josh Allen: 60,000+ Passing Yards
kalshi        49.5%    0.0%   99.0%          0          0 NFL     Josh Allen: 70,000+ Passing Yards
RUNNER LIVE MARKET SCOUT — Kalshi + Polymarket
Updated: 2026-09-29T01:44:59.869Z | persisted market events=39583 price events=39583
kalshi:UP 622ms
------------------------------------------------------------------------------------------------------------------------
PROVIDER       PROB     BID     ASK        LIQ        VOL SPORT   MARKET
kalshi        82.5%   80.0%   85.0%          0        757         Will Kylian Mbappe score at least 30 goals in the World Cup 
kalshi        16.0%   15.0%   17.0%          0      2,800         Will Kylian Mbappe score at least 35 goals in the World Cup 
kalshi         5.0%    4.0%    6.0%          0      3,080         Will Kylian Mbappe score at least 40 goals in the World Cup 
kalshi        49.5%    0.0%   99.0%          0          0 NFL     Derrick Henry: 14,000+ Rushing Yards
kalshi        49.5%    0.0%   99.0%          0          0 NFL     Derrick Henry: 15,000+ Rushing Yards
kalshi        49.5%    0.0%   99.0%          0          0 NFL     Derrick Henry: 16,000+ Rushing Yards
kalshi        49.5%    0.0%   99.0%          0          0 NFL     Derrick Henry: 17,000+ Rushing Yards
kalshi        49.5%    0.0%   99.0%          0          0 NFL     Derrick Henry: 18,000+ Rushing Yards
kalshi        49.5%    0.0%   99.0%          0          0 NFL     Derrick Henry: 18,356+ Rushing Yards
kalshi        49.5%    0.0%   99.0%          0          0 NFL     Mike Evans: 14,000+ Receiving Yards
kalshi        49.5%    0.0%   99.0%          0          0 NFL     Mike Evans: 15,000+ Receiving Yards
kalshi        49.5%    0.0%   99.0%          0          0 NFL     Mike Evans: 16,000+ Receiving Yards
kalshi        49.5%    0.0%   99.0%          0          0 NFL     Mike Evans: 17,000+ Receiving Yards
kalshi        49.5%    0.0%   99.0%          0          0 NFL     Mike Evans: 18,000+ Receiving Yards
kalshi        49.5%    0.0%   99.0%          0          0 NFL     Mike Evans: 19,000+ Receiving Yards
kalshi        49.5%    0.0%   99.0%          0          0 NFL     Mike Evans: 20,000+ Receiving Yards
kalshi        49.5%    0.0%   99.0%          0          0 NFL     Mike Evans: 21,000+ Receiving Yards
kalshi        49.5%    0.0%   99.0%          0          0 NFL     Mike Evans: 22,000+ Receiving Yards
kalshi        49.5%    0.0%   99.0%          0          0 NFL     Mike Evans: 22,896+ Receiving Yards
kalshi        96.5%   94.0%   99.0%          0          0 NFL     Patrick Mahomes: 40,000+ Passing Yards
kalshi        87.5%   83.0%   92.0%          0          0 NFL     Patrick Mahomes: 50,000+ Passing Yards
kalshi        63.5%   59.0%   68.0%          0          0 NFL     Patrick Mahomes: 60,000+ Passing Yards
kalshi        38.5%   34.0%   43.0%          0          0 NFL     Patrick Mahomes: 70,000+ Passing Yards
kalshi        16.5%   12.0%   21.0%          0          0 NFL     Patrick Mahomes: 80,000+ Passing Yards
kalshi         5.5%    1.0%   10.0%          0          0 NFL     Patrick Mahomes: 89,215+ Passing Yards
kalshi        49.5%    0.0%   99.0%          0          0 NFL     Josh Allen: 35,000+ Passing Yards
kalshi        49.5%    0.0%   99.0%          0          0 NFL     Josh Allen: 40,000+ Passing Yards
kalshi        49.5%    0.0%   99.0%          0          0 NFL     Josh Allen: 50,000+ Passing Yards
kalshi        49.5%    0.0%   99.0%          0          0 NFL     Josh Allen: 60,000+ Passing Yards
kalshi        49.5%    0.0%   99.0%          0          0 NFL     Josh Allen: 70,000+ Passing Yards
RUNNER LIVE MARKET SCOUT — Kalshi + Polymarket
Updated: 2026-09-29T01:45:30.977Z | persisted market events=39583 price events=39583
kalshi:UP 606ms
------------------------------------------------------------------------------------------------------------------------
PROVIDER       PROB     BID     ASK        LIQ        VOL SPORT   MARKET
kalshi        82.5%   80.0%   85.0%          0        757         Will Kylian Mbappe score at least 30 goals in the World Cup 
kalshi        16.0%   15.0%   17.0%          0      2,800         Will Kylian Mbappe score at least 35 goals in the World Cup 
kalshi         5.0%    4.0%    6.0%          0      3,080         Will Kylian Mbappe score at least 40 goals in the World Cup 
kalshi        49.5%    0.0%   99.0%          0          0 NFL     Derrick Henry: 14,000+ Rushing Yards
kalshi        49.5%    0.0%   99.0%          0          0 NFL     Derrick Henry: 15,000+ Rushing Yards
kalshi        49.5%    0.0%   99.0%          0          0 NFL     Derrick Henry: 16,000+ Rushing Yards
kalshi        49.5%    0.0%   99.0%          0          0 NFL     Derrick Henry: 17,000+ Rushing Yards
kalshi        49.5%    0.0%   99.0%          0          0 NFL     Derrick Henry: 18,000+ Rushing Yards
kalshi        49.5%    0.0%   99.0%          0          0 NFL     Derrick Henry: 18,356+ Rushing Yards
kalshi        49.5%    0.0%   99.0%          0          0 NFL     Mike Evans: 14,000+ Receiving Yards
kalshi        49.5%    0.0%   99.0%          0          0 NFL     Mike Evans: 15,000+ Receiving Yards
kalshi        49.5%    0.0%   99.0%          0          0 NFL     Mike Evans: 16,000+ Receiving Yards
kalshi        49.5%    0.0%   99.0%          0          0 NFL     Mike Evans: 17,000+ Receiving Yards
kalshi        49.5%    0.0%   99.0%          0          0 NFL     Mike Evans: 18,000+ Receiving Yards
kalshi        49.5%    0.0%   99.0%          0          0 NFL     Mike Evans: 19,000+ Receiving Yards
kalshi        49.5%    0.0%   99.0%          0          0 NFL     Mike Evans: 20,000+ Receiving Yards
kalshi        49.5%    0.0%   99.0%          0          0 NFL     Mike Evans: 21,000+ Receiving Yards
kalshi        49.5%    0.0%   99.0%          0          0 NFL     Mike Evans: 22,000+ Receiving Yards
kalshi        49.5%    0.0%   99.0%          0          0 NFL     Mike Evans: 22,896+ Receiving Yards
kalshi        96.5%   94.0%   99.0%          0          0 NFL     Patrick Mahomes: 40,000+ Passing Yards
kalshi        87.5%   83.0%   92.0%          0          0 NFL     Patrick Mahomes: 50,000+ Passing Yards
kalshi        63.5%   59.0%   68.0%          0          0 NFL     Patrick Mahomes: 60,000+ Passing Yards
kalshi        38.5%   34.0%   43.0%          0          0 NFL     Patrick Mahomes: 70,000+ Passing Yards
kalshi        16.5%   12.0%   21.0%          0          0 NFL     Patrick Mahomes: 80,000+ Passing Yards
kalshi         5.5%    1.0%   10.0%          0          0 NFL     Patrick Mahomes: 89,215+ Passing Yards
kalshi        49.5%    0.0%   99.0%          0          0 NFL     Josh Allen: 35,000+ Passing Yards
kalshi        49.5%    0.0%   99.0%          0          0 NFL     Josh Allen: 40,000+ Passing Yards
kalshi        49.5%    0.0%   99.0%          0          0 NFL     Josh Allen: 50,000+ Passing Yards
kalshi        49.5%    0.0%   99.0%          0          0 NFL     Josh Allen: 60,000+ Passing Yards
kalshi        49.5%    0.0%   99.0%          0          0 NFL     Josh Allen: 70,000+ Passing Yards
RUNNER LIVE MARKET SCOUT — Kalshi + Polymarket
Updated: 2026-09-29T01:46:01.872Z | persisted market events=39583 price events=39583
kalshi:UP 517ms
------------------------------------------------------------------------------------------------------------------------
PROVIDER       PROB     BID     ASK        LIQ        VOL SPORT   MARKET
kalshi        82.5%   80.0%   85.0%          0        757         Will Kylian Mbappe score at least 30 goals in the World Cup 
kalshi        17.5%   15.0%   20.0%          0      2,800         Will Kylian Mbappe score at least 35 goals in the World Cup 
kalshi         5.0%    4.0%    6.0%          0      3,080         Will Kylian Mbappe score at least 40 goals in the World Cup 
kalshi        49.5%    0.0%   99.0%          0          0 NFL     Derrick Henry: 14,000+ Rushing Yards
kalshi        49.5%    0.0%   99.0%          0          0 NFL     Derrick Henry: 15,000+ Rushing Yards
kalshi        49.5%    0.0%   99.0%          0          0 NFL     Derrick Henry: 16,000+ Rushing Yards
kalshi        49.5%    0.0%   99.0%          0          0 NFL     Derrick Henry: 17,000+ Rushing Yards
kalshi        49.5%    0.0%   99.0%          0          0 NFL     Derrick Henry: 18,000+ Rushing Yards
kalshi        49.5%    0.0%   99.0%          0          0 NFL     Derrick Henry: 18,356+ Rushing Yards
kalshi        49.5%    0.0%   99.0%          0          0 NFL     Mike Evans: 14,000+ Receiving Yards
kalshi        49.5%    0.0%   99.0%          0          0 NFL     Mike Evans: 15,000+ Receiving Yards
kalshi        49.5%    0.0%   99.0%          0          0 NFL     Mike Evans: 16,000+ Receiving Yards
kalshi        49.5%    0.0%   99.0%          0          0 NFL     Mike Evans: 17,000+ Receiving Yards
kalshi        49.5%    0.0%   99.0%          0          0 NFL     Mike Evans: 18,000+ Receiving Yards
kalshi        49.5%    0.0%   99.0%          0          0 NFL     Mike Evans: 19,000+ Receiving Yards
kalshi        49.5%    0.0%   99.0%          0          0 NFL     Mike Evans: 20,000+ Receiving Yards
kalshi        49.5%    0.0%   99.0%          0          0 NFL     Mike Evans: 21,000+ Receiving Yards
kalshi        49.5%    0.0%   99.0%          0          0 NFL     Mike Evans: 22,000+ Receiving Yards
kalshi        49.5%    0.0%   99.0%          0          0 NFL     Mike Evans: 22,896+ Receiving Yards
kalshi        96.5%   94.0%   99.0%          0          0 NFL     Patrick Mahomes: 40,000+ Passing Yards
kalshi        87.5%   83.0%   92.0%          0          0 NFL     Patrick Mahomes: 50,000+ Passing Yards
kalshi        63.5%   59.0%   68.0%          0          0 NFL     Patrick Mahomes: 60,000+ Passing Yards
kalshi        38.5%   34.0%   43.0%          0          0 NFL     Patrick Mahomes: 70,000+ Passing Yards
kalshi        16.5%   12.0%   21.0%          0          0 NFL     Patrick Mahomes: 80,000+ Passing Yards
kalshi         5.5%    1.0%   10.0%          0          0 NFL     Patrick Mahomes: 89,215+ Passing Yards
kalshi        49.5%    0.0%   99.0%          0          0 NFL     Josh Allen: 35,000+ Passing Yards
kalshi        49.5%    0.0%   99.0%          0          0 NFL     Josh Allen: 40,000+ Passing Yards
kalshi        49.5%    0.0%   99.0%          0          0 NFL     Josh Allen: 50,000+ Passing Yards
kalshi        49.5%    0.0%   99.0%          0          0 NFL     Josh Allen: 60,000+ Passing Yards
kalshi        49.5%    0.0%   99.0%          0          0 NFL     Josh Allen: 70,000+ Passing Yards
RUNNER LIVE MARKET SCOUT — Kalshi + Polymarket
Updated: 2026-09-29T01:46:32.849Z | persisted market events=39583 price events=39583
kalshi:UP 567ms
------------------------------------------------------------------------------------------------------------------------
PROVIDER       PROB     BID     ASK        LIQ        VOL SPORT   MARKET
kalshi        82.5%   80.0%   85.0%          0        757         Will Kylian Mbappe score at least 30 goals in the World Cup 
kalshi        17.5%   15.0%   20.0%          0      2,800         Will Kylian Mbappe score at least 35 goals in the World Cup 
kalshi         5.0%    4.0%    6.0%          0      3,080         Will Kylian Mbappe score at least 40 goals in the World Cup 
kalshi        49.5%    0.0%   99.0%          0          0 NFL     Derrick Henry: 14,000+ Rushing Yards
kalshi        49.5%    0.0%   99.0%          0          0 NFL     Derrick Henry: 15,000+ Rushing Yards
kalshi        49.5%    0.0%   99.0%          0          0 NFL     Derrick Henry: 16,000+ Rushing Yards
kalshi        49.5%    0.0%   99.0%          0          0 NFL     Derrick Henry: 17,000+ Rushing Yards
kalshi        49.5%    0.0%   99.0%          0          0 NFL     Derrick Henry: 18,000+ Rushing Yards
kalshi        49.5%    0.0%   99.0%          0          0 NFL     Derrick Henry: 18,356+ Rushing Yards
kalshi        49.5%    0.0%   99.0%          0          0 NFL     Mike Evans: 14,000+ Receiving Yards
kalshi        49.5%    0.0%   99.0%          0          0 NFL     Mike Evans: 15,000+ Receiving Yards
kalshi        49.5%    0.0%   99.0%          0          0 NFL     Mike Evans: 16,000+ Receiving Yards
kalshi        49.5%    0.0%   99.0%          0          0 NFL     Mike Evans: 17,000+ Receiving Yards
kalshi        49.5%    0.0%   99.0%          0          0 NFL     Mike Evans: 18,000+ Receiving Yards
kalshi        49.5%    0.0%   99.0%          0          0 NFL     Mike Evans: 19,000+ Receiving Yards
kalshi        49.5%    0.0%   99.0%          0          0 NFL     Mike Evans: 20,000+ Receiving Yards
kalshi        49.5%    0.0%   99.0%          0          0 NFL     Mike Evans: 21,000+ Receiving Yards
kalshi        49.5%    0.0%   99.0%          0          0 NFL     Mike Evans: 22,000+ Receiving Yards
kalshi        49.5%    0.0%   99.0%          0          0 NFL     Mike Evans: 22,896+ Receiving Yards
kalshi        96.5%   94.0%   99.0%          0          0 NFL     Patrick Mahomes: 40,000+ Passing Yards
kalshi        87.5%   83.0%   92.0%          0          0 NFL     Patrick Mahomes: 50,000+ Passing Yards
kalshi        63.5%   59.0%   68.0%          0          0 NFL     Patrick Mahomes: 60,000+ Passing Yards
kalshi        38.5%   34.0%   43.0%          0          0 NFL     Patrick Mahomes: 70,000+ Passing Yards
kalshi        16.5%   12.0%   21.0%          0          0 NFL     Patrick Mahomes: 80,000+ Passing Yards
kalshi         5.5%    1.0%   10.0%          0          0 NFL     Patrick Mahomes: 89,215+ Passing Yards
kalshi        49.5%    0.0%   99.0%          0          0 NFL     Josh Allen: 35,000+ Passing Yards
kalshi        49.5%    0.0%   99.0%          0          0 NFL     Josh Allen: 40,000+ Passing Yards
kalshi        49.5%    0.0%   99.0%          0          0 NFL     Josh Allen: 50,000+ Passing Yards
kalshi        49.5%    0.0%   99.0%          0          0 NFL     Josh Allen: 60,000+ Passing Yards
kalshi        49.5%    0.0%   99.0%          0          0 NFL     Josh Allen: 70,000+ Passing Yards
RUNNER LIVE MARKET SCOUT — Kalshi + Polymarket
Updated: 2026-09-29T06:34:58.286Z | persisted market events=39594 price events=39594
kalshi:UP 5484ms
------------------------------------------------------------------------------------------------------------------------
PROVIDER       PROB     BID     ASK        LIQ        VOL SPORT   MARKET
kalshi        82.5%   80.0%   85.0%          0        757         Will Kylian Mbappe score at least 30 goals in the World Cup 
kalshi        17.5%   15.0%   20.0%          0      2,800         Will Kylian Mbappe score at least 35 goals in the World Cup 
kalshi         5.0%    4.0%    6.0%          0      3,080         Will Kylian Mbappe score at least 40 goals in the World Cup 
kalshi        49.5%    0.0%   99.0%          0          0 NFL     Derrick Henry: 14,000+ Rushing Yards
kalshi        49.5%    0.0%   99.0%          0          0 NFL     Derrick Henry: 15,000+ Rushing Yards
kalshi        49.5%    0.0%   99.0%          0          0 NFL     Derrick Henry: 16,000+ Rushing Yards
kalshi        49.5%    0.0%   99.0%          0          0 NFL     Derrick Henry: 17,000+ Rushing Yards
kalshi        49.5%    0.0%   99.0%          0          0 NFL     Derrick Henry: 18,000+ Rushing Yards
kalshi        78.5%   60.0%   97.0%          0          4 NFL     Derrick Henry: 18,356+ Rushing Yards
kalshi        49.5%    0.0%   99.0%          0          0 NFL     Mike Evans: 14,000+ Receiving Yards
kalshi        49.5%    0.0%   99.0%          0          0 NFL     Mike Evans: 15,000+ Receiving Yards
kalshi        49.5%    0.0%   99.0%          0          0 NFL     Mike Evans: 16,000+ Receiving Yards
kalshi        49.5%    0.0%   99.0%          0          0 NFL     Mike Evans: 17,000+ Receiving Yards
kalshi        49.5%    0.0%   99.0%          0          0 NFL     Mike Evans: 18,000+ Receiving Yards
kalshi        49.5%    0.0%   99.0%          0          0 NFL     Mike Evans: 19,000+ Receiving Yards
kalshi        49.5%    0.0%   99.0%          0          0 NFL     Mike Evans: 20,000+ Receiving Yards
kalshi        49.5%    0.0%   99.0%          0          0 NFL     Mike Evans: 21,000+ Receiving Yards
kalshi        49.5%    0.0%   99.0%          0          0 NFL     Mike Evans: 22,000+ Receiving Yards
kalshi        49.5%    0.0%   99.0%          0          0 NFL     Mike Evans: 22,896+ Receiving Yards
kalshi        96.5%   94.0%   99.0%          0          0 NFL     Patrick Mahomes: 40,000+ Passing Yards
kalshi        87.0%   83.0%   91.0%          0          0 NFL     Patrick Mahomes: 50,000+ Passing Yards
kalshi        63.0%   59.0%   67.0%          0          0 NFL     Patrick Mahomes: 60,000+ Passing Yards
kalshi        38.0%   34.0%   42.0%          0          0 NFL     Patrick Mahomes: 70,000+ Passing Yards
kalshi        16.0%   12.0%   20.0%          0          0 NFL     Patrick Mahomes: 80,000+ Passing Yards
kalshi         5.0%    1.0%    9.0%          0          0 NFL     Patrick Mahomes: 89,215+ Passing Yards
kalshi        49.5%    0.0%   99.0%          0          0 NFL     Josh Allen: 35,000+ Passing Yards
kalshi        49.5%    0.0%   99.0%          0          0 NFL     Josh Allen: 40,000+ Passing Yards
kalshi        49.5%    0.0%   99.0%          0          0 NFL     Josh Allen: 50,000+ Passing Yards
kalshi        49.5%    0.0%   99.0%          0          0 NFL     Josh Allen: 60,000+ Passing Yards
kalshi        49.5%    0.0%   99.0%          0          0 NFL     Josh Allen: 70,000+ Passing Yards
RUNNER LIVE MARKET SCOUT — Kalshi + Polymarket
Updated: 2026-09-29T08:16:31.688Z | persisted market events=39606 price events=39606
kalshi:UP 5187ms
------------------------------------------------------------------------------------------------------------------------
PROVIDER       PROB     BID     ASK        LIQ        VOL SPORT   MARKET
kalshi        83.0%   80.0%   86.0%          0        757         Will Kylian Mbappe score at least 30 goals in the World Cup 
kalshi        17.5%   15.0%   20.0%          0      2,800         Will Kylian Mbappe score at least 35 goals in the World Cup 
kalshi         3.5%    1.0%    6.0%          0      3,080         Will Kylian Mbappe score at least 40 goals in the World Cup 
kalshi        49.5%    0.0%   99.0%          0          0 NFL     Derrick Henry: 14,000+ Rushing Yards
kalshi        49.5%    0.0%   99.0%          0          0 NFL     Derrick Henry: 15,000+ Rushing Yards
kalshi        49.5%    0.0%   99.0%          0          0 NFL     Derrick Henry: 16,000+ Rushing Yards
kalshi        49.5%    0.0%   99.0%          0          0 NFL     Derrick Henry: 17,000+ Rushing Yards
kalshi        49.5%    0.0%   99.0%          0          0 NFL     Derrick Henry: 18,000+ Rushing Yards
kalshi        78.5%   60.0%   97.0%          0          4 NFL     Derrick Henry: 18,356+ Rushing Yards
kalshi        49.5%    0.0%   99.0%          0          0 NFL     Mike Evans: 14,000+ Receiving Yards
kalshi        49.5%    0.0%   99.0%          0          0 NFL     Mike Evans: 15,000+ Receiving Yards
kalshi        49.5%    0.0%   99.0%          0          0 NFL     Mike Evans: 16,000+ Receiving Yards
kalshi        49.5%    0.0%   99.0%          0          0 NFL     Mike Evans: 17,000+ Receiving Yards
kalshi        49.5%    0.0%   99.0%          0          0 NFL     Mike Evans: 18,000+ Receiving Yards
kalshi        49.5%    0.0%   99.0%          0          0 NFL     Mike Evans: 19,000+ Receiving Yards
kalshi        49.5%    0.0%   99.0%          0          0 NFL     Mike Evans: 20,000+ Receiving Yards
kalshi        49.5%    0.0%   99.0%          0          0 NFL     Mike Evans: 21,000+ Receiving Yards
kalshi        49.5%    0.0%   99.0%          0          0 NFL     Mike Evans: 22,000+ Receiving Yards
kalshi        49.5%    0.0%   99.0%          0          0 NFL     Mike Evans: 22,896+ Receiving Yards
kalshi        96.5%   94.0%   99.0%          0          0 NFL     Patrick Mahomes: 40,000+ Passing Yards
kalshi        87.0%   83.0%   91.0%          0          0 NFL     Patrick Mahomes: 50,000+ Passing Yards
kalshi        63.0%   59.0%   67.0%          0          0 NFL     Patrick Mahomes: 60,000+ Passing Yards
kalshi        38.0%   34.0%   42.0%          0          0 NFL     Patrick Mahomes: 70,000+ Passing Yards
kalshi        16.0%   12.0%   20.0%          0          0 NFL     Patrick Mahomes: 80,000+ Passing Yards
kalshi         5.0%    1.0%    9.0%          0          0 NFL     Patrick Mahomes: 89,215+ Passing Yards
kalshi        49.5%    0.0%   99.0%          0          0 NFL     Josh Allen: 35,000+ Passing Yards
kalshi        49.5%    0.0%   99.0%          0          0 NFL     Josh Allen: 40,000+ Passing Yards
kalshi        49.5%    0.0%   99.0%          0          0 NFL     Josh Allen: 50,000+ Passing Yards
kalshi        49.5%    0.0%   99.0%          0          0 NFL     Josh Allen: 60,000+ Passing Yards
kalshi        49.5%    0.0%   99.0%          0          0 NFL     Josh Allen: 70,000+ Passing Yards
RUNNER LIVE MARKET SCOUT — Kalshi + Polymarket
Updated: 2026-09-29T09:09:07.187Z | persisted market events=39613 price events=39613
kalshi:UP 2592ms
------------------------------------------------------------------------------------------------------------------------
PROVIDER       PROB     BID     ASK        LIQ        VOL SPORT   MARKET
kalshi        82.5%   80.0%   85.0%          0        757         Will Kylian Mbappe score at least 30 goals in the World Cup 
kalshi        17.5%   15.0%   20.0%          0      2,800         Will Kylian Mbappe score at least 35 goals in the World Cup 
kalshi         4.0%    2.0%    6.0%          0      3,080         Will Kylian Mbappe score at least 40 goals in the World Cup 
kalshi        49.5%    0.0%   99.0%          0          0 NFL     Derrick Henry: 14,000+ Rushing Yards
kalshi        49.5%    0.0%   99.0%          0          0 NFL     Derrick Henry: 15,000+ Rushing Yards
kalshi        49.5%    0.0%   99.0%          0          0 NFL     Derrick Henry: 16,000+ Rushing Yards
kalshi        49.5%    0.0%   99.0%          0          0 NFL     Derrick Henry: 17,000+ Rushing Yards
kalshi        49.5%    0.0%   99.0%          0          0 NFL     Derrick Henry: 18,000+ Rushing Yards
kalshi        78.5%   60.0%   97.0%          0          4 NFL     Derrick Henry: 18,356+ Rushing Yards
kalshi        49.5%    0.0%   99.0%          0          0 NFL     Mike Evans: 14,000+ Receiving Yards
kalshi        49.5%    0.0%   99.0%          0          0 NFL     Mike Evans: 15,000+ Receiving Yards
kalshi        49.5%    0.0%   99.0%          0          0 NFL     Mike Evans: 16,000+ Receiving Yards
kalshi        49.5%    0.0%   99.0%          0          0 NFL     Mike Evans: 17,000+ Receiving Yards
kalshi        49.5%    0.0%   99.0%          0          0 NFL     Mike Evans: 18,000+ Receiving Yards
kalshi        49.5%    0.0%   99.0%          0          0 NFL     Mike Evans: 19,000+ Receiving Yards
kalshi        49.5%    0.0%   99.0%          0          0 NFL     Mike Evans: 20,000+ Receiving Yards
kalshi        49.5%    0.0%   99.0%          0          0 NFL     Mike Evans: 21,000+ Receiving Yards
kalshi        49.5%    0.0%   99.0%          0          0 NFL     Mike Evans: 22,000+ Receiving Yards
kalshi        49.5%    0.0%   99.0%          0          0 NFL     Mike Evans: 22,896+ Receiving Yards
kalshi        96.5%   94.0%   99.0%          0          0 NFL     Patrick Mahomes: 40,000+ Passing Yards
kalshi        87.0%   83.0%   91.0%          0          0 NFL     Patrick Mahomes: 50,000+ Passing Yards
kalshi        63.0%   59.0%   67.0%          0          0 NFL     Patrick Mahomes: 60,000+ Passing Yards
kalshi        38.0%   34.0%   42.0%          0          0 NFL     Patrick Mahomes: 70,000+ Passing Yards
kalshi        16.0%   12.0%   20.0%          0          0 NFL     Patrick Mahomes: 80,000+ Passing Yards
kalshi         5.0%    1.0%    9.0%          0          0 NFL     Patrick Mahomes: 89,215+ Passing Yards
kalshi        49.5%    0.0%   99.0%          0          0 NFL     Josh Allen: 35,000+ Passing Yards
kalshi        49.5%    0.0%   99.0%          0          0 NFL     Josh Allen: 40,000+ Passing Yards
kalshi        49.5%    0.0%   99.0%          0          0 NFL     Josh Allen: 50,000+ Passing Yards
kalshi        49.5%    0.0%   99.0%          0          0 NFL     Josh Allen: 60,000+ Passing Yards
kalshi        49.5%    0.0%   99.0%          0          0 NFL     Josh Allen: 70,000+ Passing Yards
RUNNER LIVE MARKET SCOUT — Kalshi + Polymarket
Updated: 2026-09-29T12:43:56.530Z | persisted market events=39621 price events=39621
kalshi:UP 3614ms
------------------------------------------------------------------------------------------------------------------------
PROVIDER       PROB     BID     ASK        LIQ        VOL SPORT   MARKET
kalshi        82.5%   80.0%   85.0%          0        757         Will Kylian Mbappe score at least 30 goals in the World Cup 
kalshi        16.0%   15.0%   17.0%          0      2,800         Will Kylian Mbappe score at least 35 goals in the World Cup 
kalshi         4.0%    2.0%    6.0%          0      3,080         Will Kylian Mbappe score at least 40 goals in the World Cup 
kalshi        49.5%    0.0%   99.0%          0          0 NFL     Derrick Henry: 14,000+ Rushing Yards
kalshi        49.5%    0.0%   99.0%          0          0 NFL     Derrick Henry: 15,000+ Rushing Yards
kalshi        49.5%    0.0%   99.0%          0          0 NFL     Derrick Henry: 16,000+ Rushing Yards
kalshi        49.5%    0.0%   99.0%          0          0 NFL     Derrick Henry: 17,000+ Rushing Yards
kalshi        49.5%    0.0%   99.0%          0          0 NFL     Derrick Henry: 18,000+ Rushing Yards
kalshi        78.5%   60.0%   97.0%          0          4 NFL     Derrick Henry: 18,356+ Rushing Yards
kalshi        49.5%    0.0%   99.0%          0          0 NFL     Mike Evans: 14,000+ Receiving Yards
kalshi        49.5%    0.0%   99.0%          0          0 NFL     Mike Evans: 15,000+ Receiving Yards
kalshi        49.5%    0.0%   99.0%          0          0 NFL     Mike Evans: 16,000+ Receiving Yards
kalshi        49.5%    0.0%   99.0%          0          0 NFL     Mike Evans: 17,000+ Receiving Yards
kalshi        49.5%    0.0%   99.0%          0          0 NFL     Mike Evans: 18,000+ Receiving Yards
kalshi        49.5%    0.0%   99.0%          0          0 NFL     Mike Evans: 19,000+ Receiving Yards
kalshi        49.5%    0.0%   99.0%          0          0 NFL     Mike Evans: 20,000+ Receiving Yards
kalshi        49.5%    0.0%   99.0%          0          0 NFL     Mike Evans: 21,000+ Receiving Yards
kalshi        49.5%    0.0%   99.0%          0          0 NFL     Mike Evans: 22,000+ Receiving Yards
kalshi        49.5%    0.0%   99.0%          0          0 NFL     Mike Evans: 22,896+ Receiving Yards
kalshi        96.5%   94.0%   99.0%          0          0 NFL     Patrick Mahomes: 40,000+ Passing Yards
kalshi        87.0%   83.0%   91.0%          0          0 NFL     Patrick Mahomes: 50,000+ Passing Yards
kalshi        63.0%   59.0%   67.0%          0          0 NFL     Patrick Mahomes: 60,000+ Passing Yards
kalshi        38.0%   34.0%   42.0%          0          0 NFL     Patrick Mahomes: 70,000+ Passing Yards
kalshi        16.0%   12.0%   20.0%          0          0 NFL     Patrick Mahomes: 80,000+ Passing Yards
kalshi         5.0%    1.0%    9.0%          0          0 NFL     Patrick Mahomes: 89,215+ Passing Yards
kalshi        49.5%    0.0%   99.0%          0          0 NFL     Josh Allen: 35,000+ Passing Yards
kalshi        49.5%    0.0%   99.0%          0          0 NFL     Josh Allen: 40,000+ Passing Yards
kalshi        49.5%    0.0%   99.0%          0          0 NFL     Josh Allen: 50,000+ Passing Yards
kalshi        49.5%    0.0%   99.0%          0          0 NFL     Josh Allen: 60,000+ Passing Yards
kalshi        49.5%    0.0%   99.0%          0          0 NFL     Josh Allen: 70,000+ Passing Yards
RUNNER LIVE MARKET SCOUT — Kalshi + Polymarket
Updated: 2026-09-29T15:22:05.762Z | persisted market events=39648 price events=39648
kalshi:UP 7071ms
------------------------------------------------------------------------------------------------------------------------
PROVIDER       PROB     BID     ASK        LIQ        VOL SPORT   MARKET
kalshi        82.5%   80.0%   85.0%          0        757         Will Kylian Mbappe score at least 30 goals in the World Cup 
kalshi        16.0%   15.0%   17.0%          0      2,800         Will Kylian Mbappe score at least 35 goals in the World Cup 
kalshi         4.0%    2.0%    6.0%          0      3,080         Will Kylian Mbappe score at least 40 goals in the World Cup 
kalshi        49.5%    0.0%   99.0%          0          0 NFL     Derrick Henry: 14,000+ Rushing Yards
kalshi        49.5%    0.0%   99.0%          0          0 NFL     Derrick Henry: 15,000+ Rushing Yards
kalshi        49.5%    0.0%   99.0%          0          0 NFL     Derrick Henry: 16,000+ Rushing Yards
kalshi        49.5%    0.0%   99.0%          0          0 NFL     Derrick Henry: 17,000+ Rushing Yards
kalshi        49.5%    0.0%   99.0%          0          0 NFL     Derrick Henry: 18,000+ Rushing Yards
kalshi        78.5%   60.0%   97.0%          0          4 NFL     Derrick Henry: 18,356+ Rushing Yards
kalshi        49.5%    0.0%   99.0%          0          0 NFL     Mike Evans: 14,000+ Receiving Yards
kalshi        49.5%    0.0%   99.0%          0          0 NFL     Mike Evans: 15,000+ Receiving Yards
kalshi        49.5%    0.0%   99.0%          0          0 NFL     Mike Evans: 16,000+ Receiving Yards
kalshi        49.5%    0.0%   99.0%          0          0 NFL     Mike Evans: 17,000+ Receiving Yards
kalshi        49.5%    0.0%   99.0%          0          0 NFL     Mike Evans: 18,000+ Receiving Yards
kalshi        49.5%    0.0%   99.0%          0          0 NFL     Mike Evans: 19,000+ Receiving Yards
kalshi        49.5%    0.0%   99.0%          0          0 NFL     Mike Evans: 20,000+ Receiving Yards
kalshi        49.5%    0.0%   99.0%          0          0 NFL     Mike Evans: 21,000+ Receiving Yards
kalshi        49.5%    0.0%   99.0%          0          0 NFL     Mike Evans: 22,000+ Receiving Yards
kalshi        49.5%    0.0%   99.0%          0          0 NFL     Mike Evans: 22,896+ Receiving Yards
kalshi        96.5%   94.0%   99.0%          0          0 NFL     Patrick Mahomes: 40,000+ Passing Yards
kalshi        87.0%   83.0%   91.0%          0          0 NFL     Patrick Mahomes: 50,000+ Passing Yards
kalshi        63.0%   59.0%   67.0%          0          0 NFL     Patrick Mahomes: 60,000+ Passing Yards
kalshi        38.0%   34.0%   42.0%          0          0 NFL     Patrick Mahomes: 70,000+ Passing Yards
kalshi        16.0%   12.0%   20.0%          0          0 NFL     Patrick Mahomes: 80,000+ Passing Yards
kalshi         5.0%    1.0%    9.0%          0          0 NFL     Patrick Mahomes: 89,215+ Passing Yards
kalshi        49.5%    0.0%   99.0%          0          0 NFL     Josh Allen: 35,000+ Passing Yards
kalshi        49.5%    0.0%   99.0%          0          0 NFL     Josh Allen: 40,000+ Passing Yards
kalshi        49.5%    0.0%   99.0%          0          0 NFL     Josh Allen: 50,000+ Passing Yards
kalshi        49.5%    0.0%   99.0%          0          0 NFL     Josh Allen: 60,000+ Passing Yards
kalshi        49.5%    0.0%   99.0%          0          0 NFL     Josh Allen: 70,000+ Passing Yards
RUNNER LIVE MARKET SCOUT — Kalshi + Polymarket
Updated: 2026-09-29T15:22:41.297Z | persisted market events=39656 price events=39656
kalshi:UP 3208ms
------------------------------------------------------------------------------------------------------------------------
PROVIDER       PROB     BID     ASK        LIQ        VOL SPORT   MARKET
kalshi        82.5%   80.0%   85.0%          0        757         Will Kylian Mbappe score at least 30 goals in the World Cup 
kalshi        16.0%   15.0%   17.0%          0      2,800         Will Kylian Mbappe score at least 35 goals in the World Cup 
kalshi         4.0%    2.0%    6.0%          0      3,080         Will Kylian Mbappe score at least 40 goals in the World Cup 
kalshi        49.5%    0.0%   99.0%          0          0 NFL     Derrick Henry: 14,000+ Rushing Yards
kalshi        49.5%    0.0%   99.0%          0          0 NFL     Derrick Henry: 15,000+ Rushing Yards
kalshi        49.5%    0.0%   99.0%          0          0 NFL     Derrick Henry: 16,000+ Rushing Yards
kalshi        49.5%    0.0%   99.0%          0          0 NFL     Derrick Henry: 17,000+ Rushing Yards
kalshi        49.5%    0.0%   99.0%          0          0 NFL     Derrick Henry: 18,000+ Rushing Yards
kalshi        78.5%   60.0%   97.0%          0          4 NFL     Derrick Henry: 18,356+ Rushing Yards
kalshi        49.5%    0.0%   99.0%          0          0 NFL     Mike Evans: 14,000+ Receiving Yards
kalshi        49.5%    0.0%   99.0%          0          0 NFL     Mike Evans: 15,000+ Receiving Yards
kalshi        49.5%    0.0%   99.0%          0          0 NFL     Mike Evans: 16,000+ Receiving Yards
kalshi        49.5%    0.0%   99.0%          0          0 NFL     Mike Evans: 17,000+ Receiving Yards
kalshi        49.5%    0.0%   99.0%          0          0 NFL     Mike Evans: 18,000+ Receiving Yards
kalshi        49.5%    0.0%   99.0%          0          0 NFL     Mike Evans: 19,000+ Receiving Yards
kalshi        49.5%    0.0%   99.0%          0          0 NFL     Mike Evans: 20,000+ Receiving Yards
kalshi        49.5%    0.0%   99.0%          0          0 NFL     Mike Evans: 21,000+ Receiving Yards
kalshi        49.5%    0.0%   99.0%          0          0 NFL     Mike Evans: 22,000+ Receiving Yards
kalshi        49.5%    0.0%   99.0%          0          0 NFL     Mike Evans: 22,896+ Receiving Yards
kalshi        96.5%   94.0%   99.0%          0          0 NFL     Patrick Mahomes: 40,000+ Passing Yards
kalshi        87.0%   83.0%   91.0%          0          0 NFL     Patrick Mahomes: 50,000+ Passing Yards
kalshi        63.0%   59.0%   67.0%          0          0 NFL     Patrick Mahomes: 60,000+ Passing Yards
kalshi        38.0%   34.0%   42.0%          0          0 NFL     Patrick Mahomes: 70,000+ Passing Yards
kalshi        16.0%   12.0%   20.0%          0          0 NFL     Patrick Mahomes: 80,000+ Passing Yards
kalshi         5.0%    1.0%    9.0%          0          0 NFL     Patrick Mahomes: 89,215+ Passing Yards
kalshi        49.5%    0.0%   99.0%          0          0 NFL     Josh Allen: 35,000+ Passing Yards
kalshi        49.5%    0.0%   99.0%          0          0 NFL     Josh Allen: 40,000+ Passing Yards
kalshi        49.5%    0.0%   99.0%          0          0 NFL     Josh Allen: 50,000+ Passing Yards
kalshi        49.5%    0.0%   99.0%          0          0 NFL     Josh Allen: 60,000+ Passing Yards
kalshi        49.5%    0.0%   99.0%          0          0 NFL     Josh Allen: 70,000+ Passing Yards
RUNNER LIVE MARKET SCOUT — Kalshi + Polymarket
Updated: 2026-09-29T15:23:15.465Z | persisted market events=39656 price events=39656
kalshi:UP 1362ms
------------------------------------------------------------------------------------------------------------------------
PROVIDER       PROB     BID     ASK        LIQ        VOL SPORT   MARKET
kalshi        82.5%   80.0%   85.0%          0        757         Will Kylian Mbappe score at least 30 goals in the World Cup 
kalshi        16.0%   15.0%   17.0%          0      2,800         Will Kylian Mbappe score at least 35 goals in the World Cup 
kalshi         4.0%    2.0%    6.0%          0      3,080         Will Kylian Mbappe score at least 40 goals in the World Cup 
kalshi        49.5%    0.0%   99.0%          0          0 NFL     Derrick Henry: 14,000+ Rushing Yards
kalshi        49.5%    0.0%   99.0%          0          0 NFL     Derrick Henry: 15,000+ Rushing Yards
kalshi        49.5%    0.0%   99.0%          0          0 NFL     Derrick Henry: 16,000+ Rushing Yards
kalshi        49.5%    0.0%   99.0%          0          0 NFL     Derrick Henry: 17,000+ Rushing Yards
kalshi        49.5%    0.0%   99.0%          0          0 NFL     Derrick Henry: 18,000+ Rushing Yards
kalshi        78.5%   60.0%   97.0%          0          4 NFL     Derrick Henry: 18,356+ Rushing Yards
kalshi        49.5%    0.0%   99.0%          0          0 NFL     Mike Evans: 14,000+ Receiving Yards
kalshi        49.5%    0.0%   99.0%          0          0 NFL     Mike Evans: 15,000+ Receiving Yards
kalshi        49.5%    0.0%   99.0%          0          0 NFL     Mike Evans: 16,000+ Receiving Yards
kalshi        49.5%    0.0%   99.0%          0          0 NFL     Mike Evans: 17,000+ Receiving Yards
kalshi        49.5%    0.0%   99.0%          0          0 NFL     Mike Evans: 18,000+ Receiving Yards
kalshi        49.5%    0.0%   99.0%          0          0 NFL     Mike Evans: 19,000+ Receiving Yards
kalshi        49.5%    0.0%   99.0%          0          0 NFL     Mike Evans: 20,000+ Receiving Yards
kalshi        49.5%    0.0%   99.0%          0          0 NFL     Mike Evans: 21,000+ Receiving Yards
kalshi        49.5%    0.0%   99.0%          0          0 NFL     Mike Evans: 22,000+ Receiving Yards
kalshi        49.5%    0.0%   99.0%          0          0 NFL     Mike Evans: 22,896+ Receiving Yards
kalshi        96.5%   94.0%   99.0%          0          0 NFL     Patrick Mahomes: 40,000+ Passing Yards
kalshi        87.0%   83.0%   91.0%          0          0 NFL     Patrick Mahomes: 50,000+ Passing Yards
kalshi        63.0%   59.0%   67.0%          0          0 NFL     Patrick Mahomes: 60,000+ Passing Yards
kalshi        38.0%   34.0%   42.0%          0          0 NFL     Patrick Mahomes: 70,000+ Passing Yards
kalshi        16.0%   12.0%   20.0%          0          0 NFL     Patrick Mahomes: 80,000+ Passing Yards
kalshi         5.0%    1.0%    9.0%          0          0 NFL     Patrick Mahomes: 89,215+ Passing Yards
kalshi        49.5%    0.0%   99.0%          0          0 NFL     Josh Allen: 35,000+ Passing Yards
kalshi        49.5%    0.0%   99.0%          0          0 NFL     Josh Allen: 40,000+ Passing Yards
kalshi        49.5%    0.0%   99.0%          0          0 NFL     Josh Allen: 50,000+ Passing Yards
kalshi        49.5%    0.0%   99.0%          0          0 NFL     Josh Allen: 60,000+ Passing Yards
kalshi        49.5%    0.0%   99.0%          0          0 NFL     Josh Allen: 70,000+ Passing Yards
RUNNER LIVE MARKET SCOUT — Kalshi + Polymarket
Updated: 2026-09-29T15:23:47.555Z | persisted market events=39657 price events=39657
kalshi:UP 852ms
------------------------------------------------------------------------------------------------------------------------
PROVIDER       PROB     BID     ASK        LIQ        VOL SPORT   MARKET
kalshi        82.5%   80.0%   85.0%          0        757         Will Kylian Mbappe score at least 30 goals in the World Cup 
kalshi        17.5%   15.0%   20.0%          0      2,800         Will Kylian Mbappe score at least 35 goals in the World Cup 
kalshi         4.0%    2.0%    6.0%          0      3,080         Will Kylian Mbappe score at least 40 goals in the World Cup 
kalshi        49.5%    0.0%   99.0%          0          0 NFL     Derrick Henry: 14,000+ Rushing Yards
kalshi        49.5%    0.0%   99.0%          0          0 NFL     Derrick Henry: 15,000+ Rushing Yards
kalshi        49.5%    0.0%   99.0%          0          0 NFL     Derrick Henry: 16,000+ Rushing Yards
kalshi        49.5%    0.0%   99.0%          0          0 NFL     Derrick Henry: 17,000+ Rushing Yards
kalshi        49.5%    0.0%   99.0%          0          0 NFL     Derrick Henry: 18,000+ Rushing Yards
kalshi        78.5%   60.0%   97.0%          0          4 NFL     Derrick Henry: 18,356+ Rushing Yards
kalshi        49.5%    0.0%   99.0%          0          0 NFL     Mike Evans: 14,000+ Receiving Yards
kalshi        49.5%    0.0%   99.0%          0          0 NFL     Mike Evans: 15,000+ Receiving Yards
kalshi        49.5%    0.0%   99.0%          0          0 NFL     Mike Evans: 16,000+ Receiving Yards
kalshi        49.5%    0.0%   99.0%          0          0 NFL     Mike Evans: 17,000+ Receiving Yards
kalshi        49.5%    0.0%   99.0%          0          0 NFL     Mike Evans: 18,000+ Receiving Yards
kalshi        49.5%    0.0%   99.0%          0          0 NFL     Mike Evans: 19,000+ Receiving Yards
kalshi        49.5%    0.0%   99.0%          0          0 NFL     Mike Evans: 20,000+ Receiving Yards
kalshi        49.5%    0.0%   99.0%          0          0 NFL     Mike Evans: 21,000+ Receiving Yards
kalshi        49.5%    0.0%   99.0%          0          0 NFL     Mike Evans: 22,000+ Receiving Yards
kalshi        49.5%    0.0%   99.0%          0          0 NFL     Mike Evans: 22,896+ Receiving Yards
kalshi        96.5%   94.0%   99.0%          0          0 NFL     Patrick Mahomes: 40,000+ Passing Yards
kalshi        87.0%   83.0%   91.0%          0          0 NFL     Patrick Mahomes: 50,000+ Passing Yards
kalshi        63.0%   59.0%   67.0%          0          0 NFL     Patrick Mahomes: 60,000+ Passing Yards
kalshi        38.0%   34.0%   42.0%          0          0 NFL     Patrick Mahomes: 70,000+ Passing Yards
kalshi        16.0%   12.0%   20.0%          0          0 NFL     Patrick Mahomes: 80,000+ Passing Yards
kalshi         5.0%    1.0%    9.0%          0          0 NFL     Patrick Mahomes: 89,215+ Passing Yards
kalshi        49.5%    0.0%   99.0%          0          0 NFL     Josh Allen: 35,000+ Passing Yards
kalshi        49.5%    0.0%   99.0%          0          0 NFL     Josh Allen: 40,000+ Passing Yards
kalshi        49.5%    0.0%   99.0%          0          0 NFL     Josh Allen: 50,000+ Passing Yards
kalshi        49.5%    0.0%   99.0%          0          0 NFL     Josh Allen: 60,000+ Passing Yards
kalshi        49.5%    0.0%   99.0%          0          0 NFL     Josh Allen: 70,000+ Passing Yards
RUNNER LIVE MARKET SCOUT — Kalshi + Polymarket
Updated: 2026-09-29T15:24:19.985Z | persisted market events=39657 price events=39657
kalshi:UP 945ms
------------------------------------------------------------------------------------------------------------------------
PROVIDER       PROB     BID     ASK        LIQ        VOL SPORT   MARKET
kalshi        82.5%   80.0%   85.0%          0        757         Will Kylian Mbappe score at least 30 goals in the World Cup 
kalshi        16.0%   15.0%   17.0%          0      2,800         Will Kylian Mbappe score at least 35 goals in the World Cup 
kalshi         4.0%    2.0%    6.0%          0      3,080         Will Kylian Mbappe score at least 40 goals in the World Cup 
kalshi        49.5%    0.0%   99.0%          0          0 NFL     Derrick Henry: 14,000+ Rushing Yards
kalshi        49.5%    0.0%   99.0%          0          0 NFL     Derrick Henry: 15,000+ Rushing Yards
kalshi        49.5%    0.0%   99.0%          0          0 NFL     Derrick Henry: 16,000+ Rushing Yards
kalshi        49.5%    0.0%   99.0%          0          0 NFL     Derrick Henry: 17,000+ Rushing Yards
kalshi        49.5%    0.0%   99.0%          0          0 NFL     Derrick Henry: 18,000+ Rushing Yards
kalshi        78.5%   60.0%   97.0%          0          4 NFL     Derrick Henry: 18,356+ Rushing Yards
kalshi        49.5%    0.0%   99.0%          0          0 NFL     Mike Evans: 14,000+ Receiving Yards
kalshi        49.5%    0.0%   99.0%          0          0 NFL     Mike Evans: 15,000+ Receiving Yards
kalshi        49.5%    0.0%   99.0%          0          0 NFL     Mike Evans: 16,000+ Receiving Yards
kalshi        49.5%    0.0%   99.0%          0          0 NFL     Mike Evans: 17,000+ Receiving Yards
kalshi        49.5%    0.0%   99.0%          0          0 NFL     Mike Evans: 18,000+ Receiving Yards
kalshi        49.5%    0.0%   99.0%          0          0 NFL     Mike Evans: 19,000+ Receiving Yards
kalshi        49.5%    0.0%   99.0%          0          0 NFL     Mike Evans: 20,000+ Receiving Yards
kalshi        49.5%    0.0%   99.0%          0          0 NFL     Mike Evans: 21,000+ Receiving Yards
kalshi        49.5%    0.0%   99.0%          0          0 NFL     Mike Evans: 22,000+ Receiving Yards
kalshi        49.5%    0.0%   99.0%          0          0 NFL     Mike Evans: 22,896+ Receiving Yards
kalshi        96.5%   94.0%   99.0%          0          0 NFL     Patrick Mahomes: 40,000+ Passing Yards
kalshi        87.0%   83.0%   91.0%          0          0 NFL     Patrick Mahomes: 50,000+ Passing Yards
kalshi        63.0%   59.0%   67.0%          0          0 NFL     Patrick Mahomes: 60,000+ Passing Yards
kalshi        38.0%   34.0%   42.0%          0          0 NFL     Patrick Mahomes: 70,000+ Passing Yards
kalshi        16.0%   12.0%   20.0%          0          0 NFL     Patrick Mahomes: 80,000+ Passing Yards
kalshi         5.0%    1.0%    9.0%          0          0 NFL     Patrick Mahomes: 89,215+ Passing Yards
kalshi        49.5%    0.0%   99.0%          0          0 NFL     Josh Allen: 35,000+ Passing Yards
kalshi        49.5%    0.0%   99.0%          0          0 NFL     Josh Allen: 40,000+ Passing Yards
kalshi        49.5%    0.0%   99.0%          0          0 NFL     Josh Allen: 50,000+ Passing Yards
kalshi        49.5%    0.0%   99.0%          0          0 NFL     Josh Allen: 60,000+ Passing Yards
kalshi        49.5%    0.0%   99.0%          0          0 NFL     Josh Allen: 70,000+ Passing Yards
RUNNER LIVE MARKET SCOUT — Kalshi + Polymarket
Updated: 2026-09-29T15:24:52.348Z | persisted market events=39657 price events=39657
kalshi:UP 819ms
------------------------------------------------------------------------------------------------------------------------
PROVIDER       PROB     BID     ASK        LIQ        VOL SPORT   MARKET
kalshi        82.5%   80.0%   85.0%          0        757         Will Kylian Mbappe score at least 30 goals in the World Cup 
kalshi        16.0%   15.0%   17.0%          0      2,800         Will Kylian Mbappe score at least 35 goals in the World Cup 
kalshi         4.0%    2.0%    6.0%          0      3,080         Will Kylian Mbappe score at least 40 goals in the World Cup 
kalshi        49.5%    0.0%   99.0%          0          0 NFL     Derrick Henry: 14,000+ Rushing Yards
kalshi        49.5%    0.0%   99.0%          0          0 NFL     Derrick Henry: 15,000+ Rushing Yards
kalshi        49.5%    0.0%   99.0%          0          0 NFL     Derrick Henry: 16,000+ Rushing Yards
kalshi        49.5%    0.0%   99.0%          0          0 NFL     Derrick Henry: 17,000+ Rushing Yards
kalshi        49.5%    0.0%   99.0%          0          0 NFL     Derrick Henry: 18,000+ Rushing Yards
kalshi        78.5%   60.0%   97.0%          0          4 NFL     Derrick Henry: 18,356+ Rushing Yards
kalshi        49.5%    0.0%   99.0%          0          0 NFL     Mike Evans: 14,000+ Receiving Yards
kalshi        49.5%    0.0%   99.0%          0          0 NFL     Mike Evans: 15,000+ Receiving Yards
kalshi        49.5%    0.0%   99.0%          0          0 NFL     Mike Evans: 16,000+ Receiving Yards
kalshi        49.5%    0.0%   99.0%          0          0 NFL     Mike Evans: 17,000+ Receiving Yards
kalshi        49.5%    0.0%   99.0%          0          0 NFL     Mike Evans: 18,000+ Receiving Yards
kalshi        49.5%    0.0%   99.0%          0          0 NFL     Mike Evans: 19,000+ Receiving Yards
kalshi        49.5%    0.0%   99.0%          0          0 NFL     Mike Evans: 20,000+ Receiving Yards
kalshi        49.5%    0.0%   99.0%          0          0 NFL     Mike Evans: 21,000+ Receiving Yards
kalshi        49.5%    0.0%   99.0%          0          0 NFL     Mike Evans: 22,000+ Receiving Yards
kalshi        49.5%    0.0%   99.0%          0          0 NFL     Mike Evans: 22,896+ Receiving Yards
kalshi        96.5%   94.0%   99.0%          0          0 NFL     Patrick Mahomes: 40,000+ Passing Yards
kalshi        87.0%   83.0%   91.0%          0          0 NFL     Patrick Mahomes: 50,000+ Passing Yards
kalshi        63.0%   59.0%   67.0%          0          0 NFL     Patrick Mahomes: 60,000+ Passing Yards
kalshi        38.0%   34.0%   42.0%          0          0 NFL     Patrick Mahomes: 70,000+ Passing Yards
kalshi        16.0%   12.0%   20.0%          0          0 NFL     Patrick Mahomes: 80,000+ Passing Yards
kalshi         5.0%    1.0%    9.0%          0          0 NFL     Patrick Mahomes: 89,215+ Passing Yards
kalshi        49.5%    0.0%   99.0%          0          0 NFL     Josh Allen: 35,000+ Passing Yards
kalshi        49.5%    0.0%   99.0%          0          0 NFL     Josh Allen: 40,000+ Passing Yards
kalshi        49.5%    0.0%   99.0%          0          0 NFL     Josh Allen: 50,000+ Passing Yards
kalshi        49.5%    0.0%   99.0%          0          0 NFL     Josh Allen: 60,000+ Passing Yards
kalshi        49.5%    0.0%   99.0%          0          0 NFL     Josh Allen: 70,000+ Passing Yards
RUNNER LIVE MARKET SCOUT — Kalshi + Polymarket
Updated: 2026-09-29T15:25:24.287Z | persisted market events=39662 price events=39662
kalshi:UP 737ms
------------------------------------------------------------------------------------------------------------------------
PROVIDER       PROB     BID     ASK        LIQ        VOL SPORT   MARKET
kalshi        82.5%   80.0%   85.0%          0        757         Will Kylian Mbappe score at least 30 goals in the World Cup 
kalshi        16.0%   15.0%   17.0%          0      2,800         Will Kylian Mbappe score at least 35 goals in the World Cup 
kalshi         4.0%    2.0%    6.0%          0      3,080         Will Kylian Mbappe score at least 40 goals in the World Cup 
kalshi        49.5%    0.0%   99.0%          0          0 NFL     Derrick Henry: 14,000+ Rushing Yards
kalshi        49.5%    0.0%   99.0%          0          0 NFL     Derrick Henry: 15,000+ Rushing Yards
kalshi        49.5%    0.0%   99.0%          0          0 NFL     Derrick Henry: 16,000+ Rushing Yards
kalshi        49.5%    0.0%   99.0%          0          0 NFL     Derrick Henry: 17,000+ Rushing Yards
kalshi        49.5%    0.0%   99.0%          0          0 NFL     Derrick Henry: 18,000+ Rushing Yards
kalshi        78.5%   60.0%   97.0%          0          4 NFL     Derrick Henry: 18,356+ Rushing Yards
kalshi        49.5%    0.0%   99.0%          0          0 NFL     Mike Evans: 14,000+ Receiving Yards
kalshi        49.5%    0.0%   99.0%          0          0 NFL     Mike Evans: 15,000+ Receiving Yards
kalshi        49.5%    0.0%   99.0%          0          0 NFL     Mike Evans: 16,000+ Receiving Yards
kalshi        49.5%    0.0%   99.0%          0          0 NFL     Mike Evans: 17,000+ Receiving Yards
kalshi        49.5%    0.0%   99.0%          0          0 NFL     Mike Evans: 18,000+ Receiving Yards
kalshi        49.5%    0.0%   99.0%          0          0 NFL     Mike Evans: 19,000+ Receiving Yards
kalshi        49.5%    0.0%   99.0%          0          0 NFL     Mike Evans: 20,000+ Receiving Yards
kalshi        49.5%    0.0%   99.0%          0          0 NFL     Mike Evans: 21,000+ Receiving Yards
kalshi        49.5%    0.0%   99.0%          0          0 NFL     Mike Evans: 22,000+ Receiving Yards
kalshi        49.5%    0.0%   99.0%          0          0 NFL     Mike Evans: 22,896+ Receiving Yards
kalshi        96.5%   94.0%   99.0%          0          0 NFL     Patrick Mahomes: 40,000+ Passing Yards
kalshi        87.0%   83.0%   91.0%          0          0 NFL     Patrick Mahomes: 50,000+ Passing Yards
kalshi        63.0%   59.0%   67.0%          0          0 NFL     Patrick Mahomes: 60,000+ Passing Yards
kalshi        38.0%   34.0%   42.0%          0          0 NFL     Patrick Mahomes: 70,000+ Passing Yards
kalshi        16.0%   12.0%   20.0%          0          0 NFL     Patrick Mahomes: 80,000+ Passing Yards
kalshi         5.0%    1.0%    9.0%          0          0 NFL     Patrick Mahomes: 89,215+ Passing Yards
kalshi        49.5%    0.0%   99.0%          0          0 NFL     Josh Allen: 35,000+ Passing Yards
kalshi        49.5%    0.0%   99.0%          0          0 NFL     Josh Allen: 40,000+ Passing Yards
kalshi        49.5%    0.0%   99.0%          0          0 NFL     Josh Allen: 50,000+ Passing Yards
kalshi        49.5%    0.0%   99.0%          0          0 NFL     Josh Allen: 60,000+ Passing Yards
kalshi        49.5%    0.0%   99.0%          0          0 NFL     Josh Allen: 70,000+ Passing Yards
RUNNER LIVE MARKET SCOUT — Kalshi + Polymarket
Updated: 2026-09-29T15:25:56.300Z | persisted market events=39662 price events=39662
kalshi:UP 772ms
------------------------------------------------------------------------------------------------------------------------
PROVIDER       PROB     BID     ASK        LIQ        VOL SPORT   MARKET
kalshi        82.5%   80.0%   85.0%          0        757         Will Kylian Mbappe score at least 30 goals in the World Cup 
kalshi        16.0%   15.0%   17.0%          0      2,800         Will Kylian Mbappe score at least 35 goals in the World Cup 
kalshi         4.0%    2.0%    6.0%          0      3,080         Will Kylian Mbappe score at least 40 goals in the World Cup 
kalshi        49.5%    0.0%   99.0%          0          0 NFL     Derrick Henry: 14,000+ Rushing Yards
kalshi        49.5%    0.0%   99.0%          0          0 NFL     Derrick Henry: 15,000+ Rushing Yards
kalshi        49.5%    0.0%   99.0%          0          0 NFL     Derrick Henry: 16,000+ Rushing Yards
kalshi        49.5%    0.0%   99.0%          0          0 NFL     Derrick Henry: 17,000+ Rushing Yards
kalshi        49.5%    0.0%   99.0%          0          0 NFL     Derrick Henry: 18,000+ Rushing Yards
kalshi        78.5%   60.0%   97.0%          0          4 NFL     Derrick Henry: 18,356+ Rushing Yards
kalshi        49.5%    0.0%   99.0%          0          0 NFL     Mike Evans: 14,000+ Receiving Yards
kalshi        49.5%    0.0%   99.0%          0          0 NFL     Mike Evans: 15,000+ Receiving Yards
kalshi        49.5%    0.0%   99.0%          0          0 NFL     Mike Evans: 16,000+ Receiving Yards
kalshi        49.5%    0.0%   99.0%          0          0 NFL     Mike Evans: 17,000+ Receiving Yards
kalshi        49.5%    0.0%   99.0%          0          0 NFL     Mike Evans: 18,000+ Receiving Yards
kalshi        49.5%    0.0%   99.0%          0          0 NFL     Mike Evans: 19,000+ Receiving Yards
kalshi        49.5%    0.0%   99.0%          0          0 NFL     Mike Evans: 20,000+ Receiving Yards
kalshi        49.5%    0.0%   99.0%          0          0 NFL     Mike Evans: 21,000+ Receiving Yards
kalshi        49.5%    0.0%   99.0%          0          0 NFL     Mike Evans: 22,000+ Receiving Yards
kalshi        49.5%    0.0%   99.0%          0          0 NFL     Mike Evans: 22,896+ Receiving Yards
kalshi        96.5%   94.0%   99.0%          0          0 NFL     Patrick Mahomes: 40,000+ Passing Yards
kalshi        87.0%   83.0%   91.0%          0          0 NFL     Patrick Mahomes: 50,000+ Passing Yards
kalshi        63.0%   59.0%   67.0%          0          0 NFL     Patrick Mahomes: 60,000+ Passing Yards
kalshi        38.0%   34.0%   42.0%          0          0 NFL     Patrick Mahomes: 70,000+ Passing Yards
kalshi        16.0%   12.0%   20.0%          0          0 NFL     Patrick Mahomes: 80,000+ Passing Yards
kalshi         5.0%    1.0%    9.0%          0          0 NFL     Patrick Mahomes: 89,215+ Passing Yards
kalshi        49.5%    0.0%   99.0%          0          0 NFL     Josh Allen: 35,000+ Passing Yards
kalshi        49.5%    0.0%   99.0%          0          0 NFL     Josh Allen: 40,000+ Passing Yards
kalshi        49.5%    0.0%   99.0%          0          0 NFL     Josh Allen: 50,000+ Passing Yards
kalshi        49.5%    0.0%   99.0%          0          0 NFL     Josh Allen: 60,000+ Passing Yards
kalshi        49.5%    0.0%   99.0%          0          0 NFL     Josh Allen: 70,000+ Passing Yards
RUNNER LIVE MARKET SCOUT — Kalshi + Polymarket
Updated: 2026-09-29T15:26:28.488Z | persisted market events=39662 price events=39662
kalshi:UP 877ms
------------------------------------------------------------------------------------------------------------------------
PROVIDER       PROB     BID     ASK        LIQ        VOL SPORT   MARKET
kalshi        82.5%   80.0%   85.0%          0        757         Will Kylian Mbappe score at least 30 goals in the World Cup 
kalshi        17.5%   15.0%   20.0%          0      2,800         Will Kylian Mbappe score at least 35 goals in the World Cup 
kalshi         4.0%    2.0%    6.0%          0      3,080         Will Kylian Mbappe score at least 40 goals in the World Cup 
kalshi        49.5%    0.0%   99.0%          0          0 NFL     Derrick Henry: 14,000+ Rushing Yards
kalshi        49.5%    0.0%   99.0%          0          0 NFL     Derrick Henry: 15,000+ Rushing Yards
kalshi        49.5%    0.0%   99.0%          0          0 NFL     Derrick Henry: 16,000+ Rushing Yards
kalshi        49.5%    0.0%   99.0%          0          0 NFL     Derrick Henry: 17,000+ Rushing Yards
kalshi        49.5%    0.0%   99.0%          0          0 NFL     Derrick Henry: 18,000+ Rushing Yards
kalshi        78.5%   60.0%   97.0%          0          4 NFL     Derrick Henry: 18,356+ Rushing Yards
kalshi        49.5%    0.0%   99.0%          0          0 NFL     Mike Evans: 14,000+ Receiving Yards
kalshi        49.5%    0.0%   99.0%          0          0 NFL     Mike Evans: 15,000+ Receiving Yards
kalshi        49.5%    0.0%   99.0%          0          0 NFL     Mike Evans: 16,000+ Receiving Yards
kalshi        49.5%    0.0%   99.0%          0          0 NFL     Mike Evans: 17,000+ Receiving Yards
kalshi        49.5%    0.0%   99.0%          0          0 NFL     Mike Evans: 18,000+ Receiving Yards
kalshi        49.5%    0.0%   99.0%          0          0 NFL     Mike Evans: 19,000+ Receiving Yards
kalshi        49.5%    0.0%   99.0%          0          0 NFL     Mike Evans: 20,000+ Receiving Yards
kalshi        49.5%    0.0%   99.0%          0          0 NFL     Mike Evans: 21,000+ Receiving Yards
kalshi        49.5%    0.0%   99.0%          0          0 NFL     Mike Evans: 22,000+ Receiving Yards
kalshi        49.5%    0.0%   99.0%          0          0 NFL     Mike Evans: 22,896+ Receiving Yards
kalshi        96.5%   94.0%   99.0%          0          0 NFL     Patrick Mahomes: 40,000+ Passing Yards
kalshi        87.0%   83.0%   91.0%          0          0 NFL     Patrick Mahomes: 50,000+ Passing Yards
kalshi        63.0%   59.0%   67.0%          0          0 NFL     Patrick Mahomes: 60,000+ Passing Yards
kalshi        38.0%   34.0%   42.0%          0          0 NFL     Patrick Mahomes: 70,000+ Passing Yards
kalshi        16.0%   12.0%   20.0%          0          0 NFL     Patrick Mahomes: 80,000+ Passing Yards
kalshi         5.0%    1.0%    9.0%          0          0 NFL     Patrick Mahomes: 89,215+ Passing Yards
kalshi        49.5%    0.0%   99.0%          0          0 NFL     Josh Allen: 35,000+ Passing Yards
kalshi        49.5%    0.0%   99.0%          0          0 NFL     Josh Allen: 40,000+ Passing Yards
kalshi        49.5%    0.0%   99.0%          0          0 NFL     Josh Allen: 50,000+ Passing Yards
kalshi        49.5%    0.0%   99.0%          0          0 NFL     Josh Allen: 60,000+ Passing Yards
kalshi        49.5%    0.0%   99.0%          0          0 NFL     Josh Allen: 70,000+ Passing Yards
RUNNER LIVE MARKET SCOUT — Kalshi + Polymarket
Updated: 2026-09-29T15:27:00.345Z | persisted market events=39662 price events=39662
kalshi:UP 695ms
------------------------------------------------------------------------------------------------------------------------
PROVIDER       PROB     BID     ASK        LIQ        VOL SPORT   MARKET
kalshi        82.5%   80.0%   85.0%          0        757         Will Kylian Mbappe score at least 30 goals in the World Cup 
kalshi        17.5%   15.0%   20.0%          0      2,800         Will Kylian Mbappe score at least 35 goals in the World Cup 
kalshi         4.0%    2.0%    6.0%          0      3,080         Will Kylian Mbappe score at least 40 goals in the World Cup 
kalshi        49.5%    0.0%   99.0%          0          0 NFL     Derrick Henry: 14,000+ Rushing Yards
kalshi        49.5%    0.0%   99.0%          0          0 NFL     Derrick Henry: 15,000+ Rushing Yards
kalshi        49.5%    0.0%   99.0%          0          0 NFL     Derrick Henry: 16,000+ Rushing Yards
kalshi        49.5%    0.0%   99.0%          0          0 NFL     Derrick Henry: 17,000+ Rushing Yards
kalshi        49.5%    0.0%   99.0%          0          0 NFL     Derrick Henry: 18,000+ Rushing Yards
kalshi        78.5%   60.0%   97.0%          0          4 NFL     Derrick Henry: 18,356+ Rushing Yards
kalshi        49.5%    0.0%   99.0%          0          0 NFL     Mike Evans: 14,000+ Receiving Yards
kalshi        49.5%    0.0%   99.0%          0          0 NFL     Mike Evans: 15,000+ Receiving Yards
kalshi        49.5%    0.0%   99.0%          0          0 NFL     Mike Evans: 16,000+ Receiving Yards
kalshi        49.5%    0.0%   99.0%          0          0 NFL     Mike Evans: 17,000+ Receiving Yards
kalshi        49.5%    0.0%   99.0%          0          0 NFL     Mike Evans: 18,000+ Receiving Yards
kalshi        49.5%    0.0%   99.0%          0          0 NFL     Mike Evans: 19,000+ Receiving Yards
kalshi        49.5%    0.0%   99.0%          0          0 NFL     Mike Evans: 20,000+ Receiving Yards
kalshi        49.5%    0.0%   99.0%          0          0 NFL     Mike Evans: 21,000+ Receiving Yards
kalshi        49.5%    0.0%   99.0%          0          0 NFL     Mike Evans: 22,000+ Receiving Yards
kalshi        49.5%    0.0%   99.0%          0          0 NFL     Mike Evans: 22,896+ Receiving Yards
kalshi        96.5%   94.0%   99.0%          0          0 NFL     Patrick Mahomes: 40,000+ Passing Yards
kalshi        87.0%   83.0%   91.0%          0          0 NFL     Patrick Mahomes: 50,000+ Passing Yards
kalshi        63.0%   59.0%   67.0%          0          0 NFL     Patrick Mahomes: 60,000+ Passing Yards
kalshi        38.0%   34.0%   42.0%          0          0 NFL     Patrick Mahomes: 70,000+ Passing Yards
kalshi        16.0%   12.0%   20.0%          0          0 NFL     Patrick Mahomes: 80,000+ Passing Yards
kalshi         5.0%    1.0%    9.0%          0          0 NFL     Patrick Mahomes: 89,215+ Passing Yards
kalshi        49.5%    0.0%   99.0%          0          0 NFL     Josh Allen: 35,000+ Passing Yards
kalshi        49.5%    0.0%   99.0%          0          0 NFL     Josh Allen: 40,000+ Passing Yards
kalshi        49.5%    0.0%   99.0%          0          0 NFL     Josh Allen: 50,000+ Passing Yards
kalshi        49.5%    0.0%   99.0%          0          0 NFL     Josh Allen: 60,000+ Passing Yards
kalshi        49.5%    0.0%   99.0%          0          0 NFL     Josh Allen: 70,000+ Passing Yards
RUNNER LIVE MARKET SCOUT — Kalshi + Polymarket
Updated: 2026-09-29T15:27:36.284Z | persisted market events=39662 price events=39662
kalshi:UP 2388ms
------------------------------------------------------------------------------------------------------------------------
PROVIDER       PROB     BID     ASK        LIQ        VOL SPORT   MARKET
kalshi        82.5%   80.0%   85.0%          0        757         Will Kylian Mbappe score at least 30 goals in the World Cup 
kalshi        16.0%   15.0%   17.0%          0      2,800         Will Kylian Mbappe score at least 35 goals in the World Cup 
kalshi         4.0%    2.0%    6.0%          0      3,080         Will Kylian Mbappe score at least 40 goals in the World Cup 
kalshi        49.5%    0.0%   99.0%          0          0 NFL     Derrick Henry: 14,000+ Rushing Yards
kalshi        49.5%    0.0%   99.0%          0          0 NFL     Derrick Henry: 15,000+ Rushing Yards
kalshi        49.5%    0.0%   99.0%          0          0 NFL     Derrick Henry: 16,000+ Rushing Yards
kalshi        49.5%    0.0%   99.0%          0          0 NFL     Derrick Henry: 17,000+ Rushing Yards
kalshi        49.5%    0.0%   99.0%          0          0 NFL     Derrick Henry: 18,000+ Rushing Yards
kalshi        78.5%   60.0%   97.0%          0          4 NFL     Derrick Henry: 18,356+ Rushing Yards
kalshi        49.5%    0.0%   99.0%          0          0 NFL     Mike Evans: 14,000+ Receiving Yards
kalshi        49.5%    0.0%   99.0%          0          0 NFL     Mike Evans: 15,000+ Receiving Yards
kalshi        49.5%    0.0%   99.0%          0          0 NFL     Mike Evans: 16,000+ Receiving Yards
kalshi        49.5%    0.0%   99.0%          0          0 NFL     Mike Evans: 17,000+ Receiving Yards
kalshi        49.5%    0.0%   99.0%          0          0 NFL     Mike Evans: 18,000+ Receiving Yards
kalshi        49.5%    0.0%   99.0%          0          0 NFL     Mike Evans: 19,000+ Receiving Yards
kalshi        49.5%    0.0%   99.0%          0          0 NFL     Mike Evans: 20,000+ Receiving Yards
kalshi        49.5%    0.0%   99.0%          0          0 NFL     Mike Evans: 21,000+ Receiving Yards
kalshi        49.5%    0.0%   99.0%          0          0 NFL     Mike Evans: 22,000+ Receiving Yards
kalshi        49.5%    0.0%   99.0%          0          0 NFL     Mike Evans: 22,896+ Receiving Yards
kalshi        96.5%   94.0%   99.0%          0          0 NFL     Patrick Mahomes: 40,000+ Passing Yards
kalshi        87.0%   83.0%   91.0%          0          0 NFL     Patrick Mahomes: 50,000+ Passing Yards
kalshi        63.0%   59.0%   67.0%          0          0 NFL     Patrick Mahomes: 60,000+ Passing Yards
kalshi        38.0%   34.0%   42.0%          0          0 NFL     Patrick Mahomes: 70,000+ Passing Yards
kalshi        16.0%   12.0%   20.0%          0          0 NFL     Patrick Mahomes: 80,000+ Passing Yards
kalshi         5.0%    1.0%    9.0%          0          0 NFL     Patrick Mahomes: 89,215+ Passing Yards
kalshi        49.5%    0.0%   99.0%          0          0 NFL     Josh Allen: 35,000+ Passing Yards
kalshi        49.5%    0.0%   99.0%          0          0 NFL     Josh Allen: 40,000+ Passing Yards
kalshi        49.5%    0.0%   99.0%          0          0 NFL     Josh Allen: 50,000+ Passing Yards
kalshi        49.5%    0.0%   99.0%          0          0 NFL     Josh Allen: 60,000+ Passing Yards
kalshi        49.5%    0.0%   99.0%          0          0 NFL     Josh Allen: 70,000+ Passing Yards
RUNNER LIVE MARKET SCOUT — Kalshi + Polymarket
Updated: 2026-09-29T15:28:08.850Z | persisted market events=39662 price events=39662
kalshi:UP 960ms
------------------------------------------------------------------------------------------------------------------------
PROVIDER       PROB     BID     ASK        LIQ        VOL SPORT   MARKET
kalshi        82.5%   80.0%   85.0%          0        757         Will Kylian Mbappe score at least 30 goals in the World Cup 
kalshi        17.5%   15.0%   20.0%          0      2,800         Will Kylian Mbappe score at least 35 goals in the World Cup 
kalshi         4.0%    2.0%    6.0%          0      3,080         Will Kylian Mbappe score at least 40 goals in the World Cup 
kalshi        49.5%    0.0%   99.0%          0          0 NFL     Derrick Henry: 14,000+ Rushing Yards
kalshi        49.5%    0.0%   99.0%          0          0 NFL     Derrick Henry: 15,000+ Rushing Yards
kalshi        49.5%    0.0%   99.0%          0          0 NFL     Derrick Henry: 16,000+ Rushing Yards
kalshi        49.5%    0.0%   99.0%          0          0 NFL     Derrick Henry: 17,000+ Rushing Yards
kalshi        49.5%    0.0%   99.0%          0          0 NFL     Derrick Henry: 18,000+ Rushing Yards
kalshi        78.5%   60.0%   97.0%          0          4 NFL     Derrick Henry: 18,356+ Rushing Yards
kalshi        49.5%    0.0%   99.0%          0          0 NFL     Mike Evans: 14,000+ Receiving Yards
kalshi        49.5%    0.0%   99.0%          0          0 NFL     Mike Evans: 15,000+ Receiving Yards
kalshi        49.5%    0.0%   99.0%          0          0 NFL     Mike Evans: 16,000+ Receiving Yards
kalshi        49.5%    0.0%   99.0%          0          0 NFL     Mike Evans: 17,000+ Receiving Yards
kalshi        49.5%    0.0%   99.0%          0          0 NFL     Mike Evans: 18,000+ Receiving Yards
kalshi        49.5%    0.0%   99.0%          0          0 NFL     Mike Evans: 19,000+ Receiving Yards
kalshi        49.5%    0.0%   99.0%          0          0 NFL     Mike Evans: 20,000+ Receiving Yards
kalshi        49.5%    0.0%   99.0%          0          0 NFL     Mike Evans: 21,000+ Receiving Yards
kalshi        49.5%    0.0%   99.0%          0          0 NFL     Mike Evans: 22,000+ Receiving Yards
kalshi        49.5%    0.0%   99.0%          0          0 NFL     Mike Evans: 22,896+ Receiving Yards
kalshi        96.5%   94.0%   99.0%          0          0 NFL     Patrick Mahomes: 40,000+ Passing Yards
kalshi        87.0%   83.0%   91.0%          0          0 NFL     Patrick Mahomes: 50,000+ Passing Yards
kalshi        63.0%   59.0%   67.0%          0          0 NFL     Patrick Mahomes: 60,000+ Passing Yards
kalshi        38.0%   34.0%   42.0%          0          0 NFL     Patrick Mahomes: 70,000+ Passing Yards
kalshi        16.0%   12.0%   20.0%          0          0 NFL     Patrick Mahomes: 80,000+ Passing Yards
kalshi         5.0%    1.0%    9.0%          0          0 NFL     Patrick Mahomes: 89,215+ Passing Yards
kalshi        49.5%    0.0%   99.0%          0          0 NFL     Josh Allen: 35,000+ Passing Yards
kalshi        49.5%    0.0%   99.0%          0          0 NFL     Josh Allen: 40,000+ Passing Yards
kalshi        49.5%    0.0%   99.0%          0          0 NFL     Josh Allen: 50,000+ Passing Yards
kalshi        49.5%    0.0%   99.0%          0          0 NFL     Josh Allen: 60,000+ Passing Yards
kalshi        49.5%    0.0%   99.0%          0          0 NFL     Josh Allen: 70,000+ Passing Yards
RUNNER LIVE MARKET SCOUT — Kalshi + Polymarket
Updated: 2026-09-29T15:28:47.746Z | persisted market events=39662 price events=39662
kalshi:UP 7670ms
------------------------------------------------------------------------------------------------------------------------
PROVIDER       PROB     BID     ASK        LIQ        VOL SPORT   MARKET
kalshi        82.5%   80.0%   85.0%          0        757         Will Kylian Mbappe score at least 30 goals in the World Cup 
kalshi        17.5%   15.0%   20.0%          0      2,800         Will Kylian Mbappe score at least 35 goals in the World Cup 
kalshi         4.0%    2.0%    6.0%          0      3,080         Will Kylian Mbappe score at least 40 goals in the World Cup 
kalshi        49.5%    0.0%   99.0%          0          0 NFL     Derrick Henry: 14,000+ Rushing Yards
kalshi        49.5%    0.0%   99.0%          0          0 NFL     Derrick Henry: 15,000+ Rushing Yards
kalshi        49.5%    0.0%   99.0%          0          0 NFL     Derrick Henry: 16,000+ Rushing Yards
kalshi        49.5%    0.0%   99.0%          0          0 NFL     Derrick Henry: 17,000+ Rushing Yards
kalshi        49.5%    0.0%   99.0%          0          0 NFL     Derrick Henry: 18,000+ Rushing Yards
kalshi        78.5%   60.0%   97.0%          0          4 NFL     Derrick Henry: 18,356+ Rushing Yards
kalshi        49.5%    0.0%   99.0%          0          0 NFL     Mike Evans: 14,000+ Receiving Yards
kalshi        49.5%    0.0%   99.0%          0          0 NFL     Mike Evans: 15,000+ Receiving Yards
kalshi        49.5%    0.0%   99.0%          0          0 NFL     Mike Evans: 16,000+ Receiving Yards
kalshi        49.5%    0.0%   99.0%          0          0 NFL     Mike Evans: 17,000+ Receiving Yards
kalshi        49.5%    0.0%   99.0%          0          0 NFL     Mike Evans: 18,000+ Receiving Yards
kalshi        49.5%    0.0%   99.0%          0          0 NFL     Mike Evans: 19,000+ Receiving Yards
kalshi        49.5%    0.0%   99.0%          0          0 NFL     Mike Evans: 20,000+ Receiving Yards
kalshi        49.5%    0.0%   99.0%          0          0 NFL     Mike Evans: 21,000+ Receiving Yards
kalshi        49.5%    0.0%   99.0%          0          0 NFL     Mike Evans: 22,000+ Receiving Yards
kalshi        49.5%    0.0%   99.0%          0          0 NFL     Mike Evans: 22,896+ Receiving Yards
kalshi        96.5%   94.0%   99.0%          0          0 NFL     Patrick Mahomes: 40,000+ Passing Yards
kalshi        87.0%   83.0%   91.0%          0          0 NFL     Patrick Mahomes: 50,000+ Passing Yards
kalshi        63.0%   59.0%   67.0%          0          0 NFL     Patrick Mahomes: 60,000+ Passing Yards
kalshi        38.0%   34.0%   42.0%          0          0 NFL     Patrick Mahomes: 70,000+ Passing Yards
kalshi        16.0%   12.0%   20.0%          0          0 NFL     Patrick Mahomes: 80,000+ Passing Yards
kalshi         5.0%    1.0%    9.0%          0          0 NFL     Patrick Mahomes: 89,215+ Passing Yards
kalshi        49.5%    0.0%   99.0%          0          0 NFL     Josh Allen: 35,000+ Passing Yards
kalshi        49.5%    0.0%   99.0%          0          0 NFL     Josh Allen: 40,000+ Passing Yards
kalshi        49.5%    0.0%   99.0%          0          0 NFL     Josh Allen: 50,000+ Passing Yards
kalshi        49.5%    0.0%   99.0%          0          0 NFL     Josh Allen: 60,000+ Passing Yards
kalshi        49.5%    0.0%   99.0%          0          0 NFL     Josh Allen: 70,000+ Passing Yards
RUNNER LIVE MARKET SCOUT — Kalshi + Polymarket
Updated: 2026-09-29T15:29:19.806Z | persisted market events=39662 price events=39662
kalshi:UP 812ms
------------------------------------------------------------------------------------------------------------------------
PROVIDER       PROB     BID     ASK        LIQ        VOL SPORT   MARKET
kalshi        82.5%   80.0%   85.0%          0        757         Will Kylian Mbappe score at least 30 goals in the World Cup 
kalshi        16.0%   15.0%   17.0%          0      2,800         Will Kylian Mbappe score at least 35 goals in the World Cup 
kalshi         4.0%    2.0%    6.0%          0      3,080         Will Kylian Mbappe score at least 40 goals in the World Cup 
kalshi        49.5%    0.0%   99.0%          0          0 NFL     Derrick Henry: 14,000+ Rushing Yards
kalshi        49.5%    0.0%   99.0%          0          0 NFL     Derrick Henry: 15,000+ Rushing Yards
kalshi        49.5%    0.0%   99.0%          0          0 NFL     Derrick Henry: 16,000+ Rushing Yards
kalshi        49.5%    0.0%   99.0%          0          0 NFL     Derrick Henry: 17,000+ Rushing Yards
kalshi        49.5%    0.0%   99.0%          0          0 NFL     Derrick Henry: 18,000+ Rushing Yards
kalshi        78.5%   60.0%   97.0%          0          4 NFL     Derrick Henry: 18,356+ Rushing Yards
kalshi        49.5%    0.0%   99.0%          0          0 NFL     Mike Evans: 14,000+ Receiving Yards
kalshi        49.5%    0.0%   99.0%          0          0 NFL     Mike Evans: 15,000+ Receiving Yards
kalshi        49.5%    0.0%   99.0%          0          0 NFL     Mike Evans: 16,000+ Receiving Yards
kalshi        49.5%    0.0%   99.0%          0          0 NFL     Mike Evans: 17,000+ Receiving Yards
kalshi        49.5%    0.0%   99.0%          0          0 NFL     Mike Evans: 18,000+ Receiving Yards
kalshi        49.5%    0.0%   99.0%          0          0 NFL     Mike Evans: 19,000+ Receiving Yards
kalshi        49.5%    0.0%   99.0%          0          0 NFL     Mike Evans: 20,000+ Receiving Yards
kalshi        49.5%    0.0%   99.0%          0          0 NFL     Mike Evans: 21,000+ Receiving Yards
kalshi        49.5%    0.0%   99.0%          0          0 NFL     Mike Evans: 22,000+ Receiving Yards
kalshi        49.5%    0.0%   99.0%          0          0 NFL     Mike Evans: 22,896+ Receiving Yards
kalshi        96.5%   94.0%   99.0%          0          0 NFL     Patrick Mahomes: 40,000+ Passing Yards
kalshi        87.0%   83.0%   91.0%          0          0 NFL     Patrick Mahomes: 50,000+ Passing Yards
kalshi        63.0%   59.0%   67.0%          0          0 NFL     Patrick Mahomes: 60,000+ Passing Yards
kalshi        38.0%   34.0%   42.0%          0          0 NFL     Patrick Mahomes: 70,000+ Passing Yards
kalshi        16.0%   12.0%   20.0%          0          0 NFL     Patrick Mahomes: 80,000+ Passing Yards
kalshi         5.0%    1.0%    9.0%          0          0 NFL     Patrick Mahomes: 89,215+ Passing Yards
kalshi        49.5%    0.0%   99.0%          0          0 NFL     Josh Allen: 35,000+ Passing Yards
kalshi        49.5%    0.0%   99.0%          0          0 NFL     Josh Allen: 40,000+ Passing Yards
kalshi        49.5%    0.0%   99.0%          0          0 NFL     Josh Allen: 50,000+ Passing Yards
kalshi        49.5%    0.0%   99.0%          0          0 NFL     Josh Allen: 60,000+ Passing Yards
kalshi        49.5%    0.0%   99.0%          0          0 NFL     Josh Allen: 70,000+ Passing Yards
RUNNER LIVE MARKET SCOUT — Kalshi + Polymarket
Updated: 2026-09-29T15:29:52.004Z | persisted market events=39662 price events=39662
kalshi:UP 909ms
------------------------------------------------------------------------------------------------------------------------
PROVIDER       PROB     BID     ASK        LIQ        VOL SPORT   MARKET
kalshi        82.5%   80.0%   85.0%          0        757         Will Kylian Mbappe score at least 30 goals in the World Cup 
kalshi        17.5%   15.0%   20.0%          0      2,800         Will Kylian Mbappe score at least 35 goals in the World Cup 
kalshi         4.0%    2.0%    6.0%          0      3,080         Will Kylian Mbappe score at least 40 goals in the World Cup 
kalshi        49.5%    0.0%   99.0%          0          0 NFL     Derrick Henry: 14,000+ Rushing Yards
kalshi        49.5%    0.0%   99.0%          0          0 NFL     Derrick Henry: 15,000+ Rushing Yards
kalshi        49.5%    0.0%   99.0%          0          0 NFL     Derrick Henry: 16,000+ Rushing Yards
kalshi        49.5%    0.0%   99.0%          0          0 NFL     Derrick Henry: 17,000+ Rushing Yards
kalshi        49.5%    0.0%   99.0%          0          0 NFL     Derrick Henry: 18,000+ Rushing Yards
kalshi        78.5%   60.0%   97.0%          0          4 NFL     Derrick Henry: 18,356+ Rushing Yards
kalshi        49.5%    0.0%   99.0%          0          0 NFL     Mike Evans: 14,000+ Receiving Yards
kalshi        49.5%    0.0%   99.0%          0          0 NFL     Mike Evans: 15,000+ Receiving Yards
kalshi        49.5%    0.0%   99.0%          0          0 NFL     Mike Evans: 16,000+ Receiving Yards
kalshi        49.5%    0.0%   99.0%          0          0 NFL     Mike Evans: 17,000+ Receiving Yards
kalshi        49.5%    0.0%   99.0%          0          0 NFL     Mike Evans: 18,000+ Receiving Yards
kalshi        49.5%    0.0%   99.0%          0          0 NFL     Mike Evans: 19,000+ Receiving Yards
kalshi        49.5%    0.0%   99.0%          0          0 NFL     Mike Evans: 20,000+ Receiving Yards
kalshi        49.5%    0.0%   99.0%          0          0 NFL     Mike Evans: 21,000+ Receiving Yards
kalshi        49.5%    0.0%   99.0%          0          0 NFL     Mike Evans: 22,000+ Receiving Yards
kalshi        49.5%    0.0%   99.0%          0          0 NFL     Mike Evans: 22,896+ Receiving Yards
kalshi        96.5%   94.0%   99.0%          0          0 NFL     Patrick Mahomes: 40,000+ Passing Yards
kalshi        87.0%   83.0%   91.0%          0          0 NFL     Patrick Mahomes: 50,000+ Passing Yards
kalshi        63.0%   59.0%   67.0%          0          0 NFL     Patrick Mahomes: 60,000+ Passing Yards
kalshi        38.0%   34.0%   42.0%          0          0 NFL     Patrick Mahomes: 70,000+ Passing Yards
kalshi        16.0%   12.0%   20.0%          0          0 NFL     Patrick Mahomes: 80,000+ Passing Yards
kalshi         5.0%    1.0%    9.0%          0          0 NFL     Patrick Mahomes: 89,215+ Passing Yards
kalshi        49.5%    0.0%   99.0%          0          0 NFL     Josh Allen: 35,000+ Passing Yards
kalshi        49.5%    0.0%   99.0%          0          0 NFL     Josh Allen: 40,000+ Passing Yards
kalshi        49.5%    0.0%   99.0%          0          0 NFL     Josh Allen: 50,000+ Passing Yards
kalshi        49.5%    0.0%   99.0%          0          0 NFL     Josh Allen: 60,000+ Passing Yards
kalshi        49.5%    0.0%   99.0%          0          0 NFL     Josh Allen: 70,000+ Passing Yards
RUNNER LIVE MARKET SCOUT — Kalshi + Polymarket
Updated: 2026-09-29T15:30:24.510Z | persisted market events=39662 price events=39662
kalshi:UP 1183ms
------------------------------------------------------------------------------------------------------------------------
PROVIDER       PROB     BID     ASK        LIQ        VOL SPORT   MARKET
kalshi        82.5%   80.0%   85.0%          0        757         Will Kylian Mbappe score at least 30 goals in the World Cup 
kalshi        16.0%   15.0%   17.0%          0      2,800         Will Kylian Mbappe score at least 35 goals in the World Cup 
kalshi         4.0%    2.0%    6.0%          0      3,080         Will Kylian Mbappe score at least 40 goals in the World Cup 
kalshi        49.5%    0.0%   99.0%          0          0 NFL     Derrick Henry: 14,000+ Rushing Yards
kalshi        49.5%    0.0%   99.0%          0          0 NFL     Derrick Henry: 15,000+ Rushing Yards
kalshi        49.5%    0.0%   99.0%          0          0 NFL     Derrick Henry: 16,000+ Rushing Yards
kalshi        49.5%    0.0%   99.0%          0          0 NFL     Derrick Henry: 17,000+ Rushing Yards
kalshi        49.5%    0.0%   99.0%          0          0 NFL     Derrick Henry: 18,000+ Rushing Yards
kalshi        78.5%   60.0%   97.0%          0          4 NFL     Derrick Henry: 18,356+ Rushing Yards
kalshi        49.5%    0.0%   99.0%          0          0 NFL     Mike Evans: 14,000+ Receiving Yards
kalshi        49.5%    0.0%   99.0%          0          0 NFL     Mike Evans: 15,000+ Receiving Yards
kalshi        49.5%    0.0%   99.0%          0          0 NFL     Mike Evans: 16,000+ Receiving Yards
kalshi        49.5%    0.0%   99.0%          0          0 NFL     Mike Evans: 17,000+ Receiving Yards
kalshi        49.5%    0.0%   99.0%          0          0 NFL     Mike Evans: 18,000+ Receiving Yards
kalshi        49.5%    0.0%   99.0%          0          0 NFL     Mike Evans: 19,000+ Receiving Yards
kalshi        49.5%    0.0%   99.0%          0          0 NFL     Mike Evans: 20,000+ Receiving Yards
kalshi        49.5%    0.0%   99.0%          0          0 NFL     Mike Evans: 21,000+ Receiving Yards
kalshi        49.5%    0.0%   99.0%          0          0 NFL     Mike Evans: 22,000+ Receiving Yards
kalshi        49.5%    0.0%   99.0%          0          0 NFL     Mike Evans: 22,896+ Receiving Yards
kalshi        96.5%   94.0%   99.0%          0          0 NFL     Patrick Mahomes: 40,000+ Passing Yards
kalshi        87.0%   83.0%   91.0%          0          0 NFL     Patrick Mahomes: 50,000+ Passing Yards
kalshi        63.0%   59.0%   67.0%          0          0 NFL     Patrick Mahomes: 60,000+ Passing Yards
kalshi        38.0%   34.0%   42.0%          0          0 NFL     Patrick Mahomes: 70,000+ Passing Yards
kalshi        16.0%   12.0%   20.0%          0          0 NFL     Patrick Mahomes: 80,000+ Passing Yards
kalshi         5.0%    1.0%    9.0%          0          0 NFL     Patrick Mahomes: 89,215+ Passing Yards
kalshi        49.5%    0.0%   99.0%          0          0 NFL     Josh Allen: 35,000+ Passing Yards
kalshi        49.5%    0.0%   99.0%          0          0 NFL     Josh Allen: 40,000+ Passing Yards
kalshi        49.5%    0.0%   99.0%          0          0 NFL     Josh Allen: 50,000+ Passing Yards
kalshi        49.5%    0.0%   99.0%          0          0 NFL     Josh Allen: 60,000+ Passing Yards
kalshi        49.5%    0.0%   99.0%          0          0 NFL     Josh Allen: 70,000+ Passing Yards
{"ts":"2026-09-29T15:31:32.965Z","level":"error","message":"connector fetch failed","provider":"kalshi","error":"fetch failed"}
RUNNER LIVE MARKET SCOUT — Kalshi + Polymarket
Updated: 2026-09-29T15:31:34.652Z | persisted market events=39662 price events=39662
kalshi:DOWN 1183ms (fetch failed)
------------------------------------------------------------------------------------------------------------------------
PROVIDER       PROB     BID     ASK        LIQ        VOL SPORT   MARKET
kalshi        82.5%   80.0%   85.0%          0        757         Will Kylian Mbappe score at least 30 goals in the World Cup 
kalshi        16.0%   15.0%   17.0%          0      2,800         Will Kylian Mbappe score at least 35 goals in the World Cup 
kalshi         4.0%    2.0%    6.0%          0      3,080         Will Kylian Mbappe score at least 40 goals in the World Cup 
kalshi        49.5%    0.0%   99.0%          0          0 NFL     Derrick Henry: 14,000+ Rushing Yards
kalshi        49.5%    0.0%   99.0%          0          0 NFL     Derrick Henry: 15,000+ Rushing Yards
kalshi        49.5%    0.0%   99.0%          0          0 NFL     Derrick Henry: 16,000+ Rushing Yards
kalshi        49.5%    0.0%   99.0%          0          0 NFL     Derrick Henry: 17,000+ Rushing Yards
kalshi        49.5%    0.0%   99.0%          0          0 NFL     Derrick Henry: 18,000+ Rushing Yards
kalshi        78.5%   60.0%   97.0%          0          4 NFL     Derrick Henry: 18,356+ Rushing Yards
kalshi        49.5%    0.0%   99.0%          0          0 NFL     Mike Evans: 14,000+ Receiving Yards
kalshi        49.5%    0.0%   99.0%          0          0 NFL     Mike Evans: 15,000+ Receiving Yards
kalshi        49.5%    0.0%   99.0%          0          0 NFL     Mike Evans: 16,000+ Receiving Yards
kalshi        49.5%    0.0%   99.0%          0          0 NFL     Mike Evans: 17,000+ Receiving Yards
kalshi        49.5%    0.0%   99.0%          0          0 NFL     Mike Evans: 18,000+ Receiving Yards
kalshi        49.5%    0.0%   99.0%          0          0 NFL     Mike Evans: 19,000+ Receiving Yards
kalshi        49.5%    0.0%   99.0%          0          0 NFL     Mike Evans: 20,000+ Receiving Yards
kalshi        49.5%    0.0%   99.0%          0          0 NFL     Mike Evans: 21,000+ Receiving Yards
kalshi        49.5%    0.0%   99.0%          0          0 NFL     Mike Evans: 22,000+ Receiving Yards
kalshi        49.5%    0.0%   99.0%          0          0 NFL     Mike Evans: 22,896+ Receiving Yards
kalshi        96.5%   94.0%   99.0%          0          0 NFL     Patrick Mahomes: 40,000+ Passing Yards
kalshi        87.0%   83.0%   91.0%          0          0 NFL     Patrick Mahomes: 50,000+ Passing Yards
kalshi        63.0%   59.0%   67.0%          0          0 NFL     Patrick Mahomes: 60,000+ Passing Yards
kalshi        38.0%   34.0%   42.0%          0          0 NFL     Patrick Mahomes: 70,000+ Passing Yards
kalshi        16.0%   12.0%   20.0%          0          0 NFL     Patrick Mahomes: 80,000+ Passing Yards
kalshi         5.0%    1.0%    9.0%          0          0 NFL     Patrick Mahomes: 89,215+ Passing Yards
kalshi        49.5%    0.0%   99.0%          0          0 NFL     Josh Allen: 35,000+ Passing Yards
kalshi        49.5%    0.0%   99.0%          0          0 NFL     Josh Allen: 40,000+ Passing Yards
kalshi        49.5%    0.0%   99.0%          0          0 NFL     Josh Allen: 50,000+ Passing Yards
kalshi        49.5%    0.0%   99.0%          0          0 NFL     Josh Allen: 60,000+ Passing Yards
kalshi        49.5%    0.0%   99.0%          0          0 NFL     Josh Allen: 70,000+ Passing Yards
RUNNER LIVE MARKET SCOUT — Kalshi + Polymarket
Updated: 2026-09-29T15:32:07.007Z | persisted market events=39662 price events=39662
kalshi:UP 842ms
------------------------------------------------------------------------------------------------------------------------
PROVIDER       PROB     BID     ASK        LIQ        VOL SPORT   MARKET
kalshi        82.5%   80.0%   85.0%          0        757         Will Kylian Mbappe score at least 30 goals in the World Cup 
kalshi        16.0%   15.0%   17.0%          0      2,800         Will Kylian Mbappe score at least 35 goals in the World Cup 
kalshi         4.0%    2.0%    6.0%          0      3,080         Will Kylian Mbappe score at least 40 goals in the World Cup 
kalshi        49.5%    0.0%   99.0%          0          0 NFL     Derrick Henry: 14,000+ Rushing Yards
kalshi        49.5%    0.0%   99.0%          0          0 NFL     Derrick Henry: 15,000+ Rushing Yards
kalshi        49.5%    0.0%   99.0%          0          0 NFL     Derrick Henry: 16,000+ Rushing Yards
kalshi        49.5%    0.0%   99.0%          0          0 NFL     Derrick Henry: 17,000+ Rushing Yards
kalshi        49.5%    0.0%   99.0%          0          0 NFL     Derrick Henry: 18,000+ Rushing Yards
kalshi        78.5%   60.0%   97.0%          0          4 NFL     Derrick Henry: 18,356+ Rushing Yards
kalshi        49.5%    0.0%   99.0%          0          0 NFL     Mike Evans: 14,000+ Receiving Yards
kalshi        49.5%    0.0%   99.0%          0          0 NFL     Mike Evans: 15,000+ Receiving Yards
kalshi        49.5%    0.0%   99.0%          0          0 NFL     Mike Evans: 16,000+ Receiving Yards
kalshi        49.5%    0.0%   99.0%          0          0 NFL     Mike Evans: 17,000+ Receiving Yards
kalshi        49.5%    0.0%   99.0%          0          0 NFL     Mike Evans: 18,000+ Receiving Yards
kalshi        49.5%    0.0%   99.0%          0          0 NFL     Mike Evans: 19,000+ Receiving Yards
kalshi        49.5%    0.0%   99.0%          0          0 NFL     Mike Evans: 20,000+ Receiving Yards
kalshi        49.5%    0.0%   99.0%          0          0 NFL     Mike Evans: 21,000+ Receiving Yards
kalshi        49.5%    0.0%   99.0%          0          0 NFL     Mike Evans: 22,000+ Receiving Yards
kalshi        49.5%    0.0%   99.0%          0          0 NFL     Mike Evans: 22,896+ Receiving Yards
kalshi        96.5%   94.0%   99.0%          0          0 NFL     Patrick Mahomes: 40,000+ Passing Yards
kalshi        87.0%   83.0%   91.0%          0          0 NFL     Patrick Mahomes: 50,000+ Passing Yards
kalshi        63.0%   59.0%   67.0%          0          0 NFL     Patrick Mahomes: 60,000+ Passing Yards
kalshi        38.0%   34.0%   42.0%          0          0 NFL     Patrick Mahomes: 70,000+ Passing Yards
kalshi        16.0%   12.0%   20.0%          0          0 NFL     Patrick Mahomes: 80,000+ Passing Yards
kalshi         5.0%    1.0%    9.0%          0          0 NFL     Patrick Mahomes: 89,215+ Passing Yards
kalshi        49.5%    0.0%   99.0%          0          0 NFL     Josh Allen: 35,000+ Passing Yards
kalshi        49.5%    0.0%   99.0%          0          0 NFL     Josh Allen: 40,000+ Passing Yards
kalshi        49.5%    0.0%   99.0%          0          0 NFL     Josh Allen: 50,000+ Passing Yards
kalshi        49.5%    0.0%   99.0%          0          0 NFL     Josh Allen: 60,000+ Passing Yards
kalshi        49.5%    0.0%   99.0%          0          0 NFL     Josh Allen: 70,000+ Passing Yards
RUNNER LIVE MARKET SCOUT — Kalshi + Polymarket
Updated: 2026-09-29T15:32:39.042Z | persisted market events=39663 price events=39663
kalshi:UP 722ms
------------------------------------------------------------------------------------------------------------------------
PROVIDER       PROB     BID     ASK        LIQ        VOL SPORT   MARKET
kalshi        82.5%   80.0%   85.0%          0        757         Will Kylian Mbappe score at least 30 goals in the World Cup 
kalshi        16.0%   15.0%   17.0%          0      2,800         Will Kylian Mbappe score at least 35 goals in the World Cup 
kalshi         4.0%    2.0%    6.0%          0      3,080         Will Kylian Mbappe score at least 40 goals in the World Cup 
kalshi        49.5%    0.0%   99.0%          0          0 NFL     Derrick Henry: 14,000+ Rushing Yards
kalshi        49.5%    0.0%   99.0%          0          0 NFL     Derrick Henry: 15,000+ Rushing Yards
kalshi        49.5%    0.0%   99.0%          0          0 NFL     Derrick Henry: 16,000+ Rushing Yards
kalshi        49.5%    0.0%   99.0%          0          0 NFL     Derrick Henry: 17,000+ Rushing Yards
kalshi        49.5%    0.0%   99.0%          0          0 NFL     Derrick Henry: 18,000+ Rushing Yards
kalshi        78.5%   60.0%   97.0%          0          4 NFL     Derrick Henry: 18,356+ Rushing Yards
kalshi        49.5%    0.0%   99.0%          0          0 NFL     Mike Evans: 14,000+ Receiving Yards
kalshi        49.5%    0.0%   99.0%          0          0 NFL     Mike Evans: 15,000+ Receiving Yards
kalshi        49.5%    0.0%   99.0%          0          0 NFL     Mike Evans: 16,000+ Receiving Yards
kalshi        49.5%    0.0%   99.0%          0          0 NFL     Mike Evans: 17,000+ Receiving Yards
kalshi        49.5%    0.0%   99.0%          0          0 NFL     Mike Evans: 18,000+ Receiving Yards
kalshi        49.5%    0.0%   99.0%          0          0 NFL     Mike Evans: 19,000+ Receiving Yards
kalshi        49.5%    0.0%   99.0%          0          0 NFL     Mike Evans: 20,000+ Receiving Yards
kalshi        49.5%    0.0%   99.0%          0          0 NFL     Mike Evans: 21,000+ Receiving Yards
kalshi        49.5%    0.0%   99.0%          0          0 NFL     Mike Evans: 22,000+ Receiving Yards
kalshi        49.5%    0.0%   99.0%          0          0 NFL     Mike Evans: 22,896+ Receiving Yards
kalshi        96.5%   94.0%   99.0%          0          0 NFL     Patrick Mahomes: 40,000+ Passing Yards
kalshi        87.0%   83.0%   91.0%          0          0 NFL     Patrick Mahomes: 50,000+ Passing Yards
kalshi        63.0%   59.0%   67.0%          0          0 NFL     Patrick Mahomes: 60,000+ Passing Yards
kalshi        38.0%   34.0%   42.0%          0          0 NFL     Patrick Mahomes: 70,000+ Passing Yards
kalshi        16.0%   12.0%   20.0%          0          0 NFL     Patrick Mahomes: 80,000+ Passing Yards
kalshi         5.0%    1.0%    9.0%          0          0 NFL     Patrick Mahomes: 89,215+ Passing Yards
kalshi        49.5%    0.0%   99.0%          0          0 NFL     Josh Allen: 35,000+ Passing Yards
kalshi        49.5%    0.0%   99.0%          0          0 NFL     Josh Allen: 40,000+ Passing Yards
kalshi        49.5%    0.0%   99.0%          0          0 NFL     Josh Allen: 50,000+ Passing Yards
kalshi        49.5%    0.0%   99.0%          0          0 NFL     Josh Allen: 60,000+ Passing Yards
kalshi        49.5%    0.0%   99.0%          0          0 NFL     Josh Allen: 70,000+ Passing Yards
RUNNER LIVE MARKET SCOUT — Kalshi + Polymarket
Updated: 2026-09-29T15:33:38.118Z | persisted market events=39665 price events=39665
kalshi:UP 3551ms
------------------------------------------------------------------------------------------------------------------------
PROVIDER       PROB     BID     ASK        LIQ        VOL SPORT   MARKET
kalshi        82.5%   80.0%   85.0%          0        757         Will Kylian Mbappe score at least 30 goals in the World Cup 
kalshi        17.5%   15.0%   20.0%          0      2,800         Will Kylian Mbappe score at least 35 goals in the World Cup 
kalshi         4.0%    2.0%    6.0%          0      3,080         Will Kylian Mbappe score at least 40 goals in the World Cup 
kalshi        49.5%    0.0%   99.0%          0          0 NFL     Derrick Henry: 14,000+ Rushing Yards
kalshi        49.5%    0.0%   99.0%          0          0 NFL     Derrick Henry: 15,000+ Rushing Yards
kalshi        49.5%    0.0%   99.0%          0          0 NFL     Derrick Henry: 16,000+ Rushing Yards
kalshi        49.5%    0.0%   99.0%          0          0 NFL     Derrick Henry: 17,000+ Rushing Yards
kalshi        49.5%    0.0%   99.0%          0          0 NFL     Derrick Henry: 18,000+ Rushing Yards
kalshi        78.5%   60.0%   97.0%          0          4 NFL     Derrick Henry: 18,356+ Rushing Yards
kalshi        49.5%    0.0%   99.0%          0          0 NFL     Mike Evans: 14,000+ Receiving Yards
kalshi        49.5%    0.0%   99.0%          0          0 NFL     Mike Evans: 15,000+ Receiving Yards
kalshi        49.5%    0.0%   99.0%          0          0 NFL     Mike Evans: 16,000+ Receiving Yards
kalshi        49.5%    0.0%   99.0%          0          0 NFL     Mike Evans: 17,000+ Receiving Yards
kalshi        49.5%    0.0%   99.0%          0          0 NFL     Mike Evans: 18,000+ Receiving Yards
kalshi        49.5%    0.0%   99.0%          0          0 NFL     Mike Evans: 19,000+ Receiving Yards
kalshi        49.5%    0.0%   99.0%          0          0 NFL     Mike Evans: 20,000+ Receiving Yards
kalshi        49.5%    0.0%   99.0%          0          0 NFL     Mike Evans: 21,000+ Receiving Yards
kalshi        49.5%    0.0%   99.0%          0          0 NFL     Mike Evans: 22,000+ Receiving Yards
kalshi        49.5%    0.0%   99.0%          0          0 NFL     Mike Evans: 22,896+ Receiving Yards
kalshi        96.5%   94.0%   99.0%          0          0 NFL     Patrick Mahomes: 40,000+ Passing Yards
kalshi        87.0%   83.0%   91.0%          0          0 NFL     Patrick Mahomes: 50,000+ Passing Yards
kalshi        63.0%   59.0%   67.0%          0          0 NFL     Patrick Mahomes: 60,000+ Passing Yards
kalshi        38.0%   34.0%   42.0%          0          0 NFL     Patrick Mahomes: 70,000+ Passing Yards
kalshi        16.0%   12.0%   20.0%          0          0 NFL     Patrick Mahomes: 80,000+ Passing Yards
kalshi         5.0%    1.0%    9.0%          0          0 NFL     Patrick Mahomes: 89,215+ Passing Yards
kalshi        49.5%    0.0%   99.0%          0          0 NFL     Josh Allen: 35,000+ Passing Yards
kalshi        49.5%    0.0%   99.0%          0          0 NFL     Josh Allen: 40,000+ Passing Yards
kalshi        49.5%    0.0%   99.0%          0          0 NFL     Josh Allen: 50,000+ Passing Yards
kalshi        49.5%    0.0%   99.0%          0          0 NFL     Josh Allen: 60,000+ Passing Yards
kalshi        49.5%    0.0%   99.0%          0          0 NFL     Josh Allen: 70,000+ Passing Yards
RUNNER LIVE MARKET SCOUT — Kalshi + Polymarket
Updated: 2026-09-29T15:34:10.551Z | persisted market events=39665 price events=39665
kalshi:UP 1120ms
------------------------------------------------------------------------------------------------------------------------
PROVIDER       PROB     BID     ASK        LIQ        VOL SPORT   MARKET
kalshi        82.5%   80.0%   85.0%          0        757         Will Kylian Mbappe score at least 30 goals in the World Cup 
kalshi        16.0%   15.0%   17.0%          0      2,800         Will Kylian Mbappe score at least 35 goals in the World Cup 
kalshi         4.0%    2.0%    6.0%          0      3,080         Will Kylian Mbappe score at least 40 goals in the World Cup 
kalshi        49.5%    0.0%   99.0%          0          0 NFL     Derrick Henry: 14,000+ Rushing Yards
kalshi        49.5%    0.0%   99.0%          0          0 NFL     Derrick Henry: 15,000+ Rushing Yards
kalshi        49.5%    0.0%   99.0%          0          0 NFL     Derrick Henry: 16,000+ Rushing Yards
kalshi        49.5%    0.0%   99.0%          0          0 NFL     Derrick Henry: 17,000+ Rushing Yards
kalshi        49.5%    0.0%   99.0%          0          0 NFL     Derrick Henry: 18,000+ Rushing Yards
kalshi        78.5%   60.0%   97.0%          0          4 NFL     Derrick Henry: 18,356+ Rushing Yards
kalshi        49.5%    0.0%   99.0%          0          0 NFL     Mike Evans: 14,000+ Receiving Yards
kalshi        49.5%    0.0%   99.0%          0          0 NFL     Mike Evans: 15,000+ Receiving Yards
kalshi        49.5%    0.0%   99.0%          0          0 NFL     Mike Evans: 16,000+ Receiving Yards
kalshi        49.5%    0.0%   99.0%          0          0 NFL     Mike Evans: 17,000+ Receiving Yards
kalshi        49.5%    0.0%   99.0%          0          0 NFL     Mike Evans: 18,000+ Receiving Yards
kalshi        49.5%    0.0%   99.0%          0          0 NFL     Mike Evans: 19,000+ Receiving Yards
kalshi        49.5%    0.0%   99.0%          0          0 NFL     Mike Evans: 20,000+ Receiving Yards
kalshi        49.5%    0.0%   99.0%          0          0 NFL     Mike Evans: 21,000+ Receiving Yards
kalshi        49.5%    0.0%   99.0%          0          0 NFL     Mike Evans: 22,000+ Receiving Yards
kalshi        49.5%    0.0%   99.0%          0          0 NFL     Mike Evans: 22,896+ Receiving Yards
kalshi        96.5%   94.0%   99.0%          0          0 NFL     Patrick Mahomes: 40,000+ Passing Yards
kalshi        87.0%   83.0%   91.0%          0          0 NFL     Patrick Mahomes: 50,000+ Passing Yards
kalshi        63.0%   59.0%   67.0%          0          0 NFL     Patrick Mahomes: 60,000+ Passing Yards
kalshi        38.0%   34.0%   42.0%          0          0 NFL     Patrick Mahomes: 70,000+ Passing Yards
kalshi        16.0%   12.0%   20.0%          0          0 NFL     Patrick Mahomes: 80,000+ Passing Yards
kalshi         5.0%    1.0%    9.0%          0          0 NFL     Patrick Mahomes: 89,215+ Passing Yards
kalshi        49.5%    0.0%   99.0%          0          0 NFL     Josh Allen: 35,000+ Passing Yards
kalshi        49.5%    0.0%   99.0%          0          0 NFL     Josh Allen: 40,000+ Passing Yards
kalshi        49.5%    0.0%   99.0%          0          0 NFL     Josh Allen: 50,000+ Passing Yards
kalshi        49.5%    0.0%   99.0%          0          0 NFL     Josh Allen: 60,000+ Passing Yards
kalshi        49.5%    0.0%   99.0%          0          0 NFL     Josh Allen: 70,000+ Passing Yards
RUNNER LIVE MARKET SCOUT — Kalshi + Polymarket
Updated: 2026-09-29T15:34:42.614Z | persisted market events=39665 price events=39665
kalshi:UP 855ms
------------------------------------------------------------------------------------------------------------------------
PROVIDER       PROB     BID     ASK        LIQ        VOL SPORT   MARKET
kalshi        82.5%   80.0%   85.0%          0        757         Will Kylian Mbappe score at least 30 goals in the World Cup 
kalshi        16.0%   15.0%   17.0%          0      2,800         Will Kylian Mbappe score at least 35 goals in the World Cup 
kalshi         4.0%    2.0%    6.0%          0      3,080         Will Kylian Mbappe score at least 40 goals in the World Cup 
kalshi        49.5%    0.0%   99.0%          0          0 NFL     Derrick Henry: 14,000+ Rushing Yards
kalshi        49.5%    0.0%   99.0%          0          0 NFL     Derrick Henry: 15,000+ Rushing Yards
kalshi        49.5%    0.0%   99.0%          0          0 NFL     Derrick Henry: 16,000+ Rushing Yards
kalshi        49.5%    0.0%   99.0%          0          0 NFL     Derrick Henry: 17,000+ Rushing Yards
kalshi        49.5%    0.0%   99.0%          0          0 NFL     Derrick Henry: 18,000+ Rushing Yards
kalshi        78.5%   60.0%   97.0%          0          4 NFL     Derrick Henry: 18,356+ Rushing Yards
kalshi        49.5%    0.0%   99.0%          0          0 NFL     Mike Evans: 14,000+ Receiving Yards
kalshi        49.5%    0.0%   99.0%          0          0 NFL     Mike Evans: 15,000+ Receiving Yards
kalshi        49.5%    0.0%   99.0%          0          0 NFL     Mike Evans: 16,000+ Receiving Yards
kalshi        49.5%    0.0%   99.0%          0          0 NFL     Mike Evans: 17,000+ Receiving Yards
kalshi        49.5%    0.0%   99.0%          0          0 NFL     Mike Evans: 18,000+ Receiving Yards
kalshi        49.5%    0.0%   99.0%          0          0 NFL     Mike Evans: 19,000+ Receiving Yards
kalshi        49.5%    0.0%   99.0%          0          0 NFL     Mike Evans: 20,000+ Receiving Yards
kalshi        49.5%    0.0%   99.0%          0          0 NFL     Mike Evans: 21,000+ Receiving Yards
kalshi        49.5%    0.0%   99.0%          0          0 NFL     Mike Evans: 22,000+ Receiving Yards
kalshi        49.5%    0.0%   99.0%          0          0 NFL     Mike Evans: 22,896+ Receiving Yards
kalshi        96.5%   94.0%   99.0%          0          0 NFL     Patrick Mahomes: 40,000+ Passing Yards
kalshi        87.0%   83.0%   91.0%          0          0 NFL     Patrick Mahomes: 50,000+ Passing Yards
kalshi        63.0%   59.0%   67.0%          0          0 NFL     Patrick Mahomes: 60,000+ Passing Yards
kalshi        38.0%   34.0%   42.0%          0          0 NFL     Patrick Mahomes: 70,000+ Passing Yards
kalshi        16.0%   12.0%   20.0%          0          0 NFL     Patrick Mahomes: 80,000+ Passing Yards
kalshi         5.0%    1.0%    9.0%          0          0 NFL     Patrick Mahomes: 89,215+ Passing Yards
kalshi        49.5%    0.0%   99.0%          0          0 NFL     Josh Allen: 35,000+ Passing Yards
kalshi        49.5%    0.0%   99.0%          0          0 NFL     Josh Allen: 40,000+ Passing Yards
kalshi        49.5%    0.0%   99.0%          0          0 NFL     Josh Allen: 50,000+ Passing Yards
kalshi        49.5%    0.0%   99.0%          0          0 NFL     Josh Allen: 60,000+ Passing Yards
kalshi        49.5%    0.0%   99.0%          0          0 NFL     Josh Allen: 70,000+ Passing Yards
RUNNER LIVE MARKET SCOUT — Kalshi + Polymarket
Updated: 2026-09-29T15:35:14.832Z | persisted market events=39665 price events=39665
kalshi:UP 872ms
------------------------------------------------------------------------------------------------------------------------
PROVIDER       PROB     BID     ASK        LIQ        VOL SPORT   MARKET
kalshi        82.5%   80.0%   85.0%          0        757         Will Kylian Mbappe score at least 30 goals in the World Cup 
kalshi        16.0%   15.0%   17.0%          0      2,800         Will Kylian Mbappe score at least 35 goals in the World Cup 
kalshi         4.0%    2.0%    6.0%          0      3,080         Will Kylian Mbappe score at least 40 goals in the World Cup 
kalshi        49.5%    0.0%   99.0%          0          0 NFL     Derrick Henry: 14,000+ Rushing Yards
kalshi        49.5%    0.0%   99.0%          0          0 NFL     Derrick Henry: 15,000+ Rushing Yards
kalshi        49.5%    0.0%   99.0%          0          0 NFL     Derrick Henry: 16,000+ Rushing Yards
kalshi        49.5%    0.0%   99.0%          0          0 NFL     Derrick Henry: 17,000+ Rushing Yards
kalshi        49.5%    0.0%   99.0%          0          0 NFL     Derrick Henry: 18,000+ Rushing Yards
kalshi        78.5%   60.0%   97.0%          0          4 NFL     Derrick Henry: 18,356+ Rushing Yards
kalshi        49.5%    0.0%   99.0%          0          0 NFL     Mike Evans: 14,000+ Receiving Yards
kalshi        49.5%    0.0%   99.0%          0          0 NFL     Mike Evans: 15,000+ Receiving Yards
kalshi        49.5%    0.0%   99.0%          0          0 NFL     Mike Evans: 16,000+ Receiving Yards
kalshi        49.5%    0.0%   99.0%          0          0 NFL     Mike Evans: 17,000+ Receiving Yards
kalshi        49.5%    0.0%   99.0%          0          0 NFL     Mike Evans: 18,000+ Receiving Yards
kalshi        49.5%    0.0%   99.0%          0          0 NFL     Mike Evans: 19,000+ Receiving Yards
kalshi        49.5%    0.0%   99.0%          0          0 NFL     Mike Evans: 20,000+ Receiving Yards
kalshi        49.5%    0.0%   99.0%          0          0 NFL     Mike Evans: 21,000+ Receiving Yards
kalshi        49.5%    0.0%   99.0%          0          0 NFL     Mike Evans: 22,000+ Receiving Yards
kalshi        49.5%    0.0%   99.0%          0          0 NFL     Mike Evans: 22,896+ Receiving Yards
kalshi        96.5%   94.0%   99.0%          0          0 NFL     Patrick Mahomes: 40,000+ Passing Yards
kalshi        87.0%   83.0%   91.0%          0          0 NFL     Patrick Mahomes: 50,000+ Passing Yards
kalshi        63.0%   59.0%   67.0%          0          0 NFL     Patrick Mahomes: 60,000+ Passing Yards
kalshi        38.0%   34.0%   42.0%          0          0 NFL     Patrick Mahomes: 70,000+ Passing Yards
kalshi        16.0%   12.0%   20.0%          0          0 NFL     Patrick Mahomes: 80,000+ Passing Yards
kalshi         5.0%    1.0%    9.0%          0          0 NFL     Patrick Mahomes: 89,215+ Passing Yards
kalshi        49.5%    0.0%   99.0%          0          0 NFL     Josh Allen: 35,000+ Passing Yards
kalshi        49.5%    0.0%   99.0%          0          0 NFL     Josh Allen: 40,000+ Passing Yards
kalshi        49.5%    0.0%   99.0%          0          0 NFL     Josh Allen: 50,000+ Passing Yards
kalshi        49.5%    0.0%   99.0%          0          0 NFL     Josh Allen: 60,000+ Passing Yards
kalshi        49.5%    0.0%   99.0%          0          0 NFL     Josh Allen: 70,000+ Passing Yards
RUNNER LIVE MARKET SCOUT — Kalshi + Polymarket
Updated: 2026-09-29T15:35:47.138Z | persisted market events=39665 price events=39665
kalshi:UP 1043ms
------------------------------------------------------------------------------------------------------------------------
PROVIDER       PROB     BID     ASK        LIQ        VOL SPORT   MARKET
kalshi        82.5%   80.0%   85.0%          0        757         Will Kylian Mbappe score at least 30 goals in the World Cup 
kalshi        16.0%   15.0%   17.0%          0      2,800         Will Kylian Mbappe score at least 35 goals in the World Cup 
kalshi         4.0%    2.0%    6.0%          0      3,080         Will Kylian Mbappe score at least 40 goals in the World Cup 
kalshi        49.5%    0.0%   99.0%          0          0 NFL     Derrick Henry: 14,000+ Rushing Yards
kalshi        49.5%    0.0%   99.0%          0          0 NFL     Derrick Henry: 15,000+ Rushing Yards
kalshi        49.5%    0.0%   99.0%          0          0 NFL     Derrick Henry: 16,000+ Rushing Yards
kalshi        49.5%    0.0%   99.0%          0          0 NFL     Derrick Henry: 17,000+ Rushing Yards
kalshi        49.5%    0.0%   99.0%          0          0 NFL     Derrick Henry: 18,000+ Rushing Yards
kalshi        78.5%   60.0%   97.0%          0          4 NFL     Derrick Henry: 18,356+ Rushing Yards
kalshi        49.5%    0.0%   99.0%          0          0 NFL     Mike Evans: 14,000+ Receiving Yards
kalshi        49.5%    0.0%   99.0%          0          0 NFL     Mike Evans: 15,000+ Receiving Yards
kalshi        49.5%    0.0%   99.0%          0          0 NFL     Mike Evans: 16,000+ Receiving Yards
kalshi        49.5%    0.0%   99.0%          0          0 NFL     Mike Evans: 17,000+ Receiving Yards
kalshi        49.5%    0.0%   99.0%          0          0 NFL     Mike Evans: 18,000+ Receiving Yards
kalshi        49.5%    0.0%   99.0%          0          0 NFL     Mike Evans: 19,000+ Receiving Yards
kalshi        49.5%    0.0%   99.0%          0          0 NFL     Mike Evans: 20,000+ Receiving Yards
kalshi        49.5%    0.0%   99.0%          0          0 NFL     Mike Evans: 21,000+ Receiving Yards
kalshi        49.5%    0.0%   99.0%          0          0 NFL     Mike Evans: 22,000+ Receiving Yards
kalshi        49.5%    0.0%   99.0%          0          0 NFL     Mike Evans: 22,896+ Receiving Yards
kalshi        96.5%   94.0%   99.0%          0          0 NFL     Patrick Mahomes: 40,000+ Passing Yards
kalshi        87.0%   83.0%   91.0%          0          0 NFL     Patrick Mahomes: 50,000+ Passing Yards
kalshi        63.0%   59.0%   67.0%          0          0 NFL     Patrick Mahomes: 60,000+ Passing Yards
kalshi        38.0%   34.0%   42.0%          0          0 NFL     Patrick Mahomes: 70,000+ Passing Yards
kalshi        16.0%   12.0%   20.0%          0          0 NFL     Patrick Mahomes: 80,000+ Passing Yards
kalshi         5.0%    1.0%    9.0%          0          0 NFL     Patrick Mahomes: 89,215+ Passing Yards
kalshi        49.5%    0.0%   99.0%          0          0 NFL     Josh Allen: 35,000+ Passing Yards
kalshi        49.5%    0.0%   99.0%          0          0 NFL     Josh Allen: 40,000+ Passing Yards
kalshi        49.5%    0.0%   99.0%          0          0 NFL     Josh Allen: 50,000+ Passing Yards
kalshi        49.5%    0.0%   99.0%          0          0 NFL     Josh Allen: 60,000+ Passing Yards
kalshi        49.5%    0.0%   99.0%          0          0 NFL     Josh Allen: 70,000+ Passing Yards
RUNNER LIVE MARKET SCOUT — Kalshi + Polymarket
Updated: 2026-09-29T15:36:18.796Z | persisted market events=39665 price events=39665
kalshi:UP 623ms
------------------------------------------------------------------------------------------------------------------------
PROVIDER       PROB     BID     ASK        LIQ        VOL SPORT   MARKET
kalshi        82.5%   80.0%   85.0%          0        757         Will Kylian Mbappe score at least 30 goals in the World Cup 
kalshi        17.5%   15.0%   20.0%          0      2,800         Will Kylian Mbappe score at least 35 goals in the World Cup 
kalshi         4.0%    2.0%    6.0%          0      3,080         Will Kylian Mbappe score at least 40 goals in the World Cup 
kalshi        49.5%    0.0%   99.0%          0          0 NFL     Derrick Henry: 14,000+ Rushing Yards
kalshi        49.5%    0.0%   99.0%          0          0 NFL     Derrick Henry: 15,000+ Rushing Yards
kalshi        49.5%    0.0%   99.0%          0          0 NFL     Derrick Henry: 16,000+ Rushing Yards
kalshi        49.5%    0.0%   99.0%          0          0 NFL     Derrick Henry: 17,000+ Rushing Yards
kalshi        49.5%    0.0%   99.0%          0          0 NFL     Derrick Henry: 18,000+ Rushing Yards
kalshi        78.5%   60.0%   97.0%          0          4 NFL     Derrick Henry: 18,356+ Rushing Yards
kalshi        49.5%    0.0%   99.0%          0          0 NFL     Mike Evans: 14,000+ Receiving Yards
kalshi        49.5%    0.0%   99.0%          0          0 NFL     Mike Evans: 15,000+ Receiving Yards
kalshi        49.5%    0.0%   99.0%          0          0 NFL     Mike Evans: 16,000+ Receiving Yards
kalshi        49.5%    0.0%   99.0%          0          0 NFL     Mike Evans: 17,000+ Receiving Yards
kalshi        49.5%    0.0%   99.0%          0          0 NFL     Mike Evans: 18,000+ Receiving Yards
kalshi        49.5%    0.0%   99.0%          0          0 NFL     Mike Evans: 19,000+ Receiving Yards
kalshi        49.5%    0.0%   99.0%          0          0 NFL     Mike Evans: 20,000+ Receiving Yards
kalshi        49.5%    0.0%   99.0%          0          0 NFL     Mike Evans: 21,000+ Receiving Yards
kalshi        49.5%    0.0%   99.0%          0          0 NFL     Mike Evans: 22,000+ Receiving Yards
kalshi        49.5%    0.0%   99.0%          0          0 NFL     Mike Evans: 22,896+ Receiving Yards
kalshi        96.5%   94.0%   99.0%          0          0 NFL     Patrick Mahomes: 40,000+ Passing Yards
kalshi        87.0%   83.0%   91.0%          0          0 NFL     Patrick Mahomes: 50,000+ Passing Yards
kalshi        63.0%   59.0%   67.0%          0          0 NFL     Patrick Mahomes: 60,000+ Passing Yards
kalshi        38.0%   34.0%   42.0%          0          0 NFL     Patrick Mahomes: 70,000+ Passing Yards
kalshi        16.0%   12.0%   20.0%          0          0 NFL     Patrick Mahomes: 80,000+ Passing Yards
kalshi         5.0%    1.0%    9.0%          0          0 NFL     Patrick Mahomes: 89,215+ Passing Yards
kalshi        49.5%    0.0%   99.0%          0          0 NFL     Josh Allen: 35,000+ Passing Yards
kalshi        49.5%    0.0%   99.0%          0          0 NFL     Josh Allen: 40,000+ Passing Yards
kalshi        49.5%    0.0%   99.0%          0          0 NFL     Josh Allen: 50,000+ Passing Yards
kalshi        49.5%    0.0%   99.0%          0          0 NFL     Josh Allen: 60,000+ Passing Yards
kalshi        49.5%    0.0%   99.0%          0          0 NFL     Josh Allen: 70,000+ Passing Yards
RUNNER LIVE MARKET SCOUT — Kalshi + Polymarket
Updated: 2026-09-29T15:36:50.261Z | persisted market events=39665 price events=39665
kalshi:UP 1020ms
------------------------------------------------------------------------------------------------------------------------
PROVIDER       PROB     BID     ASK        LIQ        VOL SPORT   MARKET
kalshi        82.5%   80.0%   85.0%          0        757         Will Kylian Mbappe score at least 30 goals in the World Cup 
kalshi        16.0%   15.0%   17.0%          0      2,800         Will Kylian Mbappe score at least 35 goals in the World Cup 
kalshi         4.0%    2.0%    6.0%          0      3,080         Will Kylian Mbappe score at least 40 goals in the World Cup 
kalshi        49.5%    0.0%   99.0%          0          0 NFL     Derrick Henry: 14,000+ Rushing Yards
kalshi        49.5%    0.0%   99.0%          0          0 NFL     Derrick Henry: 15,000+ Rushing Yards
kalshi        49.5%    0.0%   99.0%          0          0 NFL     Derrick Henry: 16,000+ Rushing Yards
kalshi        49.5%    0.0%   99.0%          0          0 NFL     Derrick Henry: 17,000+ Rushing Yards
kalshi        49.5%    0.0%   99.0%          0          0 NFL     Derrick Henry: 18,000+ Rushing Yards
kalshi        78.5%   60.0%   97.0%          0          4 NFL     Derrick Henry: 18,356+ Rushing Yards
kalshi        49.5%    0.0%   99.0%          0          0 NFL     Mike Evans: 14,000+ Receiving Yards
kalshi        49.5%    0.0%   99.0%          0          0 NFL     Mike Evans: 15,000+ Receiving Yards
kalshi        49.5%    0.0%   99.0%          0          0 NFL     Mike Evans: 16,000+ Receiving Yards
kalshi        49.5%    0.0%   99.0%          0          0 NFL     Mike Evans: 17,000+ Receiving Yards
kalshi        49.5%    0.0%   99.0%          0          0 NFL     Mike Evans: 18,000+ Receiving Yards
kalshi        49.5%    0.0%   99.0%          0          0 NFL     Mike Evans: 19,000+ Receiving Yards
kalshi        49.5%    0.0%   99.0%          0          0 NFL     Mike Evans: 20,000+ Receiving Yards
kalshi        49.5%    0.0%   99.0%          0          0 NFL     Mike Evans: 21,000+ Receiving Yards
kalshi        49.5%    0.0%   99.0%          0          0 NFL     Mike Evans: 22,000+ Receiving Yards
kalshi        49.5%    0.0%   99.0%          0          0 NFL     Mike Evans: 22,896+ Receiving Yards
kalshi        96.5%   94.0%   99.0%          0          0 NFL     Patrick Mahomes: 40,000+ Passing Yards
kalshi        87.0%   83.0%   91.0%          0          0 NFL     Patrick Mahomes: 50,000+ Passing Yards
kalshi        63.0%   59.0%   67.0%          0          0 NFL     Patrick Mahomes: 60,000+ Passing Yards
kalshi        38.0%   34.0%   42.0%          0          0 NFL     Patrick Mahomes: 70,000+ Passing Yards
kalshi        16.0%   12.0%   20.0%          0          0 NFL     Patrick Mahomes: 80,000+ Passing Yards
kalshi         5.0%    1.0%    9.0%          0          0 NFL     Patrick Mahomes: 89,215+ Passing Yards
kalshi        49.5%    0.0%   99.0%          0          0 NFL     Josh Allen: 35,000+ Passing Yards
kalshi        49.5%    0.0%   99.0%          0          0 NFL     Josh Allen: 40,000+ Passing Yards
kalshi        49.5%    0.0%   99.0%          0          0 NFL     Josh Allen: 50,000+ Passing Yards
kalshi        49.5%    0.0%   99.0%          0          0 NFL     Josh Allen: 60,000+ Passing Yards
kalshi        49.5%    0.0%   99.0%          0          0 NFL     Josh Allen: 70,000+ Passing Yards
RUNNER LIVE MARKET SCOUT — Kalshi + Polymarket
Updated: 2026-09-29T15:37:22.264Z | persisted market events=39665 price events=39665
kalshi:UP 1138ms
------------------------------------------------------------------------------------------------------------------------
PROVIDER       PROB     BID     ASK        LIQ        VOL SPORT   MARKET
kalshi        82.5%   80.0%   85.0%          0        757         Will Kylian Mbappe score at least 30 goals in the World Cup 
kalshi        16.0%   15.0%   17.0%          0      2,800         Will Kylian Mbappe score at least 35 goals in the World Cup 
kalshi         4.0%    2.0%    6.0%          0      3,080         Will Kylian Mbappe score at least 40 goals in the World Cup 
kalshi        49.5%    0.0%   99.0%          0          0 NFL     Derrick Henry: 14,000+ Rushing Yards
kalshi        49.5%    0.0%   99.0%          0          0 NFL     Derrick Henry: 15,000+ Rushing Yards
kalshi        49.5%    0.0%   99.0%          0          0 NFL     Derrick Henry: 16,000+ Rushing Yards
kalshi        49.5%    0.0%   99.0%          0          0 NFL     Derrick Henry: 17,000+ Rushing Yards
kalshi        49.5%    0.0%   99.0%          0          0 NFL     Derrick Henry: 18,000+ Rushing Yards
kalshi        78.5%   60.0%   97.0%          0          4 NFL     Derrick Henry: 18,356+ Rushing Yards
kalshi        49.5%    0.0%   99.0%          0          0 NFL     Mike Evans: 14,000+ Receiving Yards
kalshi        49.5%    0.0%   99.0%          0          0 NFL     Mike Evans: 15,000+ Receiving Yards
kalshi        49.5%    0.0%   99.0%          0          0 NFL     Mike Evans: 16,000+ Receiving Yards
kalshi        49.5%    0.0%   99.0%          0          0 NFL     Mike Evans: 17,000+ Receiving Yards
kalshi        49.5%    0.0%   99.0%          0          0 NFL     Mike Evans: 18,000+ Receiving Yards
kalshi        49.5%    0.0%   99.0%          0          0 NFL     Mike Evans: 19,000+ Receiving Yards
kalshi        49.5%    0.0%   99.0%          0          0 NFL     Mike Evans: 20,000+ Receiving Yards
kalshi        49.5%    0.0%   99.0%          0          0 NFL     Mike Evans: 21,000+ Receiving Yards
kalshi        49.5%    0.0%   99.0%          0          0 NFL     Mike Evans: 22,000+ Receiving Yards
kalshi        49.5%    0.0%   99.0%          0          0 NFL     Mike Evans: 22,896+ Receiving Yards
kalshi        96.5%   94.0%   99.0%          0          0 NFL     Patrick Mahomes: 40,000+ Passing Yards
kalshi        87.0%   83.0%   91.0%          0          0 NFL     Patrick Mahomes: 50,000+ Passing Yards
kalshi        63.0%   59.0%   67.0%          0          0 NFL     Patrick Mahomes: 60,000+ Passing Yards
kalshi        38.0%   34.0%   42.0%          0          0 NFL     Patrick Mahomes: 70,000+ Passing Yards
kalshi        16.0%   12.0%   20.0%          0          0 NFL     Patrick Mahomes: 80,000+ Passing Yards
kalshi         5.0%    1.0%    9.0%          0          0 NFL     Patrick Mahomes: 89,215+ Passing Yards
kalshi        49.5%    0.0%   99.0%          0          0 NFL     Josh Allen: 35,000+ Passing Yards
kalshi        49.5%    0.0%   99.0%          0          0 NFL     Josh Allen: 40,000+ Passing Yards
kalshi        49.5%    0.0%   99.0%          0          0 NFL     Josh Allen: 50,000+ Passing Yards
kalshi        49.5%    0.0%   99.0%          0          0 NFL     Josh Allen: 60,000+ Passing Yards
kalshi        49.5%    0.0%   99.0%          0          0 NFL     Josh Allen: 70,000+ Passing Yards
RUNNER LIVE MARKET SCOUT — Kalshi + Polymarket
Updated: 2026-09-29T15:37:53.670Z | persisted market events=39674 price events=39674
kalshi:UP 937ms
------------------------------------------------------------------------------------------------------------------------
PROVIDER       PROB     BID     ASK        LIQ        VOL SPORT   MARKET
kalshi        82.5%   80.0%   85.0%          0        757         Will Kylian Mbappe score at least 30 goals in the World Cup 
kalshi        17.5%   15.0%   20.0%          0      2,800         Will Kylian Mbappe score at least 35 goals in the World Cup 
kalshi         4.0%    2.0%    6.0%          0      3,080         Will Kylian Mbappe score at least 40 goals in the World Cup 
kalshi        49.5%    0.0%   99.0%          0          0 NFL     Derrick Henry: 14,000+ Rushing Yards
kalshi        49.5%    0.0%   99.0%          0          0 NFL     Derrick Henry: 15,000+ Rushing Yards
kalshi        49.5%    0.0%   99.0%          0          0 NFL     Derrick Henry: 16,000+ Rushing Yards
kalshi        49.5%    0.0%   99.0%          0          0 NFL     Derrick Henry: 17,000+ Rushing Yards
kalshi        49.5%    0.0%   99.0%          0          0 NFL     Derrick Henry: 18,000+ Rushing Yards
kalshi        78.5%   60.0%   97.0%          0          4 NFL     Derrick Henry: 18,356+ Rushing Yards
kalshi        49.5%    0.0%   99.0%          0          0 NFL     Mike Evans: 14,000+ Receiving Yards
kalshi        49.5%    0.0%   99.0%          0          0 NFL     Mike Evans: 15,000+ Receiving Yards
kalshi        49.5%    0.0%   99.0%          0          0 NFL     Mike Evans: 16,000+ Receiving Yards
kalshi        49.5%    0.0%   99.0%          0          0 NFL     Mike Evans: 17,000+ Receiving Yards
kalshi        49.5%    0.0%   99.0%          0          0 NFL     Mike Evans: 18,000+ Receiving Yards
kalshi        49.5%    0.0%   99.0%          0          0 NFL     Mike Evans: 19,000+ Receiving Yards
kalshi        49.5%    0.0%   99.0%          0          0 NFL     Mike Evans: 20,000+ Receiving Yards
kalshi        49.5%    0.0%   99.0%          0          0 NFL     Mike Evans: 21,000+ Receiving Yards
kalshi        49.5%    0.0%   99.0%          0          0 NFL     Mike Evans: 22,000+ Receiving Yards
kalshi        49.5%    0.0%   99.0%          0          0 NFL     Mike Evans: 22,896+ Receiving Yards
kalshi        49.5%    0.0%   99.0%          0          0 NFL     Patrick Mahomes: 40,000+ Passing Yards
kalshi        45.5%    0.0%   91.0%          0          0 NFL     Patrick Mahomes: 50,000+ Passing Yards
kalshi        33.5%    0.0%   67.0%          0          0 NFL     Patrick Mahomes: 60,000+ Passing Yards
kalshi        21.0%    0.0%   42.0%          0          0 NFL     Patrick Mahomes: 70,000+ Passing Yards
kalshi        10.0%    0.0%   20.0%          0          0 NFL     Patrick Mahomes: 80,000+ Passing Yards
kalshi         4.5%    0.0%    9.0%          0          0 NFL     Patrick Mahomes: 89,215+ Passing Yards
kalshi        49.5%    0.0%   99.0%          0          0 NFL     Josh Allen: 35,000+ Passing Yards
kalshi        49.5%    0.0%   99.0%          0          0 NFL     Josh Allen: 40,000+ Passing Yards
kalshi        49.5%    0.0%   99.0%          0          0 NFL     Josh Allen: 50,000+ Passing Yards
kalshi        49.5%    0.0%   99.0%          0          0 NFL     Josh Allen: 60,000+ Passing Yards
kalshi        49.5%    0.0%   99.0%          0          0 NFL     Josh Allen: 70,000+ Passing Yards
